"rumah_sakit","specialty","golongan","service_code","nama_layanan"
"Mitra Keluarga Bekasi Timur","KEBIDANAN & KANDUNGAN","KECIL","OBGD010003","Eksplorasi Robekan + Hecting"
"Mitra Keluarga Bekasi Timur","KEBIDANAN & KANDUNGAN","KECIL","OBGD010004","Ekstirpasi Mioma Geburt Kecil"
"Mitra Keluarga Bekasi Timur","KEBIDANAN & KANDUNGAN","KECIL","OBGD010006","Hidrotubasi/ Kromotubasi"
"Mitra Keluarga Bekasi Timur","KEBIDANAN & KANDUNGAN","KECIL","OBGD010056","Tubektomi Intra SC"
"Mitra Keluarga Bekasi Timur","KEBIDANAN & KANDUNGAN","KECIL","OBGD010061","Kuretase"
"Mitra Keluarga Bekasi Timur","KEBIDANAN & KANDUNGAN","KECIL","OBGD010062","Kuretase Sisa Konsepsi"
"Mitra Keluarga Bekasi Timur","KEBIDANAN & KANDUNGAN","KECIL","OBGD010064","Kuretase AUB/ Hiperplasia Endometrium"
"Mitra Keluarga Bekasi Timur","KEBIDANAN & KANDUNGAN","KECIL","OBGD010066","Aff Cerclage"
"Mitra Keluarga Bekasi Timur","KEBIDANAN & KANDUNGAN","KECIL","OBGD010073","Biopsi Portio"
"Mitra Keluarga Bekasi Timur","KEBIDANAN & KANDUNGAN","KECIL","OBGD010107","Colpotomy"
"Mitra Keluarga Bekasi Timur","KEBIDANAN & KANDUNGAN","KECIL","OBGD010108","Aff IUD dengan Anestesi"
"Mitra Keluarga Bekasi Timur","KEBIDANAN & KANDUNGAN","KECIL","OBGD010142","Himenektomi"
"Mitra Keluarga Bekasi Timur","KEBIDANAN & KANDUNGAN","KECIL","OBGD010144","Insisi Drainase Abses Bartolini"
"Mitra Keluarga Bekasi Timur","KEBIDANAN & KANDUNGAN","KECIL","OBGD010145","Kauterisasi Kondiloma"
"Mitra Keluarga Bekasi Timur","KEBIDANAN & KANDUNGAN","KECIL","OBGD010147","Ekstraksi dan Pasang IUD Bersama Operasi Lain"
"Mitra Keluarga Bekasi Timur","KEBIDANAN & KANDUNGAN","KECIL","OBGD010155","Management HPP"
"Mitra Keluarga Bekasi Timur","KEBIDANAN & KANDUNGAN","KECIL","OBGD010162","Douglas Pungsi"
"Mitra Keluarga Bekasi Timur","KEBIDANAN & KANDUNGAN","SEDANG 1","OBGD010001","Adhesiolisis Perlekatan Ringan"
"Mitra Keluarga Bekasi Timur","KEBIDANAN & KANDUNGAN","SEDANG 1","OBGD010002","Eksisi Biopsi Tumor Jinak Vulva"
"Mitra Keluarga Bekasi Timur","KEBIDANAN & KANDUNGAN","SEDANG 1","OBGD010005","Ekstirpasi Mioma Geburt Besar"
"Mitra Keluarga Bekasi Timur","KEBIDANAN & KANDUNGAN","SEDANG 1","OBGD010009","Hymenoplasty"
"Mitra Keluarga Bekasi Timur","KEBIDANAN & KANDUNGAN","SEDANG 1","OBGD010048","Operasi Kista Bartolini"
"Mitra Keluarga Bekasi Timur","KEBIDANAN & KANDUNGAN","SEDANG 1","OBGD010055","Pasang Cervical Cerclage/ Shirodkard/ McDonalds"
"Mitra Keluarga Bekasi Timur","KEBIDANAN & KANDUNGAN","SEDANG 1","OBGD010058","Repair Perineum + Eksisi Adhesi"
"Mitra Keluarga Bekasi Timur","KEBIDANAN & KANDUNGAN","SEDANG 1","OBGD010063","Kuretase Mola"
"Mitra Keluarga Bekasi Timur","KEBIDANAN & KANDUNGAN","SEDANG 1","OBGD010071","Re - Hecting Sedang"
"Mitra Keluarga Bekasi Timur","KEBIDANAN & KANDUNGAN","SEDANG 1","OBGD010074","Minilaparotomi (Polmeroy)"
"Mitra Keluarga Bekasi Timur","KEBIDANAN & KANDUNGAN","SEDANG 1","OBGD010078","Ekstirpasi Polip Serviks"
"Mitra Keluarga Bekasi Timur","KEBIDANAN & KANDUNGAN","SEDANG 1","OBGD010079","Repair Robekan Forniks"
"Mitra Keluarga Bekasi Timur","KEBIDANAN & KANDUNGAN","SEDANG 1","OBGD010111","Eksisi Kista Bartolini"
"Mitra Keluarga Bekasi Timur","KEBIDANAN & KANDUNGAN","SEDANG 1","OBGD010112","Eksplorasi Diagnostik dengan Narkose"
"Mitra Keluarga Bekasi Timur","KEBIDANAN & KANDUNGAN","SEDANG 1","OBGD010113","Ekstirpasi Tumor Vulva"
"Mitra Keluarga Bekasi Timur","KEBIDANAN & KANDUNGAN","SEDANG 1","OBGD010116","Kauterisasi Condiloma Akuminata Luas"
"Mitra Keluarga Bekasi Timur","KEBIDANAN & KANDUNGAN","SEDANG 1","OBGD010117","Kauterisasi Perineum"
"Mitra Keluarga Bekasi Timur","KEBIDANAN & KANDUNGAN","SEDANG 1","OBGD010133","Tubektomi Post Partum"
"Mitra Keluarga Bekasi Timur","KEBIDANAN & KANDUNGAN","SEDANG 1","OBGD010146","Kauterisasi Portio"
"Mitra Keluarga Bekasi Timur","KEBIDANAN & KANDUNGAN","SEDANG 1","OBGD010151","Repair Perineum Besar"
"Mitra Keluarga Bekasi Timur","KEBIDANAN & KANDUNGAN","SEDANG 1","OBGD010156","Hecting Ruptur Vagina"
"Mitra Keluarga Bekasi Timur","KEBIDANAN & KANDUNGAN","SEDANG 1","OBGD010157","Marsupialisasi Kista Bartolin"
"Mitra Keluarga Bekasi Timur","KEBIDANAN & KANDUNGAN","SEDANG 1","OBGD010158","Repair Perineum Sedang"
"Mitra Keluarga Bekasi Timur","KEBIDANAN & KANDUNGAN","SEDANG 1","OBGD010163","Ekstirpasi Kista Gardner"
"Mitra Keluarga Bekasi Timur","KEBIDANAN & KANDUNGAN","SEDANG 1","OBGD010168","Eksisi Tumor Jinak/ Kista Vagina"
"Mitra Keluarga Bekasi Timur","KEBIDANAN & KANDUNGAN","SEDANG 1","OBGD010181","Clitoral Hood Reduction"
"Mitra Keluarga Bekasi Timur","KEBIDANAN & KANDUNGAN","BESAR 1","OBGD010010","Kolporafi Anterior/ Posterior"
"Mitra Keluarga Bekasi Timur","KEBIDANAN & KANDUNGAN","BESAR 1","OBGD010012","Konisasi Serviks"
"Mitra Keluarga Bekasi Timur","KEBIDANAN & KANDUNGAN","BESAR 1","OBGD010013","Laparoskopi Diagnostik"
"Mitra Keluarga Bekasi Timur","KEBIDANAN & KANDUNGAN","BESAR 1","OBGD010028","Laparotomi B - Lynch"
"Mitra Keluarga Bekasi Timur","KEBIDANAN & KANDUNGAN","BESAR 1","OBGD010032","Laparotomi KET"
"Mitra Keluarga Bekasi Timur","KEBIDANAN & KANDUNGAN","BESAR 1","OBGD010033","Laparotomi Kistektomi Bilateral"
"Mitra Keluarga Bekasi Timur","KEBIDANAN & KANDUNGAN","BESAR 1","OBGD010034","Laparotomi Kistektomi Unilateral"
"Mitra Keluarga Bekasi Timur","KEBIDANAN & KANDUNGAN","BESAR 1","OBGD010038","Laparotomi Ooforektomi Unilateral"
"Mitra Keluarga Bekasi Timur","KEBIDANAN & KANDUNGAN","BESAR 1","OBGD010041","Laparotomi Salpingektomi"
"Mitra Keluarga Bekasi Timur","KEBIDANAN & KANDUNGAN","BESAR 1","OBGD010042","Laparotomi Salpingo Ooforektomi Unilateral"
"Mitra Keluarga Bekasi Timur","KEBIDANAN & KANDUNGAN","BESAR 1","OBGD010045","Laparotomi Translokasi IUD"
"Mitra Keluarga Bekasi Timur","KEBIDANAN & KANDUNGAN","BESAR 1","OBGD010046","Ligasi Arteri Hipogastrica"
"Mitra Keluarga Bekasi Timur","KEBIDANAN & KANDUNGAN","BESAR 1","OBGD010047","Ligasi Arteri Uterina"
"Mitra Keluarga Bekasi Timur","KEBIDANAN & KANDUNGAN","BESAR 1","OBGD010053","Tubektomi"
"Mitra Keluarga Bekasi Timur","KEBIDANAN & KANDUNGAN","BESAR 1","OBGD010054","Sectio Caesaria"
"Mitra Keluarga Bekasi Timur","KEBIDANAN & KANDUNGAN","BESAR 1","OBGD010072","Re - Hecting Besar"
"Mitra Keluarga Bekasi Timur","KEBIDANAN & KANDUNGAN","BESAR 1","OBGD010084","Laparoskopi Steril"
"Mitra Keluarga Bekasi Timur","KEBIDANAN & KANDUNGAN","BESAR 1","OBGD010098","Debridement"
"Mitra Keluarga Bekasi Timur","KEBIDANAN & KANDUNGAN","BESAR 1","OBGD010101","Labioplasty"
"Mitra Keluarga Bekasi Timur","KEBIDANAN & KANDUNGAN","BESAR 1","OBGD010102","Biopsi Jaringan pada Laparotomi Diagnostik"
"Mitra Keluarga Bekasi Timur","KEBIDANAN & KANDUNGAN","BESAR 1","OBGD010109","Amputasi Cervik/ Trakelektomi"
"Mitra Keluarga Bekasi Timur","KEBIDANAN & KANDUNGAN","BESAR 1","OBGD010135","Loop Electrosurgical Excision Procedure(LEEP)"
"Mitra Keluarga Bekasi Timur","KEBIDANAN & KANDUNGAN","BESAR 1","OBGD010160","Endometriektomi"
"Mitra Keluarga Bekasi Timur","KEBIDANAN & KANDUNGAN","BESAR 1","OBGD010173","Laparotomi Salpingostomi"
"Mitra Keluarga Bekasi Timur","KEBIDANAN & KANDUNGAN","BESAR 1","OBGD010204","Rehecting + Debridement"
"Mitra Keluarga Bekasi Timur","KEBIDANAN & KANDUNGAN","BESAR 2","OBGD010007","Histeroskopi Diagnostik"
"Mitra Keluarga Bekasi Timur","KEBIDANAN & KANDUNGAN","BESAR 2","OBGD010022","Laparoskopi Pungsi Kista"
"Mitra Keluarga Bekasi Timur","KEBIDANAN & KANDUNGAN","BESAR 2","OBGD010026","Laparoskopi Translokasi IUD"
"Mitra Keluarga Bekasi Timur","KEBIDANAN & KANDUNGAN","BESAR 2","OBGD010030","Laparotomi Histerektomi Subtotal/ Histerektomi Supravaginal (HSV)"
"Mitra Keluarga Bekasi Timur","KEBIDANAN & KANDUNGAN","BESAR 2","OBGD010031","Laparotomi Histerektomi Total"
"Mitra Keluarga Bekasi Timur","KEBIDANAN & KANDUNGAN","BESAR 2","OBGD010036","Laparotomi Miomektomi Tunggal"
"Mitra Keluarga Bekasi Timur","KEBIDANAN & KANDUNGAN","BESAR 2","OBGD010037","Laparotomi Ooforektomi Bilateral"
"Mitra Keluarga Bekasi Timur","KEBIDANAN & KANDUNGAN","BESAR 2","OBGD010039","Laparotomi Purandare"
"Mitra Keluarga Bekasi Timur","KEBIDANAN & KANDUNGAN","BESAR 2","OBGD010040","Laparotomi Reseksi Adenomiosis"
"Mitra Keluarga Bekasi Timur","KEBIDANAN & KANDUNGAN","BESAR 2","OBGD010043","Laparotomi Salpingo Ooforektomi Bilateral"
"Mitra Keluarga Bekasi Timur","KEBIDANAN & KANDUNGAN","BESAR 2","OBGD010051","Repair Fistula Simple"
"Mitra Keluarga Bekasi Timur","KEBIDANAN & KANDUNGAN","BESAR 2","OBGD010059","Sectio Caesaria (Gemeli)"
"Mitra Keluarga Bekasi Timur","KEBIDANAN & KANDUNGAN","BESAR 2","OBGD010060","Sectio Caesaria dengan Penyulit"
"Mitra Keluarga Bekasi Timur","KEBIDANAN & KANDUNGAN","BESAR 2","OBGD010067","Sectio Caesaria pada Bekas SC"
"Mitra Keluarga Bekasi Timur","KEBIDANAN & KANDUNGAN","BESAR 2","OBGD010069","Sectio Caesaria dengan Obesitas Morbid"
"Mitra Keluarga Bekasi Timur","KEBIDANAN & KANDUNGAN","BESAR 2","OBGD010099","Kolpakleisis"
"Mitra Keluarga Bekasi Timur","KEBIDANAN & KANDUNGAN","BESAR 2","OBGD010120","Laparotomi Kistektomi Bilateral dengan Penyulit"
"Mitra Keluarga Bekasi Timur","KEBIDANAN & KANDUNGAN","BESAR 2","OBGD010136","Laparotomi Histeroraphy"
"Mitra Keluarga Bekasi Timur","KEBIDANAN & KANDUNGAN","BESAR 2","OBGD010140","Laparotomi Ooforektomi Unilateral dengan Penyulit"
"Mitra Keluarga Bekasi Timur","KEBIDANAN & KANDUNGAN","BESAR 2","OBGD010154","Laparaskopi Patensi Tuba"
"Mitra Keluarga Bekasi Timur","KEBIDANAN & KANDUNGAN","BESAR 2","OBGD010170","Histerostomi"
"Mitra Keluarga Bekasi Timur","KEBIDANAN & KANDUNGAN","BESAR 2","OBGD010172","Adhesiolisis Perlengkatan Berat"
"Mitra Keluarga Bekasi Timur","KEBIDANAN & KANDUNGAN","BESAR 2","OBGD010182","Laparoskopi Transposisi Ovarium"
"Mitra Keluarga Bekasi Timur","KEBIDANAN & KANDUNGAN","KHUSUS 1","OBGD010008","Histeroskopi Operatif"
"Mitra Keluarga Bekasi Timur","KEBIDANAN & KANDUNGAN","KHUSUS 1","OBGD010011","Kolporafi Anterior + Posterior"
"Mitra Keluarga Bekasi Timur","KEBIDANAN & KANDUNGAN","KHUSUS 1","OBGD010014","Laparoskopi Histerektomi Total"
"Mitra Keluarga Bekasi Timur","KEBIDANAN & KANDUNGAN","KHUSUS 1","OBGD010016","Laparoskopi Kehamilan Ektopik"
"Mitra Keluarga Bekasi Timur","KEBIDANAN & KANDUNGAN","KHUSUS 1","OBGD010017","Laparoskopi Kistektomi"
"Mitra Keluarga Bekasi Timur","KEBIDANAN & KANDUNGAN","KHUSUS 1","OBGD010018","Laparoskopi Miomektomi"
"Mitra Keluarga Bekasi Timur","KEBIDANAN & KANDUNGAN","KHUSUS 1","OBGD010019","Laparoskopi Miomektomi Multiple Besar"
"Mitra Keluarga Bekasi Timur","KEBIDANAN & KANDUNGAN","KHUSUS 1","OBGD010020","Laparoskopi Ovarian Drilling"
"Mitra Keluarga Bekasi Timur","KEBIDANAN & KANDUNGAN","KHUSUS 1","OBGD010021","Laparoskopi Ooforektomi"
"Mitra Keluarga Bekasi Timur","KEBIDANAN & KANDUNGAN","KHUSUS 1","OBGD010023","Laparoskopi Reseksi Adenomiosis"
"Mitra Keluarga Bekasi Timur","KEBIDANAN & KANDUNGAN","KHUSUS 1","OBGD010024","Laparoskopi Salpingektomi"
"Mitra Keluarga Bekasi Timur","KEBIDANAN & KANDUNGAN","KHUSUS 1","OBGD010025","Laparoskopi Salpingotomi"
"Mitra Keluarga Bekasi Timur","KEBIDANAN & KANDUNGAN","KHUSUS 1","OBGD010027","Laparoskopi Tubektomi"
"Mitra Keluarga Bekasi Timur","KEBIDANAN & KANDUNGAN","KHUSUS 1","OBGD010029","Laparotomi Diagnostik"
"Mitra Keluarga Bekasi Timur","KEBIDANAN & KANDUNGAN","KHUSUS 1","OBGD010035","Laparotomi Miomektomi Multiple"
"Mitra Keluarga Bekasi Timur","KEBIDANAN & KANDUNGAN","KHUSUS 1","OBGD010050","Rekanalisasi Tuba"
"Mitra Keluarga Bekasi Timur","KEBIDANAN & KANDUNGAN","KHUSUS 1","OBGD010052","Repair Fistula Vesiko Vagina"
"Mitra Keluarga Bekasi Timur","KEBIDANAN & KANDUNGAN","KHUSUS 1","OBGD010057","Vaginal Histerektomi"
"Mitra Keluarga Bekasi Timur","KEBIDANAN & KANDUNGAN","KHUSUS 1","OBGD010068","Laparoskopi Operatif"
"Mitra Keluarga Bekasi Timur","KEBIDANAN & KANDUNGAN","KHUSUS 1","OBGD010075","Vaginoplasty"
"Mitra Keluarga Bekasi Timur","KEBIDANAN & KANDUNGAN","KHUSUS 1","OBGD010085","Repair Tuba/ Tuboplasty"
"Mitra Keluarga Bekasi Timur","KEBIDANAN & KANDUNGAN","KHUSUS 1","OBGD010097","Histerektomi dengan Salpingo Ooforektomi"
"Mitra Keluarga Bekasi Timur","KEBIDANAN & KANDUNGAN","KHUSUS 1","OBGD010100","Sacro Spinosum Fixation (SSF)"
"Mitra Keluarga Bekasi Timur","KEBIDANAN & KANDUNGAN","KHUSUS 1","OBGD010110","Bekas Sectio Caesaria (BSC) + B - Lynch"
"Mitra Keluarga Bekasi Timur","KEBIDANAN & KANDUNGAN","KHUSUS 1","OBGD010114","Hymenorafi"
"Mitra Keluarga Bekasi Timur","KEBIDANAN & KANDUNGAN","KHUSUS 1","OBGD010139","Laparoskopi Kistektomi dengan Penyulit"
"Mitra Keluarga Bekasi Timur","KEBIDANAN & KANDUNGAN","KHUSUS 1","OBGD010141","Laparoskopi Ooforektomi/ Salpingo Ooforektomi dengan Penyulit"
"Mitra Keluarga Bekasi Timur","KEBIDANAN & KANDUNGAN","KHUSUS 1","OBGD010148","Laparoskopi Miomektomi Tunggal dengan Penyulit"
"Mitra Keluarga Bekasi Timur","KEBIDANAN & KANDUNGAN","KHUSUS 1","OBGD010179","Laparoskopi Kistektomi Bilateral"
"Mitra Keluarga Bekasi Timur","KEBIDANAN & KANDUNGAN","KHUSUS 1","OBGD010180","Laparoskopi Adhesiolisis"
"Mitra Keluarga Bekasi Timur","KEBIDANAN & KANDUNGAN","KHUSUS 1","OBGD010183","LAVH (Laparoskopi Assisted Vaginal Histerektomi)"
"Mitra Keluarga Bekasi Timur","KEBIDANAN & KANDUNGAN","KHUSUS 1","OBGD010202","Histeroskopi Miomektomi"
"Mitra Keluarga Bekasi Timur","KEBIDANAN & KANDUNGAN","KHUSUS 1","OBGD010203","Laparotomi Transposisi Ovarium"
"Mitra Keluarga Bekasi Timur","KEBIDANAN & KANDUNGAN","KHUSUS 2","OBGD010015","Laparoskopi Histerektomi Radikal"
"Mitra Keluarga Bekasi Timur","KEBIDANAN & KANDUNGAN","KHUSUS 2","OBGD010044","Operasi Surgical Staging (Operasi Tumor Ganas)"
"Mitra Keluarga Bekasi Timur","KEBIDANAN & KANDUNGAN","KHUSUS 2","OBGD010082","Operasi Wertheim"
"Mitra Keluarga Bekasi Timur","KEBIDANAN & KANDUNGAN","KHUSUS 2","OBGD010083","Histerektomi Radikal"
"Mitra Keluarga Bekasi Timur","KEBIDANAN & KANDUNGAN","KHUSUS 2","OBGD010088","SCTPP dengan Histerektomi"
"Mitra Keluarga Bekasi Timur","KEBIDANAN & KANDUNGAN","KHUSUS 2","OBGD010105","Sectio Caesaria dengan Pendarahan Varises/ Placenta Site"
"Mitra Keluarga Bekasi Timur","KEBIDANAN & KANDUNGAN","KHUSUS 2","OBGD010119","Laparotomi Histerektomi Total + SOU/ SOB"
"Mitra Keluarga Bekasi Timur","KEBIDANAN & KANDUNGAN","KHUSUS 2","OBGD010132","Total Vaginal Histerektomi (TVH) + SOB"
"Mitra Keluarga Bekasi Timur","KEBIDANAN & KANDUNGAN","KHUSUS 2","OBGD010165","Radikal Vaginal Vulvektomi + PLND Inguinal Bilateral"
"Mitra Keluarga Bekasi Timur","KEBIDANAN & KANDUNGAN","KHUSUS 2","OBGD010166","Radikal Trakhelektomi + PLND"
"Mitra Keluarga Bekasi Timur","KEBIDANAN & KANDUNGAN","KHUSUS 2","OBGD010184","Eksenterasi Pelvis Radikal"
"Mitra Keluarga Bekasi Timur","KEBIDANAN & KANDUNGAN","KHUSUS 2","OBGD010185","Lateral Extended Parametrektomi"
"Mitra Keluarga Bekasi Timur","KEBIDANAN & KANDUNGAN","KHUSUS 2","OBGD010186","Relaparatomi Onkologi - Ginekologi"
"Mitra Keluarga Bekasi Timur","BEDAH UMUM","KECIL","BUMD010013","Drainase Abses Kecil"
"Mitra Keluarga Bekasi Timur","BEDAH UMUM","KECIL","BUMD010026","Eksisi Tumor Jinak Kecil"
"Mitra Keluarga Bekasi Timur","BEDAH UMUM","KECIL","BUMD010028","Eksisi Tumor Jinak Multiple Kecil"
"Mitra Keluarga Bekasi Timur","BEDAH UMUM","KECIL","BUMD010032","Eksisi Veruca"
"Mitra Keluarga Bekasi Timur","BEDAH UMUM","KECIL","BUMD010033","Eksplorasi dan Ekstraksi Corpus Alienum"
"Mitra Keluarga Bekasi Timur","BEDAH UMUM","KECIL","BUMD010034","Eksplorasi Luka"
"Mitra Keluarga Bekasi Timur","BEDAH UMUM","KECIL","BUMD010035","Ekstraksi Kuku"
"Mitra Keluarga Bekasi Timur","BEDAH UMUM","KECIL","BUMD010102","Roser Plasty"
"Mitra Keluarga Bekasi Timur","BEDAH UMUM","KECIL","BUMD010103","Sirkumsisi/ Dorsumsisi"
"Mitra Keluarga Bekasi Timur","BEDAH UMUM","KECIL","BUMD010117","Dilatasi/ Buginasi"
"Mitra Keluarga Bekasi Timur","BEDAH UMUM","KECIL","BUMD010128","Repair Luka"
"Mitra Keluarga Bekasi Timur","BEDAH UMUM","KECIL","BUMD010133","Eksisi Keloid"
"Mitra Keluarga Bekasi Timur","BEDAH UMUM","KECIL","BUMD010134","Reposisi Dislokasi Akut TMJ"
"Mitra Keluarga Bekasi Timur","BEDAH UMUM","KECIL","BUMD010135","Repair VL Kompleks Mukosa Bibir/ Rongga Mulut"
"Mitra Keluarga Bekasi Timur","BEDAH UMUM","KECIL","BUMD010163","Rektosigmoidoskopi"
"Mitra Keluarga Bekasi Timur","BEDAH UMUM","KECIL","BUMD010164","Hecting Luka Ringan"
"Mitra Keluarga Bekasi Timur","BEDAH UMUM","KECIL","BUMD010174","Ekstirpasi Kista Ateroma Tunggal"
"Mitra Keluarga Bekasi Timur","BEDAH UMUM","KECIL","BUMD010175","Lobuloplasti"
"Mitra Keluarga Bekasi Timur","BEDAH UMUM","KECIL","BUMD010187","Debridement Kecil"
"Mitra Keluarga Bekasi Timur","BEDAH UMUM","KECIL","BUMD010198","Reposisi Dislokasi Panggul"
"Mitra Keluarga Bekasi Timur","BEDAH UMUM","KECIL","BUMD010201","Aksess Vaskuler Central Bayi"
"Mitra Keluarga Bekasi Timur","BEDAH UMUM","KECIL","BUMD010224","Evakuasi Feces"
"Mitra Keluarga Bekasi Timur","BEDAH UMUM","KECIL","BUMD010226","Sklerotherapy Varises"
"Mitra Keluarga Bekasi Timur","BEDAH UMUM","KECIL","BUMD010263","Anuskopi"
"Mitra Keluarga Bekasi Timur","BEDAH UMUM","KECIL","BUMD010264","Eksisi Clavus Kecil/ Tunggal"
"Mitra Keluarga Bekasi Timur","BEDAH UMUM","KECIL","BUMD010268","Eksisi Lipoma"
"Mitra Keluarga Bekasi Timur","BEDAH UMUM","KECIL","BUMD010277","Businasi"
"Mitra Keluarga Bekasi Timur","BEDAH UMUM","KECIL","BUMD010297","Pemasangan Drain Vacum"
"Mitra Keluarga Bekasi Timur","BEDAH UMUM","KECIL","BUMD010302","Frenektomi pada Tongue Tie"
"Mitra Keluarga Bekasi Timur","BEDAH UMUM","KECIL","BUMD010305","PICC (Peripherally Inserted Central Catheter)"
"Mitra Keluarga Bekasi Timur","BEDAH UMUM","SEDANG 1","BUMD010001","Anal Fistulektomi"
"Mitra Keluarga Bekasi Timur","BEDAH UMUM","SEDANG 1","BUMD010003","Appendektomi"
"Mitra Keluarga Bekasi Timur","BEDAH UMUM","SEDANG 1","BUMD010004","Eksisi Biopsi"
"Mitra Keluarga Bekasi Timur","BEDAH UMUM","SEDANG 1","BUMD010007","Compartement Eksision"
"Mitra Keluarga Bekasi Timur","BEDAH UMUM","SEDANG 1","BUMD010012","Drainase Abses Besar"
"Mitra Keluarga Bekasi Timur","BEDAH UMUM","SEDANG 1","BUMD010014","Drainase Abses Perianal"
"Mitra Keluarga Bekasi Timur","BEDAH UMUM","SEDANG 1","BUMD010019","Eksisi Fam Single"
"Mitra Keluarga Bekasi Timur","BEDAH UMUM","SEDANG 1","BUMD010020","Eksisi Ganglion"
"Mitra Keluarga Bekasi Timur","BEDAH UMUM","SEDANG 1","BUMD010021","Eksisi Ginekomasti 1 Sisi"
"Mitra Keluarga Bekasi Timur","BEDAH UMUM","SEDANG 1","BUMD010022","Eksisi Hemangioma"
"Mitra Keluarga Bekasi Timur","BEDAH UMUM","SEDANG 1","BUMD010023","Eksisi Kista Duktus Tiroglossus"
"Mitra Keluarga Bekasi Timur","BEDAH UMUM","SEDANG 1","BUMD010024","Eksisi Limfangioma"
"Mitra Keluarga Bekasi Timur","BEDAH UMUM","SEDANG 1","BUMD010025","Eksisi Mammae Aberans 1 Sisi"
"Mitra Keluarga Bekasi Timur","BEDAH UMUM","SEDANG 1","BUMD010027","Eksisi Tumor Jinak Sedang"
"Mitra Keluarga Bekasi Timur","BEDAH UMUM","SEDANG 1","BUMD010029","Eksisi Tumor Jinak Multiple Sedang"
"Mitra Keluarga Bekasi Timur","BEDAH UMUM","SEDANG 1","BUMD010042","Hidrokelektomi"
"Mitra Keluarga Bekasi Timur","BEDAH UMUM","SEDANG 1","BUMD010057","Laparotomi Appendektomi"
"Mitra Keluarga Bekasi Timur","BEDAH UMUM","SEDANG 1","BUMD010074","Left Lateral Anal Sphincterotomy"
"Mitra Keluarga Bekasi Timur","BEDAH UMUM","SEDANG 1","BUMD010090","Pasang Thoraks Drain/ WSD 1 Sisi"
"Mitra Keluarga Bekasi Timur","BEDAH UMUM","SEDANG 1","BUMD010093","Pungsi Pleura - Torakosentesis"
"Mitra Keluarga Bekasi Timur","BEDAH UMUM","SEDANG 1","BUMD010105","Skin Graft Kecil"
"Mitra Keluarga Bekasi Timur","BEDAH UMUM","SEDANG 1","BUMD010110","Trakeostomi"
"Mitra Keluarga Bekasi Timur","BEDAH UMUM","SEDANG 1","BUMD010113","Vena Seksi"
"Mitra Keluarga Bekasi Timur","BEDAH UMUM","SEDANG 1","BUMD010118","Eksisi Burcitis"
"Mitra Keluarga Bekasi Timur","BEDAH UMUM","SEDANG 1","BUMD010121","Cytostomi"
"Mitra Keluarga Bekasi Timur","BEDAH UMUM","SEDANG 1","BUMD010123","Polydactily"
"Mitra Keluarga Bekasi Timur","BEDAH UMUM","SEDANG 1","BUMD010139","Amputasi Digiti pada Gangrene DM Pedis"
"Mitra Keluarga Bekasi Timur","BEDAH UMUM","SEDANG 1","BUMD010140","Eksisi Tumor Phylloides"
"Mitra Keluarga Bekasi Timur","BEDAH UMUM","SEDANG 1","BUMD010155","Tapping Pericardial Effusion"
"Mitra Keluarga Bekasi Timur","BEDAH UMUM","SEDANG 1","BUMD010167","Eksartikulasi Jari"
"Mitra Keluarga Bekasi Timur","BEDAH UMUM","SEDANG 1","BUMD010192","Hecting Luka Kompleks"
"Mitra Keluarga Bekasi Timur","BEDAH UMUM","SEDANG 1","BUMD010197","Amputasi Jari/ Repair Stump Finger Tip Injury"
"Mitra Keluarga Bekasi Timur","BEDAH UMUM","SEDANG 1","BUMD010199","Mediastinostomi"
"Mitra Keluarga Bekasi Timur","BEDAH UMUM","SEDANG 1","BUMD010200","Skleroterapi Hemoroid"
"Mitra Keluarga Bekasi Timur","BEDAH UMUM","SEDANG 1","BUMD010203","Polipektomi"
"Mitra Keluarga Bekasi Timur","BEDAH UMUM","SEDANG 1","BUMD010209","Biopsi Insisional"
"Mitra Keluarga Bekasi Timur","BEDAH UMUM","SEDANG 1","BUMD010210","Amputasi Minor"
"Mitra Keluarga Bekasi Timur","BEDAH UMUM","SEDANG 1","BUMD010235","Adhesiolisis Simple"
"Mitra Keluarga Bekasi Timur","BEDAH UMUM","SEDANG 1","BUMD010239","Hecting + Eksplorasi Luka Sedang"
"Mitra Keluarga Bekasi Timur","BEDAH UMUM","SEDANG 1","BUMD010253","Eksplorasi Corpus Alienum dengan Penyulit"
"Mitra Keluarga Bekasi Timur","BEDAH UMUM","SEDANG 1","BUMD010254","Trakeostomi dengan Penyulit (Obese, Oedema)"
"Mitra Keluarga Bekasi Timur","BEDAH UMUM","SEDANG 1","BUMD010278","Fasciotomy"
"Mitra Keluarga Bekasi Timur","BEDAH UMUM","SEDANG 1","BUMD010280","Eksisi Kista Bronchiogenic"
"Mitra Keluarga Bekasi Timur","BEDAH UMUM","SEDANG 1","BUMD010281","Eksisi dan Marsupialisasi Ranula"
"Mitra Keluarga Bekasi Timur","BEDAH UMUM","SEDANG 1","BUMD010292","Fisurektomi"
"Mitra Keluarga Bekasi Timur","BEDAH UMUM","SEDANG 1","BUMD010301","Eksisi Granuloma"
"Mitra Keluarga Bekasi Timur","BEDAH UMUM","SEDANG 1","BUMD010314","Debridement Sedang"
"Mitra Keluarga Bekasi Timur","BEDAH UMUM","BESAR 1","BUMD010002","Anal Fistulektomi Multiple"
"Mitra Keluarga Bekasi Timur","BEDAH UMUM","BESAR 1","BUMD010008","Debridement Besar"
"Mitra Keluarga Bekasi Timur","BEDAH UMUM","BESAR 1","BUMD010009","Debridement + Nekrotomi"
"Mitra Keluarga Bekasi Timur","BEDAH UMUM","BESAR 1","BUMD010018","Eksisi Fam Multiple"
"Mitra Keluarga Bekasi Timur","BEDAH UMUM","BESAR 1","BUMD010030","Eksisi Tumor Jinak Multiple Besar"
"Mitra Keluarga Bekasi Timur","BEDAH UMUM","BESAR 1","BUMD010040","Hemoroidektomi"
"Mitra Keluarga Bekasi Timur","BEDAH UMUM","BESAR 1","BUMD010043","Isthmo - Lobektomi Tiroid"
"Mitra Keluarga Bekasi Timur","BEDAH UMUM","BESAR 1","BUMD010047","Laparoskopi Appendektomi"
"Mitra Keluarga Bekasi Timur","BEDAH UMUM","BESAR 1","BUMD010048","Laparoskopi Diagnostik"
"Mitra Keluarga Bekasi Timur","BEDAH UMUM","BESAR 1","BUMD010075","Ligasi Tinggi"
"Mitra Keluarga Bekasi Timur","BEDAH UMUM","BESAR 1","BUMD010077","Lumpektomi"
"Mitra Keluarga Bekasi Timur","BEDAH UMUM","BESAR 1","BUMD010082","Mastektomi Subkutaneus"
"Mitra Keluarga Bekasi Timur","BEDAH UMUM","BESAR 1","BUMD010088","Pasang CAPD"
"Mitra Keluarga Bekasi Timur","BEDAH UMUM","BESAR 1","BUMD010094","Quadrantektomi"
"Mitra Keluarga Bekasi Timur","BEDAH UMUM","BESAR 1","BUMD010098","Repair Hernia Inguinal 1 Sisi"
"Mitra Keluarga Bekasi Timur","BEDAH UMUM","BESAR 1","BUMD010100","Repair Hernia Umbilikalis"
"Mitra Keluarga Bekasi Timur","BEDAH UMUM","BESAR 1","BUMD010104","Skin Graft Luas"
"Mitra Keluarga Bekasi Timur","BEDAH UMUM","BESAR 1","BUMD010106","Stapled Hemoroidopexy"
"Mitra Keluarga Bekasi Timur","BEDAH UMUM","BESAR 1","BUMD010107","Tiroidektomi Subtotal"
"Mitra Keluarga Bekasi Timur","BEDAH UMUM","BESAR 1","BUMD010112","Trombektomi"
"Mitra Keluarga Bekasi Timur","BEDAH UMUM","BESAR 1","BUMD010115","Wide Eksisi Soft Tissue Tumor"
"Mitra Keluarga Bekasi Timur","BEDAH UMUM","BESAR 1","BUMD010125","Orchidopexy"
"Mitra Keluarga Bekasi Timur","BEDAH UMUM","BESAR 1","BUMD010131","Eksisi Varises"
"Mitra Keluarga Bekasi Timur","BEDAH UMUM","BESAR 1","BUMD010132","Ligasi Komunikan Varises"
"Mitra Keluarga Bekasi Timur","BEDAH UMUM","BESAR 1","BUMD010151","Rekonstruksi Vaskuler Perifer"
"Mitra Keluarga Bekasi Timur","BEDAH UMUM","BESAR 1","BUMD010152","Amputasi Below Knee pada Gangrene DM Pedis"
"Mitra Keluarga Bekasi Timur","BEDAH UMUM","BESAR 1","BUMD010157","Appendektomi dengan Komplikasi"
"Mitra Keluarga Bekasi Timur","BEDAH UMUM","BESAR 1","BUMD010170","Sphinterectomi Ani"
"Mitra Keluarga Bekasi Timur","BEDAH UMUM","BESAR 1","BUMD010178","Gastrostomi Witzel"
"Mitra Keluarga Bekasi Timur","BEDAH UMUM","BESAR 1","BUMD010179","Herniotomi"
"Mitra Keluarga Bekasi Timur","BEDAH UMUM","BESAR 1","BUMD010186","Herniotomi + Mesh"
"Mitra Keluarga Bekasi Timur","BEDAH UMUM","BESAR 1","BUMD010215","Fistulektomi Metode Filac (Laser)"
"Mitra Keluarga Bekasi Timur","BEDAH UMUM","BESAR 1","BUMD010216","Orkhidektomi 1 Sisi"
"Mitra Keluarga Bekasi Timur","BEDAH UMUM","BESAR 1","BUMD010228","Repair Vl Wajah Kompleks"
"Mitra Keluarga Bekasi Timur","BEDAH UMUM","BESAR 1","BUMD010234","Adhesiolisis Kompleks"
"Mitra Keluarga Bekasi Timur","BEDAH UMUM","BESAR 1","BUMD010237","Eksisi Gynecomastia Bilateral/ 2 Sisi"
"Mitra Keluarga Bekasi Timur","BEDAH UMUM","BESAR 1","BUMD010240","Hecting + Eksplorasi Luka Besar"
"Mitra Keluarga Bekasi Timur","BEDAH UMUM","BESAR 1","BUMD010248","Tutup Kolostomi/ Ileostomi"
"Mitra Keluarga Bekasi Timur","BEDAH UMUM","BESAR 1","BUMD010249","Revision of Intestinal Stoma Not Otherwise"
"Mitra Keluarga Bekasi Timur","BEDAH UMUM","BESAR 1","BUMD010251","Ileostomi"
"Mitra Keluarga Bekasi Timur","BEDAH UMUM","BESAR 1","BUMD010252","Kolostomi"
"Mitra Keluarga Bekasi Timur","BEDAH UMUM","BESAR 1","BUMD010255","Biopsi Eksisi dengan Penyulit"
"Mitra Keluarga Bekasi Timur","BEDAH UMUM","BESAR 1","BUMD010258","Gastrojejunostomi"
"Mitra Keluarga Bekasi Timur","BEDAH UMUM","BESAR 1","BUMD010267","Diagnostic Peritoneal Lavage"
"Mitra Keluarga Bekasi Timur","BEDAH UMUM","BESAR 1","BUMD010270","Hernioraphy"
"Mitra Keluarga Bekasi Timur","BEDAH UMUM","BESAR 1","BUMD010283","Detorsi Tortio Testis"
"Mitra Keluarga Bekasi Timur","BEDAH UMUM","BESAR 1","BUMD010298","Amputasi Transmetatarsal/ Through Foot"
"Mitra Keluarga Bekasi Timur","BEDAH UMUM","BESAR 2","BUMD010010","Diseksi KGB Axilla"
"Mitra Keluarga Bekasi Timur","BEDAH UMUM","BESAR 2","BUMD010011","Diseksi KGB Inguinal"
"Mitra Keluarga Bekasi Timur","BEDAH UMUM","BESAR 2","BUMD010045","Kolesistostomi"
"Mitra Keluarga Bekasi Timur","BEDAH UMUM","BESAR 2","BUMD010058","Laparotomi Eksplorasi"
"Mitra Keluarga Bekasi Timur","BEDAH UMUM","BESAR 2","BUMD010059","Laparotomi Eksplorasi + Adhesiolisis"
"Mitra Keluarga Bekasi Timur","BEDAH UMUM","BESAR 2","BUMD010062","Laparotomi Eksplorasi + Hemikolektomi Dextra"
"Mitra Keluarga Bekasi Timur","BEDAH UMUM","BESAR 2","BUMD010063","Laparotomi Eksplorasi + Hemikolektomi Sinistra"
"Mitra Keluarga Bekasi Timur","BEDAH UMUM","BESAR 2","BUMD010064","Laparotomi Eksplorasi + Ileostomi"
"Mitra Keluarga Bekasi Timur","BEDAH UMUM","BESAR 2","BUMD010065","Laparotomi Eksplorasi + Kolostomi"
"Mitra Keluarga Bekasi Timur","BEDAH UMUM","BESAR 2","BUMD010066","Laparotomi Eksplorasi + Reseksi Anastomosis Sigmoid"
"Mitra Keluarga Bekasi Timur","BEDAH UMUM","BESAR 2","BUMD010067","Laparotomi Eksplorasi + Repair Perforasi Usus"
"Mitra Keluarga Bekasi Timur","BEDAH UMUM","BESAR 2","BUMD010068","Laparotomi Eksplorasi + Repair Ruptur Hepar"
"Mitra Keluarga Bekasi Timur","BEDAH UMUM","BESAR 2","BUMD010069","Laparotomi Eksplorasi + Reduksi Invaginasi tanpa Reseksi"
"Mitra Keluarga Bekasi Timur","BEDAH UMUM","BESAR 2","BUMD010070","Laparotomi Eksplorasi + Splenektomi"
"Mitra Keluarga Bekasi Timur","BEDAH UMUM","BESAR 2","BUMD010071","Laparotomi Eksplorasi + Splenoraphy"
"Mitra Keluarga Bekasi Timur","BEDAH UMUM","BESAR 2","BUMD010072","Laparotomi Kolesistektomi"
"Mitra Keluarga Bekasi Timur","BEDAH UMUM","BESAR 2","BUMD010081","Mastektomi Simple Unilateral"
"Mitra Keluarga Bekasi Timur","BEDAH UMUM","BESAR 2","BUMD010084","Modifikasi RND/ Functional Neck Dissection"
"Mitra Keluarga Bekasi Timur","BEDAH UMUM","BESAR 2","BUMD010086","Parotidektomi Superfisial"
"Mitra Keluarga Bekasi Timur","BEDAH UMUM","BESAR 2","BUMD010089","Pasang CAPD per Laparoskopi"
"Mitra Keluarga Bekasi Timur","BEDAH UMUM","BESAR 2","BUMD010097","Repair Hernia + Reseksi Omentum"
"Mitra Keluarga Bekasi Timur","BEDAH UMUM","BESAR 2","BUMD010099","Repair Hernia Inguinal 1 Sisi + Ligasi Tinggi"
"Mitra Keluarga Bekasi Timur","BEDAH UMUM","BESAR 2","BUMD010108","Tiroidektomi Total"
"Mitra Keluarga Bekasi Timur","BEDAH UMUM","BESAR 2","BUMD010116","Wide Eksisi Soft Tissue Tumor + STSG"
"Mitra Keluarga Bekasi Timur","BEDAH UMUM","BESAR 2","BUMD010137","Stripping Varises"
"Mitra Keluarga Bekasi Timur","BEDAH UMUM","BESAR 2","BUMD010142","Eksisi FAM Besar > 5 cm"
"Mitra Keluarga Bekasi Timur","BEDAH UMUM","BESAR 2","BUMD010147","Eksisi FAM Multiple/ Bilateral > 3 Buah"
"Mitra Keluarga Bekasi Timur","BEDAH UMUM","BESAR 2","BUMD010148","Torakotomi Darurat"
"Mitra Keluarga Bekasi Timur","BEDAH UMUM","BESAR 2","BUMD010156","Laparotomi Eksplorasi + Reseksi Anastomosis Usus"
"Mitra Keluarga Bekasi Timur","BEDAH UMUM","BESAR 2","BUMD010183","Splenektomi"
"Mitra Keluarga Bekasi Timur","BEDAH UMUM","BESAR 2","BUMD010184","Nefrektomi"
"Mitra Keluarga Bekasi Timur","BEDAH UMUM","BESAR 2","BUMD010191","Cholesistektomi"
"Mitra Keluarga Bekasi Timur","BEDAH UMUM","BESAR 2","BUMD010193","Haemoroid Stappler"
"Mitra Keluarga Bekasi Timur","BEDAH UMUM","BESAR 2","BUMD010202","Drainase Abses Hepar"
"Mitra Keluarga Bekasi Timur","BEDAH UMUM","BESAR 2","BUMD010217","Laparotomi Eksplorasi + Repair Perforasi Gaster/ Duodenum"
"Mitra Keluarga Bekasi Timur","BEDAH UMUM","BESAR 2","BUMD010219","Laparoskopi Appendektomi dengan Penyulit (Perlengketan/ Infiltrat)"
"Mitra Keluarga Bekasi Timur","BEDAH UMUM","BESAR 2","BUMD010229","Laser Haemorhoidoplasty"
"Mitra Keluarga Bekasi Timur","BEDAH UMUM","BESAR 2","BUMD010231","Open Repair Hernia Inguinalis Bilateral"
"Mitra Keluarga Bekasi Timur","BEDAH UMUM","BESAR 2","BUMD010232","Laparotomi Eksplorasi + Drainase Abses Hepar"
"Mitra Keluarga Bekasi Timur","BEDAH UMUM","BESAR 2","BUMD010236","Laparotomi Eksplorasi + Debulking/ Bypass"
"Mitra Keluarga Bekasi Timur","BEDAH UMUM","BESAR 2","BUMD010241","Hemoroidektomi dengan Penyulit (Interna dan Eksterna, Trombus Sirkuler)"
"Mitra Keluarga Bekasi Timur","BEDAH UMUM","BESAR 2","BUMD010304","Abdominal Drainase"
"Mitra Keluarga Bekasi Timur","BEDAH UMUM","BESAR 2","BUMD010321","Laparotomi Herniotomy"
"Mitra Keluarga Bekasi Timur","BEDAH UMUM","BESAR 2","BUMD010322","Hernioraphy & Omentectomy"
"Mitra Keluarga Bekasi Timur","BEDAH UMUM","KHUSUS 1","BUMD010006","Breast Conserving Surgery"
"Mitra Keluarga Bekasi Timur","BEDAH UMUM","KHUSUS 1","BUMD010016","Duodenoduodenostomi"
"Mitra Keluarga Bekasi Timur","BEDAH UMUM","KHUSUS 1","BUMD010039","Hartman Procedure"
"Mitra Keluarga Bekasi Timur","BEDAH UMUM","KHUSUS 1","BUMD010049","Laparoskopi Eksplorasi + Adhesiolisis"
"Mitra Keluarga Bekasi Timur","BEDAH UMUM","KHUSUS 1","BUMD010050","Laparoskopi Eksplorasi + Drainase"
"Mitra Keluarga Bekasi Timur","BEDAH UMUM","KHUSUS 1","BUMD010051","Laparoskopi Inguinal Hernia Repair 1 Sisi"
"Mitra Keluarga Bekasi Timur","BEDAH UMUM","KHUSUS 1","BUMD010053","Laparoskopi Kolesistektomi"
"Mitra Keluarga Bekasi Timur","BEDAH UMUM","KHUSUS 1","BUMD010056","Laparoskopi Ventral Hernia Repair"
"Mitra Keluarga Bekasi Timur","BEDAH UMUM","KHUSUS 1","BUMD010060","Laparotomi Eksplorasi + Adhesiolisis + Ileostomi"
"Mitra Keluarga Bekasi Timur","BEDAH UMUM","KHUSUS 1","BUMD010061","Laparotomi Eksplorasi + Adhesiolisis + Kolostomi"
"Mitra Keluarga Bekasi Timur","BEDAH UMUM","KHUSUS 1","BUMD010079","Mastektomi Radikal Unilateral"
"Mitra Keluarga Bekasi Timur","BEDAH UMUM","KHUSUS 1","BUMD010085","Pankreatektomi Parsial"
"Mitra Keluarga Bekasi Timur","BEDAH UMUM","KHUSUS 1","BUMD010087","Parotidektomi Total"
"Mitra Keluarga Bekasi Timur","BEDAH UMUM","KHUSUS 1","BUMD010096","Repair Hernia + Re - Anastomosis Usus"
"Mitra Keluarga Bekasi Timur","BEDAH UMUM","KHUSUS 1","BUMD010109","Tiroidektomi Total dengan Berry Picking"
"Mitra Keluarga Bekasi Timur","BEDAH UMUM","KHUSUS 1","BUMD010111","Transeksi/ Reseksi Esofagus"
"Mitra Keluarga Bekasi Timur","BEDAH UMUM","KHUSUS 1","BUMD010129","Subxiphoid Pericardiostomy"
"Mitra Keluarga Bekasi Timur","BEDAH UMUM","KHUSUS 1","BUMD010130","Subxiphoid Pericardial Window"
"Mitra Keluarga Bekasi Timur","BEDAH UMUM","KHUSUS 1","BUMD010143","Hemiglossektomi"
"Mitra Keluarga Bekasi Timur","BEDAH UMUM","KHUSUS 1","BUMD010144","Rekonstruksi dengan Flap"
"Mitra Keluarga Bekasi Timur","BEDAH UMUM","KHUSUS 1","BUMD010146","Laparotomi + Repair Hernia Diafragmatika"
"Mitra Keluarga Bekasi Timur","BEDAH UMUM","KHUSUS 1","BUMD010180","Hernia Diafragmatika"
"Mitra Keluarga Bekasi Timur","BEDAH UMUM","KHUSUS 1","BUMD010196","Tutup Defek Luas"
"Mitra Keluarga Bekasi Timur","BEDAH UMUM","KHUSUS 1","BUMD010204","Anastomosis/ Rekontruksi/ Repair Pembuluh Darah"
"Mitra Keluarga Bekasi Timur","BEDAH UMUM","KHUSUS 1","BUMD010229","Laser Haemorhoidoplasty"
"Mitra Keluarga Bekasi Timur","BEDAH UMUM","KHUSUS 1","BUMD010230","Reduksi Invaginasi + Reseksi Segmen Usus"
"Mitra Keluarga Bekasi Timur","BEDAH UMUM","KHUSUS 1","BUMD010233","Reseksi Kolektomi"
"Mitra Keluarga Bekasi Timur","BEDAH UMUM","KHUSUS 1","BUMD010238","Laparotomi Eksplorasi Cbd"
"Mitra Keluarga Bekasi Timur","BEDAH UMUM","KHUSUS 1","BUMD010244","Eksisi Tumor Jinak Multiple (14 - 24 Buah)"
"Mitra Keluarga Bekasi Timur","BEDAH UMUM","KHUSUS 1","BUMD010246","Repair Omfalokel"
"Mitra Keluarga Bekasi Timur","BEDAH UMUM","KHUSUS 1","BUMD010259","Laparoskopi Hernia Repair dengan Penyulit"
"Mitra Keluarga Bekasi Timur","BEDAH UMUM","KHUSUS 1","BUMD010260","Laparotomi Hemikolektomi/ Sigmoidektomi dengan Penyulit"
"Mitra Keluarga Bekasi Timur","BEDAH UMUM","KHUSUS 1","BUMD010271","Laparoskopi Kolesistektomi dengan Penyulit"
"Mitra Keluarga Bekasi Timur","BEDAH UMUM","KHUSUS 1","BUMD010279","Laparatomy Eksisi Tumor Retro Peritoneal"
"Mitra Keluarga Bekasi Timur","BEDAH UMUM","KHUSUS 1","BUMD010310","Laparaskopi Hemikolektomi/ Sigmoidektomi"
"Mitra Keluarga Bekasi Timur","BEDAH UMUM","KHUSUS 1","BUMD010320","Laparoskopi Hernia Repair"
"Mitra Keluarga Bekasi Timur","BEDAH UMUM","KHUSUS 1","BUMD010323","Laparoskopi Hernia + Mesh + Penyulit"
"Mitra Keluarga Bekasi Timur","BEDAH UMUM","KHUSUS 2","BUMD010036","Fundoplication"
"Mitra Keluarga Bekasi Timur","BEDAH UMUM","KHUSUS 2","BUMD010044","Kolektomi Total + Anastomosis Ileoanal"
"Mitra Keluarga Bekasi Timur","BEDAH UMUM","KHUSUS 2","BUMD010073","Laparotomi Kolesistektomi + Eksplorasi CBD + T Tube"
"Mitra Keluarga Bekasi Timur","BEDAH UMUM","KHUSUS 2","BUMD010076","Low Anterior Resection"
"Mitra Keluarga Bekasi Timur","BEDAH UMUM","KHUSUS 2","BUMD010092","Pintasan Biliodigestif"
"Mitra Keluarga Bekasi Timur","BEDAH UMUM","KHUSUS 2","BUMD010101","Reseksi Hepar"
"Mitra Keluarga Bekasi Timur","BEDAH UMUM","KHUSUS 2","BUMD010158","Reseksi Gaster (Billroth 1-2)"
"Mitra Keluarga Bekasi Timur","BEDAH UMUM","KHUSUS 2","BUMD010220","Laparotomi Kolesistektomi dengan Penyulit (Perlengketan/ Empyema Gb)"
"Mitra Keluarga Bekasi Timur","BEDAH UMUM","KHUSUS 2","BUMD010245","Eksisi Tumor Jinak Multiple (> 25 Buah)"
"Mitra Keluarga Bekasi Timur","BEDAH UMUM","KHUSUS 2","BUMD010257","Laparoskopi Ventral Hernia Repair Defek Besar dengan Penyulit"
"Mitra Keluarga Bekasi Timur","BEDAH UROLOGI","KECIL","UROD000002","Insisi Abses Skrotum"
"Mitra Keluarga Bekasi Timur","BEDAH UROLOGI","KECIL","UROD000003","Meatotomi"
"Mitra Keluarga Bekasi Timur","BEDAH UROLOGI","KECIL","UROD000004","Sirkumsisi"
"Mitra Keluarga Bekasi Timur","BEDAH UROLOGI","KECIL","UROD000006","Vasektomi (Anestesi Lokal)"
"Mitra Keluarga Bekasi Timur","BEDAH UROLOGI","KECIL","UROD000078","Ganti Nefrostomi"
"Mitra Keluarga Bekasi Timur","BEDAH UROLOGI","KECIL","UROD000086","Biopsi Penis"
"Mitra Keluarga Bekasi Timur","BEDAH UROLOGI","KECIL","UROD000088","Businasi/ Dilatasi/ Kalibrasi Uretra"
"Mitra Keluarga Bekasi Timur","BEDAH UROLOGI","KECIL","UROD000094","Dorsumsisi"
"Mitra Keluarga Bekasi Timur","BEDAH UROLOGI","KECIL","UROD000106","Insisi Abses Perineum"
"Mitra Keluarga Bekasi Timur","BEDAH UROLOGI","KECIL","UROD000110","Vulgurasi (Kauterisasi) Buli"
"Mitra Keluarga Bekasi Timur","BEDAH UROLOGI","KECIL","UROD000116","Masase Prostat"
"Mitra Keluarga Bekasi Timur","BEDAH UROLOGI","KECIL","UROD000117","Meatoplasti"
"Mitra Keluarga Bekasi Timur","BEDAH UROLOGI","KECIL","UROD000132","Pasang Kateter"
"Mitra Keluarga Bekasi Timur","BEDAH UROLOGI","KECIL","UROD000133","Pasang Kateter dengan Mandrain"
"Mitra Keluarga Bekasi Timur","BEDAH UROLOGI","KECIL","UROD000215","Debridement"
"Mitra Keluarga Bekasi Timur","BEDAH UROLOGI","KECIL","UROD000217","Hecting Sekunder"
"Mitra Keluarga Bekasi Timur","BEDAH UROLOGI","SEDANG 1","UROD000005","Sistostomi Perkutan"
"Mitra Keluarga Bekasi Timur","BEDAH UROLOGI","SEDANG 1","UROD000007","Biopsi Buli per Sistoskopi"
"Mitra Keluarga Bekasi Timur","BEDAH UROLOGI","SEDANG 1","UROD000009","Biopsi Prostat"
"Mitra Keluarga Bekasi Timur","BEDAH UROLOGI","SEDANG 1","UROD000012","Cabut DJ Stent"
"Mitra Keluarga Bekasi Timur","BEDAH UROLOGI","SEDANG 1","UROD000013","Debridement Skroto Perineal Luas"
"Mitra Keluarga Bekasi Timur","BEDAH UROLOGI","SEDANG 1","UROD000016","Eksisi Webbed Penis"
"Mitra Keluarga Bekasi Timur","BEDAH UROLOGI","SEDANG 1","UROD000017","Eksplorasi Trauma Skrotal"
"Mitra Keluarga Bekasi Timur","BEDAH UROLOGI","SEDANG 1","UROD000018","Eksplorasi Trauma Uretro - Penile"
"Mitra Keluarga Bekasi Timur","BEDAH UROLOGI","SEDANG 1","UROD000019","Funikokelektomi"
"Mitra Keluarga Bekasi Timur","BEDAH UROLOGI","SEDANG 1","UROD000020","Hidrokelektomi per Inguinal/ Ligasi Tinggi"
"Mitra Keluarga Bekasi Timur","BEDAH UROLOGI","SEDANG 1","UROD000035","Orkhidektomi"
"Mitra Keluarga Bekasi Timur","BEDAH UROLOGI","SEDANG 1","UROD000038","Orkhidektomi Subkapsuler"
"Mitra Keluarga Bekasi Timur","BEDAH UROLOGI","SEDANG 1","UROD000039","Orkhidopeksi (Torsio Testis)"
"Mitra Keluarga Bekasi Timur","BEDAH UROLOGI","SEDANG 1","UROD000056","RPG"
"Mitra Keluarga Bekasi Timur","BEDAH UROLOGI","SEDANG 1","UROD000095","Drainase Periureter"
"Mitra Keluarga Bekasi Timur","BEDAH UROLOGI","SEDANG 1","UROD000101","Evakuasi Bekuan Darah (Clot)"
"Mitra Keluarga Bekasi Timur","BEDAH UROLOGI","SEDANG 1","UROD000126","Operasi Priapismus"
"Mitra Keluarga Bekasi Timur","BEDAH UROLOGI","SEDANG 1","UROD000134","Pasang Kateter Tenckhoff"
"Mitra Keluarga Bekasi Timur","BEDAH UROLOGI","SEDANG 1","UROD000156","Sistostomi Terbuka"
"Mitra Keluarga Bekasi Timur","BEDAH UROLOGI","SEDANG 1","UROD000171","Vasektomi (Narkose)"
"Mitra Keluarga Bekasi Timur","BEDAH UROLOGI","SEDANG 1","UROD000173","Vasografi"
"Mitra Keluarga Bekasi Timur","BEDAH UROLOGI","SEDANG 1","UROD000181","Biopsi Testis"
"Mitra Keluarga Bekasi Timur","BEDAH UROLOGI","BESAR 1","UROD000008","Biopsi Ginjal Terbuka"
"Mitra Keluarga Bekasi Timur","BEDAH UROLOGI","BESAR 1","UROD000015","Divertikulektomi Buli"
"Mitra Keluarga Bekasi Timur","BEDAH UROLOGI","BESAR 1","UROD000021","Hidrokelektomi per Skrotal"
"Mitra Keluarga Bekasi Timur","BEDAH UROLOGI","BESAR 1","UROD000026","Koreksi Priapismus"
"Mitra Keluarga Bekasi Timur","BEDAH UROLOGI","BESAR 1","UROD000034","Nefrostomi Terbuka"
"Mitra Keluarga Bekasi Timur","BEDAH UROLOGI","BESAR 1","UROD000036","Orkhidektomi Extended"
"Mitra Keluarga Bekasi Timur","BEDAH UROLOGI","BESAR 1","UROD000037","Orkhidektomi Ligasi Tinggi"
"Mitra Keluarga Bekasi Timur","BEDAH UROLOGI","BESAR 1","UROD000040","Orkidopeksi"
"Mitra Keluarga Bekasi Timur","BEDAH UROLOGI","BESAR 1","UROD000042","Peno - Skrotoplasti"
"Mitra Keluarga Bekasi Timur","BEDAH UROLOGI","BESAR 1","UROD000048","Prostatektomi Terbuka"
"Mitra Keluarga Bekasi Timur","BEDAH UROLOGI","BESAR 1","UROD000049","Psoas Hitch/ Boari Flap"
"Mitra Keluarga Bekasi Timur","BEDAH UROLOGI","BESAR 1","UROD000057","Sectio Alta/ Vesikolithotomi"
"Mitra Keluarga Bekasi Timur","BEDAH UROLOGI","BESAR 1","UROD000066","Uretero Renoskopi (URS) Diagnostik"
"Mitra Keluarga Bekasi Timur","BEDAH UROLOGI","BESAR 1","UROD000067","Uretero Renoskopi (URS) Dilatasi"
"Mitra Keluarga Bekasi Timur","BEDAH UROLOGI","BESAR 1","UROD000075","Varikokelektomi"
"Mitra Keluarga Bekasi Timur","BEDAH UROLOGI","BESAR 1","UROD000087","Buried Penis"
"Mitra Keluarga Bekasi Timur","BEDAH UROLOGI","BESAR 1","UROD000089","Deroofing/ Unroofing Kista"
"Mitra Keluarga Bekasi Timur","BEDAH UROLOGI","BESAR 1","UROD000096","Eksisi Chordae/ Chordektomi"
"Mitra Keluarga Bekasi Timur","BEDAH UROLOGI","BESAR 1","UROD000097","Eksisi Fibroma/ Rekonstruksi Penis"
"Mitra Keluarga Bekasi Timur","BEDAH UROLOGI","BESAR 1","UROD000098","Eksisi Plaque (Peyronie Disease)"
"Mitra Keluarga Bekasi Timur","BEDAH UROLOGI","BESAR 1","UROD000103","Fistulektomi/ Repair Fistel Uretra"
"Mitra Keluarga Bekasi Timur","BEDAH UROLOGI","BESAR 1","UROD000130","Operasi Urakhus/ Reseksi Urakhus"
"Mitra Keluarga Bekasi Timur","BEDAH UROLOGI","BESAR 1","UROD000135","Penektomi Parsial"
"Mitra Keluarga Bekasi Timur","BEDAH UROLOGI","BESAR 1","UROD000147","Repair Fistel Vesikokutan"
"Mitra Keluarga Bekasi Timur","BEDAH UROLOGI","BESAR 1","UROD000163","TVP/ TMP"
"Mitra Keluarga Bekasi Timur","BEDAH UROLOGI","BESAR 1","UROD000165","Ureterolisis"
"Mitra Keluarga Bekasi Timur","BEDAH UROLOGI","BESAR 1","UROD000189","Orkiektomi Radikal"
"Mitra Keluarga Bekasi Timur","BEDAH UROLOGI","BESAR 1","UROD000195","Shunting Glans - Cavernosus"
"Mitra Keluarga Bekasi Timur","BEDAH UROLOGI","BESAR 1","UROD000200","Eksplorasi Retroperitoneal"
"Mitra Keluarga Bekasi Timur","BEDAH UROLOGI","BESAR 1","UROD000206","Urethrotomi Eksternal"
"Mitra Keluarga Bekasi Timur","BEDAH UROLOGI","BESAR 1","UROD000216","Varikokelektomi Bilateral"
"Mitra Keluarga Bekasi Timur","BEDAH UROLOGI","BESAR 1","UROD000228","Eksisi Korunkula Urethra"
"Mitra Keluarga Bekasi Timur","BEDAH UROLOGI","BESAR 2","UROD000023","Insersi DJ Stent"
"Mitra Keluarga Bekasi Timur","BEDAH UROLOGI","BESAR 2","UROD000032","Nefrolitotomi"
"Mitra Keluarga Bekasi Timur","BEDAH UROLOGI","BESAR 2","UROD000060","Sistoskopi"
"Mitra Keluarga Bekasi Timur","BEDAH UROLOGI","BESAR 2","UROD000068","Ureterolitotomi"
"Mitra Keluarga Bekasi Timur","BEDAH UROLOGI","BESAR 2","UROD000070","Uretero - Ureterostomi"
"Mitra Keluarga Bekasi Timur","BEDAH UROLOGI","BESAR 2","UROD000080","Eswl"
"Mitra Keluarga Bekasi Timur","BEDAH UROLOGI","BESAR 2","UROD000125","Johanson I"
"Mitra Keluarga Bekasi Timur","BEDAH UROLOGI","BESAR 2","UROD000127","Operasi Repair Buli Trauma"
"Mitra Keluarga Bekasi Timur","BEDAH UROLOGI","BESAR 2","UROD000140","Prostatektomi Terbuka dan Sectio Alta"
"Mitra Keluarga Bekasi Timur","BEDAH UROLOGI","BESAR 2","UROD000157","Skrotoplasti"
"Mitra Keluarga Bekasi Timur","BEDAH UROLOGI","BESAR 2","UROD000166","Ureterolithotomi Distal"
"Mitra Keluarga Bekasi Timur","BEDAH UROLOGI","BESAR 2","UROD000177","Uretroskopi"
"Mitra Keluarga Bekasi Timur","BEDAH UROLOGI","BESAR 2","UROD000188","Limpadenektomi Regional"
"Mitra Keluarga Bekasi Timur","BEDAH UROLOGI","BESAR 2","UROD000193","Prostatektomi Terbuka Kompleks"
"Mitra Keluarga Bekasi Timur","BEDAH UROLOGI","BESAR 2","UROD000199","Deroofing/ Unroofing Kista Kompleks"
"Mitra Keluarga Bekasi Timur","BEDAH UROLOGI","BESAR 2","UROD000207","Eksisi Bladder Neck"
"Mitra Keluarga Bekasi Timur","BEDAH UROLOGI","BESAR 2","UROD000210","Deroofing/ Unroofing Ureterocele"
"Mitra Keluarga Bekasi Timur","BEDAH UROLOGI","BESAR 2","UROD000218","Skrotal Flap"
"Mitra Keluarga Bekasi Timur","BEDAH UROLOGI","KHUSUS 1","UROD000011","Anatropic Nephrolithotomy (Bivalve)"
"Mitra Keluarga Bekasi Timur","BEDAH UROLOGI","KHUSUS 1","UROD000022","Ileal Conduit Urinary Diversion (Bricker)"
"Mitra Keluarga Bekasi Timur","BEDAH UROLOGI","KHUSUS 1","UROD000030","Nefrektomi per Laparoskopi"
"Mitra Keluarga Bekasi Timur","BEDAH UROLOGI","KHUSUS 1","UROD000031","Nefrektomi Radikal"
"Mitra Keluarga Bekasi Timur","BEDAH UROLOGI","KHUSUS 1","UROD000033","Nefrostomi Perkutan"
"Mitra Keluarga Bekasi Timur","BEDAH UROLOGI","KHUSUS 1","UROD000044","Perineostomi Diversi/ Perineal Uretrotomi"
"Mitra Keluarga Bekasi Timur","BEDAH UROLOGI","KHUSUS 1","UROD000045","Pielolitotomi"
"Mitra Keluarga Bekasi Timur","BEDAH UROLOGI","KHUSUS 1","UROD000046","Pieloplasti"
"Mitra Keluarga Bekasi Timur","BEDAH UROLOGI","KHUSUS 1","UROD000050","Pungsi dan Sklerosing Kista Ginjal"
"Mitra Keluarga Bekasi Timur","BEDAH UROLOGI","KHUSUS 1","UROD000051","Repair Fistel Vesikovagina"
"Mitra Keluarga Bekasi Timur","BEDAH UROLOGI","KHUSUS 1","UROD000053","Repair Peyronie'S Disease"
"Mitra Keluarga Bekasi Timur","BEDAH UROLOGI","KHUSUS 1","UROD000054","Repair Silikonoma Penis"
"Mitra Keluarga Bekasi Timur","BEDAH UROLOGI","KHUSUS 1","UROD000058","Sistektomi Radikal"
"Mitra Keluarga Bekasi Timur","BEDAH UROLOGI","KHUSUS 1","UROD000059","Sisto Lithotripsi"
"Mitra Keluarga Bekasi Timur","BEDAH UROLOGI","KHUSUS 1","UROD000061","Trans Uretral Bladder Neck Insision"
"Mitra Keluarga Bekasi Timur","BEDAH UROLOGI","KHUSUS 1","UROD000062","Trans Uretral Insisi (TUI) Prostat"
"Mitra Keluarga Bekasi Timur","BEDAH UROLOGI","KHUSUS 1","UROD000063","Trans Uretral Resection (TUR) Tumor Buli"
"Mitra Keluarga Bekasi Timur","BEDAH UROLOGI","KHUSUS 1","UROD000064","Trans Uretral Resection (TUR) Prostat"
"Mitra Keluarga Bekasi Timur","BEDAH UROLOGI","KHUSUS 1","UROD000072","Uretroplasti Hipospadia"
"Mitra Keluarga Bekasi Timur","BEDAH UROLOGI","KHUSUS 1","UROD000073","Uretroskopi Sachse"
"Mitra Keluarga Bekasi Timur","BEDAH UROLOGI","KHUSUS 1","UROD000074","URS Lithotripsi/ Lithoclast dengan atautanpa Pasang DJ Stent"
"Mitra Keluarga Bekasi Timur","BEDAH UROLOGI","KHUSUS 1","UROD000077","Varikokelektomi Mikro"
"Mitra Keluarga Bekasi Timur","BEDAH UROLOGI","KHUSUS 1","UROD000071","Uretrolithotomi"
"Mitra Keluarga Bekasi Timur","BEDAH UROLOGI","KHUSUS 1","UROD000083","Anastomosis End To End Ureter"
"Mitra Keluarga Bekasi Timur","BEDAH UROLOGI","KHUSUS 1","UROD000085","Biopsi Ginjal Perkutan"
"Mitra Keluarga Bekasi Timur","BEDAH UROLOGI","KHUSUS 1","UROD000090","Diseksi Kelenjar Getah Bening Inguinal"
"Mitra Keluarga Bekasi Timur","BEDAH UROLOGI","KHUSUS 1","UROD000091","Diseksi Kelenjar Getah Bening Pelvis"
"Mitra Keluarga Bekasi Timur","BEDAH UROLOGI","KHUSUS 1","UROD000093","Divertikulektomi Uretra"
"Mitra Keluarga Bekasi Timur","BEDAH UROLOGI","KHUSUS 1","UROD000099","Eksplorasi Testis (Microsurgery)"
"Mitra Keluarga Bekasi Timur","BEDAH UROLOGI","KHUSUS 1","UROD000102","Ekstended Pielolitotomi"
"Mitra Keluarga Bekasi Timur","BEDAH UROLOGI","KHUSUS 1","UROD000107","Insisi Posterior Urethral Valve"
"Mitra Keluarga Bekasi Timur","BEDAH UROLOGI","KHUSUS 1","UROD000108","Johanson II"
"Mitra Keluarga Bekasi Timur","BEDAH UROLOGI","KHUSUS 1","UROD000113","Limfadenektomi Ilioinguinal"
"Mitra Keluarga Bekasi Timur","BEDAH UROLOGI","KHUSUS 1","UROD000115","Lithotripsi"
"Mitra Keluarga Bekasi Timur","BEDAH UROLOGI","KHUSUS 1","UROD000118","MMK/ Sling Uretra"
"Mitra Keluarga Bekasi Timur","BEDAH UROLOGI","KHUSUS 1","UROD000119","Nefrektomi (Donor Transplant)"
"Mitra Keluarga Bekasi Timur","BEDAH UROLOGI","KHUSUS 1","UROD000120","Nefrektomi Parsial"
"Mitra Keluarga Bekasi Timur","BEDAH UROLOGI","KHUSUS 1","UROD000121","Nefropeksi/ Renopeksi"
"Mitra Keluarga Bekasi Timur","BEDAH UROLOGI","KHUSUS 1","UROD000122","Nefroureterektomi"
"Mitra Keluarga Bekasi Timur","BEDAH UROLOGI","KHUSUS 1","UROD000129","Operasi Trauma Ginjal"
"Mitra Keluarga Bekasi Timur","BEDAH UROLOGI","KHUSUS 1","UROD000131","Orkhidopeksi per Laparoskopi"
"Mitra Keluarga Bekasi Timur","BEDAH UROLOGI","KHUSUS 1","UROD000136","PER (Primary Endoscopic Realignment)"
"Mitra Keluarga Bekasi Timur","BEDAH UROLOGI","KHUSUS 1","UROD000137","Pielokalikotomi"
"Mitra Keluarga Bekasi Timur","BEDAH UROLOGI","KHUSUS 1","UROD000138","Pleloplasti per Laparoskopi"
"Mitra Keluarga Bekasi Timur","BEDAH UROLOGI","KHUSUS 1","UROD000139","Prostatektomi Retropublik"
"Mitra Keluarga Bekasi Timur","BEDAH UROLOGI","KHUSUS 1","UROD000142","Reimplantasi Ureter Unilateral/ Ureteroneosistostomi"
"Mitra Keluarga Bekasi Timur","BEDAH UROLOGI","KHUSUS 1","UROD000146","Repair Fistel Enterovesika"
"Mitra Keluarga Bekasi Timur","BEDAH UROLOGI","KHUSUS 1","UROD000148","Repair Fistel Vesikorektal"
"Mitra Keluarga Bekasi Timur","BEDAH UROLOGI","KHUSUS 1","UROD000150","Reparasi Penis"
"Mitra Keluarga Bekasi Timur","BEDAH UROLOGI","KHUSUS 1","UROD000153","Sistektomi Parsial/ Sistoplasti Reduksi"
"Mitra Keluarga Bekasi Timur","BEDAH UROLOGI","KHUSUS 1","UROD000158","Spermatokelektomi"
"Mitra Keluarga Bekasi Timur","BEDAH UROLOGI","KHUSUS 1","UROD000159","Talloring Ureter"
"Mitra Keluarga Bekasi Timur","BEDAH UROLOGI","KHUSUS 1","UROD000160","Tindakan Pembedahan Testis untuk Pengambilan Spermatozoa (Tesa/ Tese/ Pesa/ Mesa)"
"Mitra Keluarga Bekasi Timur","BEDAH UROLOGI","KHUSUS 1","UROD000162","Transuretero - Ureterostomi"
"Mitra Keluarga Bekasi Timur","BEDAH UROLOGI","KHUSUS 1","UROD000164","Ureterokutaneostomi"
"Mitra Keluarga Bekasi Timur","BEDAH UROLOGI","KHUSUS 1","UROD000167","Ureterosigmoidostomi (Coffey)"
"Mitra Keluarga Bekasi Timur","BEDAH UROLOGI","KHUSUS 1","UROD000168","Ureterostomi"
"Mitra Keluarga Bekasi Timur","BEDAH UROLOGI","KHUSUS 1","UROD000172","Vasoepididimostomi"
"Mitra Keluarga Bekasi Timur","BEDAH UROLOGI","KHUSUS 1","UROD000174","Vasovasostomi"
"Mitra Keluarga Bekasi Timur","BEDAH UROLOGI","KHUSUS 1","UROD000190","Penectomy Total/ Amputasi Penis"
"Mitra Keluarga Bekasi Timur","BEDAH UROLOGI","KHUSUS 1","UROD000196","Ureterolitotomia Kompleks"
"Mitra Keluarga Bekasi Timur","BEDAH UROLOGI","KHUSUS 1","UROD000197","Uretroplasti Anastomosis"
"Mitra Keluarga Bekasi Timur","BEDAH UROLOGI","KHUSUS 1","UROD000203","Uretrolithotomi Kompleks"
"Mitra Keluarga Bekasi Timur","BEDAH UROLOGI","KHUSUS 1","UROD000204","Eksplorasi Ginjal"
"Mitra Keluarga Bekasi Timur","BEDAH UROLOGI","KHUSUS 1","UROD000205","Reseksi Partial Vesika"
"Mitra Keluarga Bekasi Timur","BEDAH UROLOGI","KHUSUS 1","UROD000208","Epididymectomy"
"Mitra Keluarga Bekasi Timur","BEDAH UROLOGI","KHUSUS 1","UROD000209","Robotic Biopsi Prostat"
"Mitra Keluarga Bekasi Timur","BEDAH UROLOGI","KHUSUS 1","UROD000201","Divertikulektomi Buli Kompleks"
"Mitra Keluarga Bekasi Timur","BEDAH UROLOGI","KHUSUS 1","UROD000211","Collins Knife"
"Mitra Keluarga Bekasi Timur","BEDAH UROLOGI","KHUSUS 1","UROD000212","Substitution Urethroplasty with BMG"
"Mitra Keluarga Bekasi Timur","BEDAH UROLOGI","KHUSUS 1","UROD000229","Injeksi Botox Intravesikal"
"Mitra Keluarga Bekasi Timur","BEDAH UROLOGI","KHUSUS 1","UROD000230","Urethroplasti Striktus Uretra"
"Mitra Keluarga Bekasi Timur","BEDAH UROLOGI","KHUSUS 1","UROD000233","Rekonstruksi Urethra"
"Mitra Keluarga Bekasi Timur","BEDAH UROLOGI","KHUSUS 2","UROD000014","Deroofing Kista Ginjal per Laparoskopi"
"Mitra Keluarga Bekasi Timur","BEDAH UROLOGI","KHUSUS 2","UROD000025","Koreksi Horseshoe Kidney"
"Mitra Keluarga Bekasi Timur","BEDAH UROLOGI","KHUSUS 2","UROD000028","Limfadenektomi Retroperitoneal/ Rplnd"
"Mitra Keluarga Bekasi Timur","BEDAH UROLOGI","KHUSUS 2","UROD000041","Penektomi Total"
"Mitra Keluarga Bekasi Timur","BEDAH UROLOGI","KHUSUS 2","UROD000043","Percutaneous Nephrolitotomi/ Nephrolitotripsi (PCNL)"
"Mitra Keluarga Bekasi Timur","BEDAH UROLOGI","KHUSUS 2","UROD000047","Prostatektomi Radikal"
"Mitra Keluarga Bekasi Timur","BEDAH UROLOGI","KHUSUS 2","UROD000052","Repair Fistel Vesikovagina per Laparoskopi"
"Mitra Keluarga Bekasi Timur","BEDAH UROLOGI","KHUSUS 2","UROD000055","Reseksi - Anastomosis Uretra"
"Mitra Keluarga Bekasi Timur","BEDAH UROLOGI","KHUSUS 2","UROD000069","Ureterolitotomi Proksimal per Laparoskopi"
"Mitra Keluarga Bekasi Timur","BEDAH UROLOGI","KHUSUS 2","UROD000081","Adrenalektomi"
"Mitra Keluarga Bekasi Timur","BEDAH UROLOGI","KHUSUS 2","UROD000082","Adrenalektomi (Abdominotorakal)"
"Mitra Keluarga Bekasi Timur","BEDAH UROLOGI","KHUSUS 2","UROD000084","Augmentasi Buli"
"Mitra Keluarga Bekasi Timur","BEDAH UROLOGI","KHUSUS 2","UROD000111","Laparoskopi Adrenalektomi"
"Mitra Keluarga Bekasi Timur","BEDAH UROLOGI","KHUSUS 2","UROD000123","Neobladder"
"Mitra Keluarga Bekasi Timur","BEDAH UROLOGI","KHUSUS 2","UROD000124","Operasi Epispadia"
"Mitra Keluarga Bekasi Timur","BEDAH UROLOGI","KHUSUS 2","UROD000143","Rekonstruksi Bladder Neck"
"Mitra Keluarga Bekasi Timur","BEDAH UROLOGI","KHUSUS 2","UROD000144","Rekonstruksi Ekstrofia Buli"
"Mitra Keluarga Bekasi Timur","BEDAH UROLOGI","KHUSUS 2","UROD000145","Rekonstruksi Renovaskuler"
"Mitra Keluarga Bekasi Timur","BEDAH UROLOGI","KHUSUS 2","UROD000149","Repair Fistel Vesikovagina Kompleks"
"Mitra Keluarga Bekasi Timur","BEDAH UROLOGI","KHUSUS 2","UROD000151","Replantasi/ Reimplantasi Ureter Bilateral"
"Mitra Keluarga Bekasi Timur","BEDAH UROLOGI","KHUSUS 2","UROD000161","Transplantasi Resipien"
"Mitra Keluarga Bekasi Timur","BEDAH UROLOGI","KHUSUS 2","UROD000186","Laparoskopi Kista Ginjal"
"Mitra Keluarga Bekasi Timur","BEDAH UROLOGI","KHUSUS 2","UROD000187","Laparoskopi Uretero - Pielolitiasis"
"Mitra Keluarga Bekasi Timur","BEDAH UROLOGI","KHUSUS 2","UROD000202","Nefrektomi Kompleks"
"Mitra Keluarga Bekasi Timur","BEDAH UROLOGI","KHUSUS 2","UROD000214","Retrograde Intra Renal Surgery (RIRS)"
"Mitra Keluarga Bekasi Timur","BEDAH UROLOGI","KHUSUS 2","UROD000219","Uretero Renoskopi (URS) Laser"
"Mitra Keluarga Bekasi Timur","BEDAH UROLOGI","KHUSUS 2","UROD000231","TUR Laser Prostat"
"Mitra Keluarga Bekasi Timur","BEDAH UROLOGI","KHUSUS 2","UROD000232","TUR Laser Buli"
"Mitra Keluarga Bekasi Timur","BEDAH ORTHOPEDI","KECIL","BOTD010005","Angkat Jahitan"
"Mitra Keluarga Bekasi Timur","BEDAH ORTHOPEDI","KECIL","BOTD010015","Plasma Rich Protein (PRP) Injection"
"Mitra Keluarga Bekasi Timur","BEDAH ORTHOPEDI","KECIL","BOTD010040","Ekstraksi Kuku"
"Mitra Keluarga Bekasi Timur","BEDAH ORTHOPEDI","KECIL","BOTD010045","Pasang Gips"
"Mitra Keluarga Bekasi Timur","BEDAH ORTHOPEDI","KECIL","BOTD010050","Buka Gips"
"Mitra Keluarga Bekasi Timur","BEDAH ORTHOPEDI","KECIL","BOTD010058","Insisi Abses Kecil"
"Mitra Keluarga Bekasi Timur","BEDAH ORTHOPEDI","KECIL","BOTD010214","Gips Ekstremitas dan Vertebra"
"Mitra Keluarga Bekasi Timur","BEDAH ORTHOPEDI","KECIL","BOTD010216","Finger Tip Injury Single Digiti"
"Mitra Keluarga Bekasi Timur","BEDAH ORTHOPEDI","KECIL","BOTD010218","Injeksi Botox pada Kasus Cerebral Palsy"
"Mitra Keluarga Bekasi Timur","BEDAH ORTHOPEDI","KECIL","BOTD010228","Repair Nail Bed Laceration 1 Jari"
"Mitra Keluarga Bekasi Timur","BEDAH ORTHOPEDI","KECIL","BOTD010246","Eksisi Clavus/ Nevus"
"Mitra Keluarga Bekasi Timur","BEDAH ORTHOPEDI","KECIL","BOTD010438","Tens Single (radius/ Ulna/ Maleolus)"
"Mitra Keluarga Bekasi Timur","BEDAH ORTHOPEDI","KECIL","BOTD010449","Perawatan Luka"
"Mitra Keluarga Bekasi Timur","BEDAH ORTHOPEDI","KECIL","BOTD010484","Lavage + Injeksi Sendi dengan Lokal Anestesi"
"Mitra Keluarga Bekasi Timur","BEDAH ORTHOPEDI","SEDANG 1","BOTD010001","Aff Implant Simple"
"Mitra Keluarga Bekasi Timur","BEDAH ORTHOPEDI","SEDANG 1","BOTD010003","Aff K Wire 1 Jari"
"Mitra Keluarga Bekasi Timur","BEDAH ORTHOPEDI","SEDANG 1","BOTD010006","Amputasi 1 Jari"
"Mitra Keluarga Bekasi Timur","BEDAH ORTHOPEDI","SEDANG 1","BOTD010010","Disartikulasi 1 Jari"
"Mitra Keluarga Bekasi Timur","BEDAH ORTHOPEDI","SEDANG 1","BOTD010021","Debridement + Nekrotomi"
"Mitra Keluarga Bekasi Timur","BEDAH ORTHOPEDI","SEDANG 1","BOTD010025","Eksisi Bone for Graft"
"Mitra Keluarga Bekasi Timur","BEDAH ORTHOPEDI","SEDANG 1","BOTD010026","Eksisi Bursitis"
"Mitra Keluarga Bekasi Timur","BEDAH ORTHOPEDI","SEDANG 1","BOTD010027","Eksisi Clavus Multiple"
"Mitra Keluarga Bekasi Timur","BEDAH ORTHOPEDI","SEDANG 1","BOTD010028","Eksisi Ganglion"
"Mitra Keluarga Bekasi Timur","BEDAH ORTHOPEDI","SEDANG 1","BOTD010032","Eksisi Radial Head"
"Mitra Keluarga Bekasi Timur","BEDAH ORTHOPEDI","SEDANG 1","BOTD010033","Eksisi Soft Tissue Tumor Kecil"
"Mitra Keluarga Bekasi Timur","BEDAH ORTHOPEDI","SEDANG 1","BOTD010035","Eksisi Tophus 1 buah"
"Mitra Keluarga Bekasi Timur","BEDAH ORTHOPEDI","SEDANG 1","BOTD010041","Ekstraksi Loose Bodies"
"Mitra Keluarga Bekasi Timur","BEDAH ORTHOPEDI","SEDANG 1","BOTD010046","Pasang Gips Body Jacket"
"Mitra Keluarga Bekasi Timur","BEDAH ORTHOPEDI","SEDANG 1","BOTD010047","Pasang K Wire 1 Jari"
"Mitra Keluarga Bekasi Timur","BEDAH ORTHOPEDI","SEDANG 1","BOTD010048","Pasang Skeletal Traksi"
"Mitra Keluarga Bekasi Timur","BEDAH ORTHOPEDI","SEDANG 1","BOTD010049","Pasang Skull Traction"
"Mitra Keluarga Bekasi Timur","BEDAH ORTHOPEDI","SEDANG 1","BOTD010051","Cross Finger Flap"
"Mitra Keluarga Bekasi Timur","BEDAH ORTHOPEDI","SEDANG 1","BOTD010055","Hecting Luka Ringan"
"Mitra Keluarga Bekasi Timur","BEDAH ORTHOPEDI","SEDANG 1","BOTD010059","Insisi Abses Besar"
"Mitra Keluarga Bekasi Timur","BEDAH ORTHOPEDI","SEDANG 1","BOTD010060","Manipulasi Frozen Shoulder (Narkosis)"
"Mitra Keluarga Bekasi Timur","BEDAH ORTHOPEDI","SEDANG 1","BOTD010062","Open Biopsi Soft Tissue"
"Mitra Keluarga Bekasi Timur","BEDAH ORTHOPEDI","SEDANG 1","BOTD010063","Open Biopsi Bone Tumor"
"Mitra Keluarga Bekasi Timur","BEDAH ORTHOPEDI","SEDANG 1","BOTD010071","Tenotomy Simple"
"Mitra Keluarga Bekasi Timur","BEDAH ORTHOPEDI","SEDANG 1","BOTD010082","Kuretase Tumor Tulang Kecil"
"Mitra Keluarga Bekasi Timur","BEDAH ORTHOPEDI","SEDANG 1","BOTD010101","Release Plantar Fasciitis"
"Mitra Keluarga Bekasi Timur","BEDAH ORTHOPEDI","SEDANG 1","BOTD010105","Release Trigger Finger"
"Mitra Keluarga Bekasi Timur","BEDAH ORTHOPEDI","SEDANG 1","BOTD010106","Release Trigger Thumb"
"Mitra Keluarga Bekasi Timur","BEDAH ORTHOPEDI","SEDANG 1","BOTD010111","V-Y Flap for Finger Tip Injury"
"Mitra Keluarga Bekasi Timur","BEDAH ORTHOPEDI","SEDANG 1","BOTD010122","Repair Tendon Simple atau 1 - 2"
"Mitra Keluarga Bekasi Timur","BEDAH ORTHOPEDI","SEDANG 1","BOTD010136","Skin Graft Kecil"
"Mitra Keluarga Bekasi Timur","BEDAH ORTHOPEDI","SEDANG 1","BOTD010211","Biopsi"
"Mitra Keluarga Bekasi Timur","BEDAH ORTHOPEDI","SEDANG 1","BOTD010213","Aff Pin dan Wire dengan Lokal Prosedur"
"Mitra Keluarga Bekasi Timur","BEDAH ORTHOPEDI","SEDANG 1","BOTD010219","Aplikasi Plaster Ekstremitas dan Vertebra"
"Mitra Keluarga Bekasi Timur","BEDAH ORTHOPEDI","SEDANG 1","BOTD010221","Synovectomy Small Joint"
"Mitra Keluarga Bekasi Timur","BEDAH ORTHOPEDI","SEDANG 1","BOTD010234","Biopsi Vertebra (1 Level)"
"Mitra Keluarga Bekasi Timur","BEDAH ORTHOPEDI","SEDANG 1","BOTD010235","Excision Arthroplasty of Small Joint"
"Mitra Keluarga Bekasi Timur","BEDAH ORTHOPEDI","SEDANG 1","BOTD010243","Reposisi Tertutup + Gips"
"Mitra Keluarga Bekasi Timur","BEDAH ORTHOPEDI","SEDANG 1","BOTD010244","Debridement Digiti"
"Mitra Keluarga Bekasi Timur","BEDAH ORTHOPEDI","SEDANG 1","BOTD010245","Drainase Infeksi Superficial"
"Mitra Keluarga Bekasi Timur","BEDAH ORTHOPEDI","SEDANG 1","BOTD010247","Crush Injury Jari"
"Mitra Keluarga Bekasi Timur","BEDAH ORTHOPEDI","SEDANG 1","BOTD010248","Tendon Sheath (Ekstremitas Atas, Ganglion/ Villo Nodular Synovitis, Excision)"
"Mitra Keluarga Bekasi Timur","BEDAH ORTHOPEDI","SEDANG 1","BOTD010256","Open Biopsi Tumor Vertebra"
"Mitra Keluarga Bekasi Timur","BEDAH ORTHOPEDI","SEDANG 1","BOTD010259","Repair Nail Bed Laceration > 1 Jari"
"Mitra Keluarga Bekasi Timur","BEDAH ORTHOPEDI","SEDANG 1","BOTD010261","Tendon (Extremitas Atas), Bowstringing/ Entrapment, Pulley Rekonstruksi"
"Mitra Keluarga Bekasi Timur","BEDAH ORTHOPEDI","SEDANG 1","BOTD010262","Tendon Sheath (Ekstremitas Atas, Tenosynovitis (Multiple), Drainase)"
"Mitra Keluarga Bekasi Timur","BEDAH ORTHOPEDI","SEDANG 1","BOTD010279","Full Thickness Skin Graft (FTSG) Single Digiti"
"Mitra Keluarga Bekasi Timur","BEDAH ORTHOPEDI","SEDANG 1","BOTD010303","Release Tennis Elbow"
"Mitra Keluarga Bekasi Timur","BEDAH ORTHOPEDI","SEDANG 1","BOTD010402","ORIF Wire Manus (Phalang, Metacarpal)"
"Mitra Keluarga Bekasi Timur","BEDAH ORTHOPEDI","SEDANG 1","BOTD010444","Debridement ORIF Wire Digiti Manus"
"Mitra Keluarga Bekasi Timur","BEDAH ORTHOPEDI","SEDANG 1","BOTD010448","Debridement + VAC"
"Mitra Keluarga Bekasi Timur","BEDAH ORTHOPEDI","SEDANG 1","BOTD010454","Injeksi Intralesi"
"Mitra Keluarga Bekasi Timur","BEDAH ORTHOPEDI","SEDANG 1","BOTD010465","Red Block + Transforaminal Epidural Steroid"
"Mitra Keluarga Bekasi Timur","BEDAH ORTHOPEDI","SEDANG 1","BOTD010468","Percutaneous Pining/ Wiring"
"Mitra Keluarga Bekasi Timur","BEDAH ORTHOPEDI","SEDANG 1","BOTD010469","Wound Debridement Crush Injury"
"Mitra Keluarga Bekasi Timur","BEDAH ORTHOPEDI","SEDANG 1","BOTD010470","Marginal Excisi Bone Tumor"
"Mitra Keluarga Bekasi Timur","BEDAH ORTHOPEDI","BESAR 1","BOTD010002","Aff Implant Kompleks"
"Mitra Keluarga Bekasi Timur","BEDAH ORTHOPEDI","BESAR 1","BOTD010004","Aff K Wire Multiple"
"Mitra Keluarga Bekasi Timur","BEDAH ORTHOPEDI","BESAR 1","BOTD010009","Amputasi Transmedular"
"Mitra Keluarga Bekasi Timur","BEDAH ORTHOPEDI","BESAR 1","BOTD010011","Ray Amputasi"
"Mitra Keluarga Bekasi Timur","BEDAH ORTHOPEDI","BESAR 1","BOTD010012","Artrodesis Sendi Kecil"
"Mitra Keluarga Bekasi Timur","BEDAH ORTHOPEDI","BESAR 1","BOTD010016","Sacro Illiac Joint Injection"
"Mitra Keluarga Bekasi Timur","BEDAH ORTHOPEDI","BESAR 1","BOTD010017","Spinal Facet Block"
"Mitra Keluarga Bekasi Timur","BEDAH ORTHOPEDI","BESAR 1","BOTD010018","Spinal Epidural Injection"
"Mitra Keluarga Bekasi Timur","BEDAH ORTHOPEDI","BESAR 1","BOTD010019","Spinal Nerve Block"
"Mitra Keluarga Bekasi Timur","BEDAH ORTHOPEDI","BESAR 1","BOTD010022","Debridement of Infected Joint Replacement"
"Mitra Keluarga Bekasi Timur","BEDAH ORTHOPEDI","BESAR 1","BOTD010023","Debridement Osteomielitis"
"Mitra Keluarga Bekasi Timur","BEDAH ORTHOPEDI","BESAR 1","BOTD010024","Darrach Procedure"
"Mitra Keluarga Bekasi Timur","BEDAH ORTHOPEDI","BESAR 1","BOTD010029","Eksisi Kista Poplitea (Kista Baker)"
"Mitra Keluarga Bekasi Timur","BEDAH ORTHOPEDI","BESAR 1","BOTD010030","Eksisi Osteochondroma"
"Mitra Keluarga Bekasi Timur","BEDAH ORTHOPEDI","BESAR 1","BOTD010031","Eksisi Polidaktili"
"Mitra Keluarga Bekasi Timur","BEDAH ORTHOPEDI","BESAR 1","BOTD010034","Eksisi Soft Tissue Tumor Besar"
"Mitra Keluarga Bekasi Timur","BEDAH ORTHOPEDI","BESAR 1","BOTD010036","Eksisi Tophus 2 - 3 buah"
"Mitra Keluarga Bekasi Timur","BEDAH ORTHOPEDI","BESAR 1","BOTD010039","Eksplorasi dan Ekstraksi Corpus Alienum"
"Mitra Keluarga Bekasi Timur","BEDAH ORTHOPEDI","BESAR 1","BOTD010042","Fasciotomi"
"Mitra Keluarga Bekasi Timur","BEDAH ORTHOPEDI","BESAR 1","BOTD010043","Fiksasi Eksterna"
"Mitra Keluarga Bekasi Timur","BEDAH ORTHOPEDI","BESAR 1","BOTD010053","Gastrocnemius Flap"
"Mitra Keluarga Bekasi Timur","BEDAH ORTHOPEDI","BESAR 1","BOTD010054","Gluteal Flap"
"Mitra Keluarga Bekasi Timur","BEDAH ORTHOPEDI","BESAR 1","BOTD010056","Inguinal Flap"
"Mitra Keluarga Bekasi Timur","BEDAH ORTHOPEDI","BESAR 1","BOTD010057","Soleus Flap"
"Mitra Keluarga Bekasi Timur","BEDAH ORTHOPEDI","BESAR 1","BOTD010061","Open Achilles Tendon Lengthening"
"Mitra Keluarga Bekasi Timur","BEDAH ORTHOPEDI","BESAR 1","BOTD010064","Open Epiphysiodesis"
"Mitra Keluarga Bekasi Timur","BEDAH ORTHOPEDI","BESAR 1","BOTD010066","Muscle Transfer or Transplantation"
"Mitra Keluarga Bekasi Timur","BEDAH ORTHOPEDI","BESAR 1","BOTD010068","Tendon Lengthening"
"Mitra Keluarga Bekasi Timur","BEDAH ORTHOPEDI","BESAR 1","BOTD010070","Tendon Transfer > 2 buah"
"Mitra Keluarga Bekasi Timur","BEDAH ORTHOPEDI","BESAR 1","BOTD010072","ORIF Fracture Simple"
"Mitra Keluarga Bekasi Timur","BEDAH ORTHOPEDI","BESAR 1","BOTD010083","Kuretase Tumor Tulang Panjang"
"Mitra Keluarga Bekasi Timur","BEDAH ORTHOPEDI","BESAR 1","BOTD010084","Patellectomy"
"Mitra Keluarga Bekasi Timur","BEDAH ORTHOPEDI","BESAR 1","BOTD010087","Rekonstruksi Distal Radio Ulnar Joint"
"Mitra Keluarga Bekasi Timur","BEDAH ORTHOPEDI","BESAR 1","BOTD010088","Rekonstruksi Polidaktili (Bilhaut Cloquet)"
"Mitra Keluarga Bekasi Timur","BEDAH ORTHOPEDI","BESAR 1","BOTD010090","Reseksi + Rekonstruksi Tumor Tulang Jari"
"Mitra Keluarga Bekasi Timur","BEDAH ORTHOPEDI","BESAR 1","BOTD010094","Release Carpal Tunnel"
"Mitra Keluarga Bekasi Timur","BEDAH ORTHOPEDI","BESAR 1","BOTD010095","Release Constriction Band"
"Mitra Keluarga Bekasi Timur","BEDAH ORTHOPEDI","BESAR 1","BOTD010097","Release Dupuytren Contracture"
"Mitra Keluarga Bekasi Timur","BEDAH ORTHOPEDI","BESAR 1","BOTD010099","Release Kontraktur Sendi Kecil"
"Mitra Keluarga Bekasi Timur","BEDAH ORTHOPEDI","BESAR 1","BOTD010100","Release Kontraktur Sendi Besar"
"Mitra Keluarga Bekasi Timur","BEDAH ORTHOPEDI","BESAR 1","BOTD010102","Release Sindaktili"
"Mitra Keluarga Bekasi Timur","BEDAH ORTHOPEDI","BESAR 1","BOTD010104","Release Torticolis Bipolar"
"Mitra Keluarga Bekasi Timur","BEDAH ORTHOPEDI","BESAR 1","BOTD010103","Release Torticolis Unipolar"
"Mitra Keluarga Bekasi Timur","BEDAH ORTHOPEDI","BESAR 1","BOTD010107","Release/ Decompression Peripheral Nerve"
"Mitra Keluarga Bekasi Timur","BEDAH ORTHOPEDI","BESAR 1","BOTD010108","Sciatic Nerve Release/ Decompression"
"Mitra Keluarga Bekasi Timur","BEDAH ORTHOPEDI","BESAR 1","BOTD010109","Soft Tissue Release CTEV"
"Mitra Keluarga Bekasi Timur","BEDAH ORTHOPEDI","BESAR 1","BOTD010110","Soft Tissue Release Kontraktur Jari"
"Mitra Keluarga Bekasi Timur","BEDAH ORTHOPEDI","BESAR 1","BOTD010112","Repair Hallux Valgus"
"Mitra Keluarga Bekasi Timur","BEDAH ORTHOPEDI","BESAR 1","BOTD010116","Repair Medial Patello Femoral Ligament (MPFL)"
"Mitra Keluarga Bekasi Timur","BEDAH ORTHOPEDI","BESAR 1","BOTD010117","Repair Nerve Perifer"
"Mitra Keluarga Bekasi Timur","BEDAH ORTHOPEDI","BESAR 1","BOTD010118","Repair Peripheral Nerve Grafting"
"Mitra Keluarga Bekasi Timur","BEDAH ORTHOPEDI","BESAR 1","BOTD010119","Repair Tendon Achilles"
"Mitra Keluarga Bekasi Timur","BEDAH ORTHOPEDI","BESAR 1","BOTD010121","Repair Tendon Patella"
"Mitra Keluarga Bekasi Timur","BEDAH ORTHOPEDI","BESAR 1","BOTD010123","Repair Tendon Kompleks atau > 2"
"Mitra Keluarga Bekasi Timur","BEDAH ORTHOPEDI","BESAR 1","BOTD010124","Repair Vaskuler Perifer"
"Mitra Keluarga Bekasi Timur","BEDAH ORTHOPEDI","BESAR 1","BOTD010128","Reposisi Tertutup Dislokasi Jari Kaki"
"Mitra Keluarga Bekasi Timur","BEDAH ORTHOPEDI","BESAR 1","BOTD010129","Reposisi Tertutup Dislokasi Jari Tangan"
"Mitra Keluarga Bekasi Timur","BEDAH ORTHOPEDI","BESAR 1","BOTD010130","Reposisi Tertutup Fraktur"
"Mitra Keluarga Bekasi Timur","BEDAH ORTHOPEDI","BESAR 1","BOTD010131","Reposisi Tertutup Sendi besar"
"Mitra Keluarga Bekasi Timur","BEDAH ORTHOPEDI","BESAR 1","BOTD010132","Revisi Stump Sendi Besar"
"Mitra Keluarga Bekasi Timur","BEDAH ORTHOPEDI","BESAR 1","BOTD010133","Revisi Stump Sendi Jari"
"Mitra Keluarga Bekasi Timur","BEDAH ORTHOPEDI","BESAR 1","BOTD010137","Skin Graft Besar/ Luas"
"Mitra Keluarga Bekasi Timur","BEDAH ORTHOPEDI","BESAR 1","BOTD010196","Staged Local Flap Multiple Digit"
"Mitra Keluarga Bekasi Timur","BEDAH ORTHOPEDI","BESAR 1","BOTD010205","Bursektomi Mini Open dengan Penyulit"
"Mitra Keluarga Bekasi Timur","BEDAH ORTHOPEDI","BESAR 1","BOTD010217","Fasciotomi dengan Penyulit"
"Mitra Keluarga Bekasi Timur","BEDAH ORTHOPEDI","BESAR 1","BOTD010223","Amputasi Distal dari Metacarpal > 1 Jari"
"Mitra Keluarga Bekasi Timur","BEDAH ORTHOPEDI","BESAR 1","BOTD010224","Debridement Fraktur Terbuka"
"Mitra Keluarga Bekasi Timur","BEDAH ORTHOPEDI","BESAR 1","BOTD010226","Closed Reduction dengan Penyulit"
"Mitra Keluarga Bekasi Timur","BEDAH ORTHOPEDI","BESAR 1","BOTD010227","Finger Tip Injury Single Digiti dengan Penyulit"
"Mitra Keluarga Bekasi Timur","BEDAH ORTHOPEDI","BESAR 1","BOTD010237","Finger Tip Injury 2 Jari"
"Mitra Keluarga Bekasi Timur","BEDAH ORTHOPEDI","BESAR 1","BOTD010240","Discography 1 Level"
"Mitra Keluarga Bekasi Timur","BEDAH ORTHOPEDI","BESAR 1","BOTD010250","Repair Ligamen"
"Mitra Keluarga Bekasi Timur","BEDAH ORTHOPEDI","BESAR 1","BOTD010251","Repair Vaskuler Besar dengan Graft"
"Mitra Keluarga Bekasi Timur","BEDAH ORTHOPEDI","BESAR 1","BOTD010252","Syme'S Amputation"
"Mitra Keluarga Bekasi Timur","BEDAH ORTHOPEDI","BESAR 1","BOTD010264","Mipo Sederhana"
"Mitra Keluarga Bekasi Timur","BEDAH ORTHOPEDI","BESAR 1","BOTD010266","Tenotomy dengan Kontraktur"
"Mitra Keluarga Bekasi Timur","BEDAH ORTHOPEDI","BESAR 1","BOTD010269","Debridement dan Soft Tissue Release pada Infeksi Sendi"
"Mitra Keluarga Bekasi Timur","BEDAH ORTHOPEDI","BESAR 1","BOTD010275","Repair Single Nerve Major"
"Mitra Keluarga Bekasi Timur","BEDAH ORTHOPEDI","BESAR 1","BOTD010281","Repair Arteri Besar dengan Graft"
"Mitra Keluarga Bekasi Timur","BEDAH ORTHOPEDI","BESAR 1","BOTD010291","Ekstraksi Loose Bodies dengan Penyulit"
"Mitra Keluarga Bekasi Timur","BEDAH ORTHOPEDI","BESAR 1","BOTD010305","Microsurgery Repair Digital Nerve (Single)"
"Mitra Keluarga Bekasi Timur","BEDAH ORTHOPEDI","BESAR 1","BOTD010310","Arthroplasty Small Joint dengan Penyulit"
"Mitra Keluarga Bekasi Timur","BEDAH ORTHOPEDI","BESAR 1","BOTD010320","Bone Graft"
"Mitra Keluarga Bekasi Timur","BEDAH ORTHOPEDI","BESAR 1","BOTD010330","Debridement, Nekrotomy dan Saucerization pada Chronic Osteomyelitis"
"Mitra Keluarga Bekasi Timur","BEDAH ORTHOPEDI","BESAR 1","BOTD010358","ORIF Bimaleolus"
"Mitra Keluarga Bekasi Timur","BEDAH ORTHOPEDI","BESAR 1","BOTD010359","ORIF Fracture Base Metatarsal"
"Mitra Keluarga Bekasi Timur","BEDAH ORTHOPEDI","BESAR 1","BOTD010361","ORIF Fracture Malleoulus (Single)"
"Mitra Keluarga Bekasi Timur","BEDAH ORTHOPEDI","BESAR 1","BOTD010364","ORIF K Wire Supracondylar Humerus Simple"
"Mitra Keluarga Bekasi Timur","BEDAH ORTHOPEDI","BESAR 1","BOTD010365","ORIF K Wire Supracondylar Humerus + Penyulit"
"Mitra Keluarga Bekasi Timur","BEDAH ORTHOPEDI","BESAR 1","BOTD010367","ORIF Fracture Radius Ulna"
"Mitra Keluarga Bekasi Timur","BEDAH ORTHOPEDI","BESAR 1","BOTD010368","ORIF Fracture Tibia Fibula"
"Mitra Keluarga Bekasi Timur","BEDAH ORTHOPEDI","BESAR 1","BOTD010375","Posteromedial Soft Tissue Release CTEV"
"Mitra Keluarga Bekasi Timur","BEDAH ORTHOPEDI","BESAR 1","BOTD010383","Remove Plate Screw"
"Mitra Keluarga Bekasi Timur","BEDAH ORTHOPEDI","BESAR 1","BOTD010384","Remove Plate Screw + Penyulit"
"Mitra Keluarga Bekasi Timur","BEDAH ORTHOPEDI","BESAR 1","BOTD010387","Repair Tendon/ Syaraf/ Vaskular (Single)"
"Mitra Keluarga Bekasi Timur","BEDAH ORTHOPEDI","BESAR 1","BOTD010389","Reposisi Terbuka dan Fiksasi Interna pada Kasus Salter - Harris III, dan IV"
"Mitra Keluarga Bekasi Timur","BEDAH ORTHOPEDI","BESAR 1","BOTD010401","ORIF with Wires and Screw"
"Mitra Keluarga Bekasi Timur","BEDAH ORTHOPEDI","BESAR 1","BOTD010407","ORIF LCP Plate"
"Mitra Keluarga Bekasi Timur","BEDAH ORTHOPEDI","BESAR 1","BOTD010409","ORIF Supracondylar Femur Single"
"Mitra Keluarga Bekasi Timur","BEDAH ORTHOPEDI","BESAR 1","BOTD010412","ORIF Supracondylar Humerus Double Plate"
"Mitra Keluarga Bekasi Timur","BEDAH ORTHOPEDI","BESAR 1","BOTD010414","Fiksasi (ORIF) Double Plate"
"Mitra Keluarga Bekasi Timur","BEDAH ORTHOPEDI","BESAR 1","BOTD010443","Selective Nerve Root Block (SNRB)"
"Mitra Keluarga Bekasi Timur","BEDAH ORTHOPEDI","BESAR 1","BOTD010445","ORIF Wire Clavicula"
"Mitra Keluarga Bekasi Timur","BEDAH ORTHOPEDI","BESAR 1","BOTD010446","ORIF Plate and Screw Clavicula"
"Mitra Keluarga Bekasi Timur","BEDAH ORTHOPEDI","BESAR 1","BOTD010452","Amputasi Small Limb/ Joint"
"Mitra Keluarga Bekasi Timur","BEDAH ORTHOPEDI","BESAR 1","BOTD010463","ORIF Tension Band Wiring Patella"
"Mitra Keluarga Bekasi Timur","BEDAH ORTHOPEDI","BESAR 1","BOTD010471","Joint Stiffness Liberation"
"Mitra Keluarga Bekasi Timur","BEDAH ORTHOPEDI","BESAR 1","BOTD010473","ORIF Malleolus (Single) + Penyulit"
"Mitra Keluarga Bekasi Timur","BEDAH ORTHOPEDI","BESAR 1","BOTD010475","Multiple Flexor Tendon Repair"
"Mitra Keluarga Bekasi Timur","BEDAH ORTHOPEDI","BESAR 1","BOTD010476","ORIF Tibia Proximal/ Distal"
"Mitra Keluarga Bekasi Timur","BEDAH ORTHOPEDI","BESAR 1","BOTD010477","ORIF Femur Distal"
"Mitra Keluarga Bekasi Timur","BEDAH ORTHOPEDI","BESAR 1","BOTD010488","Pasang K-Wire 2-3 Jari"
"Mitra Keluarga Bekasi Timur","BEDAH ORTHOPEDI","BESAR 1","BOTD010495","Fraktur Amputasi ≥ 3 Jari + Debridement"
"Mitra Keluarga Bekasi Timur","BEDAH ORTHOPEDI","BESAR 2","BOTD010013","Artrodesis Sendi Besar"
"Mitra Keluarga Bekasi Timur","BEDAH ORTHOPEDI","BESAR 2","BOTD010014","Triple Artrodesis"
"Mitra Keluarga Bekasi Timur","BEDAH ORTHOPEDI","BESAR 2","BOTD010037","Eksisi Tophus 4 - 5 buah"
"Mitra Keluarga Bekasi Timur","BEDAH ORTHOPEDI","BESAR 2","BOTD010065","Medial Patello Femoral Ligament (MPFL) Reconstruction"
"Mitra Keluarga Bekasi Timur","BEDAH ORTHOPEDI","BESAR 2","BOTD010067","Patellofemoral Realignment"
"Mitra Keluarga Bekasi Timur","BEDAH ORTHOPEDI","BESAR 2","BOTD010069","Tendon Transfer 1 - 2 buah"
"Mitra Keluarga Bekasi Timur","BEDAH ORTHOPEDI","BESAR 2","BOTD010073","ORIF Fracture Kompleks/ K Nail/ Interlocking Nail"
"Mitra Keluarga Bekasi Timur","BEDAH ORTHOPEDI","BESAR 2","BOTD010080","Femur Osteotomi"
"Mitra Keluarga Bekasi Timur","BEDAH ORTHOPEDI","BESAR 2","BOTD010081","Korektif Osteotomi"
"Mitra Keluarga Bekasi Timur","BEDAH ORTHOPEDI","BESAR 2","BOTD010086","Tibia Osteotomi"
"Mitra Keluarga Bekasi Timur","BEDAH ORTHOPEDI","BESAR 2","BOTD010089","Rekonstruksi Tulang CTEV"
"Mitra Keluarga Bekasi Timur","BEDAH ORTHOPEDI","BESAR 2","BOTD010093","Rekonstruksi Defect Tulang dengan Bone Graft"
"Mitra Keluarga Bekasi Timur","BEDAH ORTHOPEDI","BESAR 2","BOTD010096","Release De Quervain"
"Mitra Keluarga Bekasi Timur","BEDAH ORTHOPEDI","BESAR 2","BOTD010098","Release Epicondylitis"
"Mitra Keluarga Bekasi Timur","BEDAH ORTHOPEDI","BESAR 2","BOTD010113","Repair Hammer Toe"
"Mitra Keluarga Bekasi Timur","BEDAH ORTHOPEDI","BESAR 2","BOTD010115","Repair Mallet Finger"
"Mitra Keluarga Bekasi Timur","BEDAH ORTHOPEDI","BESAR 2","BOTD010120","Rekonstruksi Tendon Achilles"
"Mitra Keluarga Bekasi Timur","BEDAH ORTHOPEDI","BESAR 2","BOTD010125","Open Reduction Dislokasi Sendi Besar Kasus Lama"
"Mitra Keluarga Bekasi Timur","BEDAH ORTHOPEDI","BESAR 2","BOTD010127","Open Reduction Dislokasi Sendi Besar"
"Mitra Keluarga Bekasi Timur","BEDAH ORTHOPEDI","BESAR 2","BOTD010138","Synovectomy Major Joint"
"Mitra Keluarga Bekasi Timur","BEDAH ORTHOPEDI","BESAR 2","BOTD010170","Derotational Arthroplasty"
"Mitra Keluarga Bekasi Timur","BEDAH ORTHOPEDI","BESAR 2","BOTD010171","Girdlestone Arthroplasty"
"Mitra Keluarga Bekasi Timur","BEDAH ORTHOPEDI","BESAR 2","BOTD010185","ORIF Fracture Kompleks"
"Mitra Keluarga Bekasi Timur","BEDAH ORTHOPEDI","BESAR 2","BOTD010188","ORIF dengan Interlocking Nail"
"Mitra Keluarga Bekasi Timur","BEDAH ORTHOPEDI","BESAR 2","BOTD010202","Rekonstuksi Manus dengan Penyulit"
"Mitra Keluarga Bekasi Timur","BEDAH ORTHOPEDI","BESAR 2","BOTD010208","Arthroscopy Wrist Joint"
"Mitra Keluarga Bekasi Timur","BEDAH ORTHOPEDI","BESAR 2","BOTD010230","Jaringan Granulasi - Split Thickness Skin Graft (STSG)"
"Mitra Keluarga Bekasi Timur","BEDAH ORTHOPEDI","BESAR 2","BOTD010236","Skin Graft (Panjang + Lebar < 20 cm)"
"Mitra Keluarga Bekasi Timur","BEDAH ORTHOPEDI","BESAR 2","BOTD010254","Cubital Periarthroscopy"
"Mitra Keluarga Bekasi Timur","BEDAH ORTHOPEDI","BESAR 2","BOTD010255","Repair Tendon Achilles Kompleks"
"Mitra Keluarga Bekasi Timur","BEDAH ORTHOPEDI","BESAR 2","BOTD010257","Discography > 1 Level"
"Mitra Keluarga Bekasi Timur","BEDAH ORTHOPEDI","BESAR 2","BOTD010258","Crush Injury Lengan"
"Mitra Keluarga Bekasi Timur","BEDAH ORTHOPEDI","BESAR 2","BOTD010265","Haglund Osteotomy"
"Mitra Keluarga Bekasi Timur","BEDAH ORTHOPEDI","BESAR 2","BOTD010268","Intradiscal Electrothermal Therapy 1 Level (IDET)"
"Mitra Keluarga Bekasi Timur","BEDAH ORTHOPEDI","BESAR 2","BOTD010270","ORIF Fracture Tulang Panjang pada Anak"
"Mitra Keluarga Bekasi Timur","BEDAH ORTHOPEDI","BESAR 2","BOTD010273","Repair Ligamen dengan Penyulit"
"Mitra Keluarga Bekasi Timur","BEDAH ORTHOPEDI","BESAR 2","BOTD010274","Repair Vaskuler Besar dengan Graft dan Penyulit"
"Mitra Keluarga Bekasi Timur","BEDAH ORTHOPEDI","BESAR 2","BOTD010276","Syme'S Amputation dengan Penyulit"
"Mitra Keluarga Bekasi Timur","BEDAH ORTHOPEDI","BESAR 2","BOTD010290","Rekonstruksi Patela dengan Penyulit"
"Mitra Keluarga Bekasi Timur","BEDAH ORTHOPEDI","BESAR 2","BOTD010296","Major Excision of Malignant Tumor dengan Penyulit"
"Mitra Keluarga Bekasi Timur","BEDAH ORTHOPEDI","BESAR 2","BOTD010297","Major Soft Tissue Muscle dan Tendon Release in Deformities of Cerebral Plasty + Penyulit"
"Mitra Keluarga Bekasi Timur","BEDAH ORTHOPEDI","BESAR 2","BOTD010306","Jari, Deformity, Intrinsic Muscle Release/ Tranfer/ Extensor Relocation"
"Mitra Keluarga Bekasi Timur","BEDAH ORTHOPEDI","BESAR 2","BOTD010316","Amputation of The Arm, Fore Arm, Below Knee, and Above Knee"
"Mitra Keluarga Bekasi Timur","BEDAH ORTHOPEDI","BESAR 2","BOTD010323","Bony Reconstruction pada Ekstremitas Bawah Anak"
"Mitra Keluarga Bekasi Timur","BEDAH ORTHOPEDI","BESAR 2","BOTD010324","Bursektomi Mini Open"
"Mitra Keluarga Bekasi Timur","BEDAH ORTHOPEDI","BESAR 2","BOTD010332","Decompresion of Nerve Entrapment Sindrome"
"Mitra Keluarga Bekasi Timur","BEDAH ORTHOPEDI","BESAR 2","BOTD010344","Locking Proximal Humerus Plate (LPHP)"
"Mitra Keluarga Bekasi Timur","BEDAH ORTHOPEDI","BESAR 2","BOTD010345","Multiple Digit Fingertip Injury > 2 jari"
"Mitra Keluarga Bekasi Timur","BEDAH ORTHOPEDI","BESAR 2","BOTD010346","Multiple Nerve Repair (Eg. Brachial, Plexus Injury)"
"Mitra Keluarga Bekasi Timur","BEDAH ORTHOPEDI","BESAR 2","BOTD010349","Negletica Achilles Tendon Repair"
"Mitra Keluarga Bekasi Timur","BEDAH ORTHOPEDI","BESAR 2","BOTD010355","Operasi Rekonstruksi Ibu Jari Kaki pada Halux Valgus"
"Mitra Keluarga Bekasi Timur","BEDAH ORTHOPEDI","BESAR 2","BOTD010362","ORIF Fracture Plate Khusus"
"Mitra Keluarga Bekasi Timur","BEDAH ORTHOPEDI","BESAR 2","BOTD010369","Osteotomy (Bowing, Pseudo Arthrosis)"
"Mitra Keluarga Bekasi Timur","BEDAH ORTHOPEDI","BESAR 2","BOTD010372","Percutaneous Tendon Tenotomy"
"Mitra Keluarga Bekasi Timur","BEDAH ORTHOPEDI","BESAR 2","BOTD010376","Rekonstruksi Dislokasi Shoulder Mini Open"
"Mitra Keluarga Bekasi Timur","BEDAH ORTHOPEDI","BESAR 2","BOTD010378","Rekonstruksi Rotator Cuff"
"Mitra Keluarga Bekasi Timur","BEDAH ORTHOPEDI","BESAR 2","BOTD010382","Removal of Spine Implants"
"Mitra Keluarga Bekasi Timur","BEDAH ORTHOPEDI","BESAR 2","BOTD010393","Soft Tissue Release dan Enhancement pada Kasus Fraktur Habitual"
"Mitra Keluarga Bekasi Timur","BEDAH ORTHOPEDI","BESAR 2","BOTD010394","Soft Tissue Release pada Kelainan Cerebral Palsy, Arhtogryposis, Spina Bifida"
"Mitra Keluarga Bekasi Timur","BEDAH ORTHOPEDI","BESAR 2","BOTD010400","ORIF Jari Miniplate"
"Mitra Keluarga Bekasi Timur","BEDAH ORTHOPEDI","BESAR 2","BOTD010406","ORIF Fracture Intra Artikuler Sederhana"
"Mitra Keluarga Bekasi Timur","BEDAH ORTHOPEDI","BESAR 2","BOTD010411","ORIF Fracture Clavicula Comminutive"
"Mitra Keluarga Bekasi Timur","BEDAH ORTHOPEDI","BESAR 2","BOTD010413","ORIF Tibial Plateau Cominutif"
"Mitra Keluarga Bekasi Timur","BEDAH ORTHOPEDI","BESAR 2","BOTD010415","Operation on The Clavicle, Acromion, AC Joint"
"Mitra Keluarga Bekasi Timur","BEDAH ORTHOPEDI","BESAR 2","BOTD010418","Multiple Screwing Simple Collum Femur"
"Mitra Keluarga Bekasi Timur","BEDAH ORTHOPEDI","BESAR 2","BOTD010419","Radiofrekuensi Lumbal"
"Mitra Keluarga Bekasi Timur","BEDAH ORTHOPEDI","BESAR 2","BOTD010422","Skin Flap Multiple"
"Mitra Keluarga Bekasi Timur","BEDAH ORTHOPEDI","BESAR 2","BOTD010427","Fracture Distal Plateau Komplek"
"Mitra Keluarga Bekasi Timur","BEDAH ORTHOPEDI","BESAR 2","BOTD010432","Mozaic Plasty Surgery"
"Mitra Keluarga Bekasi Timur","BEDAH ORTHOPEDI","BESAR 2","BOTD010433","Locking Nailing (Humerus, Femur, Tibia)"
"Mitra Keluarga Bekasi Timur","BEDAH ORTHOPEDI","BESAR 2","BOTD010435","Acromioplasty Arthroscopy"
"Mitra Keluarga Bekasi Timur","BEDAH ORTHOPEDI","BESAR 2","BOTD010439","Tens Double (Radius-Ulna, Tibia, Femur)"
"Mitra Keluarga Bekasi Timur","BEDAH ORTHOPEDI","BESAR 2","BOTD010440","Corrective Surgery for Bone, Joint Deformities"
"Mitra Keluarga Bekasi Timur","BEDAH ORTHOPEDI","BESAR 2","BOTD010441","Single Flexor Tendon Grafting"
"Mitra Keluarga Bekasi Timur","BEDAH ORTHOPEDI","BESAR 2","BOTD010447","Other Arthrotomy"
"Mitra Keluarga Bekasi Timur","BEDAH ORTHOPEDI","BESAR 2","BOTD010450","Rekonstruksi Soft Tissue"
"Mitra Keluarga Bekasi Timur","BEDAH ORTHOPEDI","BESAR 2","BOTD010451","Rekonstruksi Sendi"
"Mitra Keluarga Bekasi Timur","BEDAH ORTHOPEDI","BESAR 2","BOTD010453","Amputasi Large Limb/ Joint"
"Mitra Keluarga Bekasi Timur","BEDAH ORTHOPEDI","BESAR 2","BOTD010456","Elbow Arthroscopy"
"Mitra Keluarga Bekasi Timur","BEDAH ORTHOPEDI","BESAR 2","BOTD010457","Release Contracture per Arthroscopy"
"Mitra Keluarga Bekasi Timur","BEDAH ORTHOPEDI","BESAR 2","BOTD010462","ORIF Trimaleolus"
"Mitra Keluarga Bekasi Timur","BEDAH ORTHOPEDI","BESAR 2","BOTD010466","Arthroscopy Knee"
"Mitra Keluarga Bekasi Timur","BEDAH ORTHOPEDI","BESAR 2","BOTD010471","Joint Stiffness Liberation"
"Mitra Keluarga Bekasi Timur","BEDAH ORTHOPEDI","BESAR 2","BOTD010472","OREF"
"Mitra Keluarga Bekasi Timur","BEDAH ORTHOPEDI","BESAR 2","BOTD010478","Wide Excision Tumor"
"Mitra Keluarga Bekasi Timur","BEDAH ORTHOPEDI","BESAR 2","BOTD010481","ORIF Tibia Proximal/ Distal + Penyulit"
"Mitra Keluarga Bekasi Timur","BEDAH ORTHOPEDI","BESAR 2","BOTD010482","ORIF Femur Distal + Penyulit"
"Mitra Keluarga Bekasi Timur","BEDAH ORTHOPEDI","BESAR 2","BOTD010487","Thenar Flap"
"Mitra Keluarga Bekasi Timur","BEDAH ORTHOPEDI","BESAR 2","BOTD010489","Abdominal Flap"
"Mitra Keluarga Bekasi Timur","BEDAH ORTHOPEDI","BESAR 2","BOTD010490","Pasang K - Wire ≥ 4 Jari"
"Mitra Keluarga Bekasi Timur","BEDAH ORTHOPEDI","BESAR 2","BOTD010491","Foraminotomy (Posterior Approach Spondylitis)"
"Mitra Keluarga Bekasi Timur","BEDAH ORTHOPEDI","BESAR 2","BOTD010493","Fraktur Amputasi 1 - 2 Jari + Debridement"
"Mitra Keluarga Bekasi Timur","BEDAH ORTHOPEDI","BESAR 2","BOTD010494","Tenoraphy 1 Tendon"
"Mitra Keluarga Bekasi Timur","BEDAH ORTHOPEDI","BESAR 2","BOTD010497","Fiksasi Eksterna Kompleks"
"Mitra Keluarga Bekasi Timur","BEDAH ORTHOPEDI","BESAR 2","BOTD010500","Debridement Soft Tissue"
"Mitra Keluarga Bekasi Timur","BEDAH ORTHOPEDI","BESAR 2","BOTD010587","ORIF Plate and Screw Clavicula Kompleks"
"Mitra Keluarga Bekasi Timur","BEDAH ORTHOPEDI","KHUSUS 1","BOTD010007","Amputasi Forequarter"
"Mitra Keluarga Bekasi Timur","BEDAH ORTHOPEDI","KHUSUS 1","BOTD010008","Amputasi Hindquarter"
"Mitra Keluarga Bekasi Timur","BEDAH ORTHOPEDI","KHUSUS 1","BOTD010038","Eksisi Tophus > 5 buah"
"Mitra Keluarga Bekasi Timur","BEDAH ORTHOPEDI","KHUSUS 1","BOTD010044","Pasang C Clamp Pelvis"
"Mitra Keluarga Bekasi Timur","BEDAH ORTHOPEDI","KHUSUS 1","BOTD010052","Free Flap Transfer"
"Mitra Keluarga Bekasi Timur","BEDAH ORTHOPEDI","KHUSUS 1","BOTD010075","ORIF Fracture Intertrochanter Femur"
"Mitra Keluarga Bekasi Timur","BEDAH ORTHOPEDI","KHUSUS 1","BOTD010077","ORIF Fracture Lama/ Malunion/ Nonunion/ Neglected"
"Mitra Keluarga Bekasi Timur","BEDAH ORTHOPEDI","KHUSUS 1","BOTD010085","Pelvis Osteotomi"
"Mitra Keluarga Bekasi Timur","BEDAH ORTHOPEDI","KHUSUS 1","BOTD010092","Reseksi Tumor Tulang Panjang + Fiksasi"
"Mitra Keluarga Bekasi Timur","BEDAH ORTHOPEDI","KHUSUS 1","BOTD010114","Repair LCL/ MCL"
"Mitra Keluarga Bekasi Timur","BEDAH ORTHOPEDI","KHUSUS 1","BOTD010126","Open Reduction Dislokasi Sendi Jari"
"Mitra Keluarga Bekasi Timur","BEDAH ORTHOPEDI","KHUSUS 1","BOTD010134","Bankhart Procedure"
"Mitra Keluarga Bekasi Timur","BEDAH ORTHOPEDI","KHUSUS 1","BOTD010135","Bristow Latarjet Procedure"
"Mitra Keluarga Bekasi Timur","BEDAH ORTHOPEDI","KHUSUS 1","BOTD010139","Acromioplasty"
"Mitra Keluarga Bekasi Timur","BEDAH ORTHOPEDI","KHUSUS 1","BOTD010140","Arthroscopy Diagnostic Shoulder"
"Mitra Keluarga Bekasi Timur","BEDAH ORTHOPEDI","KHUSUS 1","BOTD010142","Subacrominal Decompression"
"Mitra Keluarga Bekasi Timur","BEDAH ORTHOPEDI","KHUSUS 1","BOTD010145","Rotator Cuff Repair by Arthroscopy"
"Mitra Keluarga Bekasi Timur","BEDAH ORTHOPEDI","KHUSUS 1","BOTD010148","Spine Anterior Debridement"
"Mitra Keluarga Bekasi Timur","BEDAH ORTHOPEDI","KHUSUS 1","BOTD010149","Spine Posterior Debridement"
"Mitra Keluarga Bekasi Timur","BEDAH ORTHOPEDI","KHUSUS 1","BOTD010150","Spine Discectomy"
"Mitra Keluarga Bekasi Timur","BEDAH ORTHOPEDI","KHUSUS 1","BOTD010151","Spine Fusion"
"Mitra Keluarga Bekasi Timur","BEDAH ORTHOPEDI","KHUSUS 1","BOTD010152","Spine Disc Replacement"
"Mitra Keluarga Bekasi Timur","BEDAH ORTHOPEDI","KHUSUS 1","BOTD010153","Spine Decompression"
"Mitra Keluarga Bekasi Timur","BEDAH ORTHOPEDI","KHUSUS 1","BOTD010154","Spine Instrumentation"
"Mitra Keluarga Bekasi Timur","BEDAH ORTHOPEDI","KHUSUS 1","BOTD010155","Hip Arthroscopy"
"Mitra Keluarga Bekasi Timur","BEDAH ORTHOPEDI","KHUSUS 1","BOTD010156","Arthroscopy Debridement"
"Mitra Keluarga Bekasi Timur","BEDAH ORTHOPEDI","KHUSUS 1","BOTD010157","Lateral Plica Release"
"Mitra Keluarga Bekasi Timur","BEDAH ORTHOPEDI","KHUSUS 1","BOTD010158","Meniscus Repair/ Menisectomy"
"Mitra Keluarga Bekasi Timur","BEDAH ORTHOPEDI","KHUSUS 1","BOTD010159","Medial Plica Release"
"Mitra Keluarga Bekasi Timur","BEDAH ORTHOPEDI","KHUSUS 1","BOTD010160","Microfracture Technique"
"Mitra Keluarga Bekasi Timur","BEDAH ORTHOPEDI","KHUSUS 1","BOTD010161","Arthroscopic Fracture Fixation"
"Mitra Keluarga Bekasi Timur","BEDAH ORTHOPEDI","KHUSUS 1","BOTD010172","Acetabuloplasty"
"Mitra Keluarga Bekasi Timur","BEDAH ORTHOPEDI","KHUSUS 1","BOTD010173","Debridement + Hardware Removal of Infected Joint Replacement"
"Mitra Keluarga Bekasi Timur","BEDAH ORTHOPEDI","KHUSUS 1","BOTD010174","Hemiarthroplasty"
"Mitra Keluarga Bekasi Timur","BEDAH ORTHOPEDI","KHUSUS 1","BOTD010175","Mosaic Chondroplasty"
"Mitra Keluarga Bekasi Timur","BEDAH ORTHOPEDI","KHUSUS 1","BOTD010187","ORIF dengan Interlocking Nail dengan Penyulit"
"Mitra Keluarga Bekasi Timur","BEDAH ORTHOPEDI","KHUSUS 1","BOTD010190","ORIF Fracture Plate Khusus dengan Penyulit"
"Mitra Keluarga Bekasi Timur","BEDAH ORTHOPEDI","KHUSUS 1","BOTD010194","Revision Arthroscopic Surgery"
"Mitra Keluarga Bekasi Timur","BEDAH ORTHOPEDI","KHUSUS 1","BOTD010195","Revision Spine Surgery"
"Mitra Keluarga Bekasi Timur","BEDAH ORTHOPEDI","KHUSUS 1","BOTD010200","Operasi Plif dengan Penyulit"
"Mitra Keluarga Bekasi Timur","BEDAH ORTHOPEDI","KHUSUS 1","BOTD010204","Rekonstruksi Dislokasi Shoulder Mini Open dengan Penyulit"
"Mitra Keluarga Bekasi Timur","BEDAH ORTHOPEDI","KHUSUS 1","BOTD010206","Hemiarthroplasty Bipolar dengan Penyulit"
"Mitra Keluarga Bekasi Timur","BEDAH ORTHOPEDI","KHUSUS 1","BOTD010209","Arthroscopy Ankle dengan Penyulit"
"Mitra Keluarga Bekasi Timur","BEDAH ORTHOPEDI","KHUSUS 1","BOTD010210","Arthroscopy Wrist Joint dengan Penyulit"
"Mitra Keluarga Bekasi Timur","BEDAH ORTHOPEDI","KHUSUS 1","BOTD010220","Major Desloughing, Wound Debridement of Spine"
"Mitra Keluarga Bekasi Timur","BEDAH ORTHOPEDI","KHUSUS 1","BOTD010253","Vertebroplasty"
"Mitra Keluarga Bekasi Timur","BEDAH ORTHOPEDI","KHUSUS 1","BOTD010271","Crush Injury Kompleks"
"Mitra Keluarga Bekasi Timur","BEDAH ORTHOPEDI","KHUSUS 1","BOTD010282","Mozaic Plasty dengan Penyulit"
"Mitra Keluarga Bekasi Timur","BEDAH ORTHOPEDI","KHUSUS 1","BOTD010284","ORIF Calcaneus dengan Penyulit"
"Mitra Keluarga Bekasi Timur","BEDAH ORTHOPEDI","KHUSUS 1","BOTD010288","Chondroplasty dengan Penyulit"
"Mitra Keluarga Bekasi Timur","BEDAH ORTHOPEDI","KHUSUS 1","BOTD010289","Shrinkage Acl dengan Penyulit"
"Mitra Keluarga Bekasi Timur","BEDAH ORTHOPEDI","KHUSUS 1","BOTD010295","Locking Proximal Humerus Plate dengan Penyulit"
"Mitra Keluarga Bekasi Timur","BEDAH ORTHOPEDI","KHUSUS 1","BOTD010298","Reconstructive Procedure of Shoulder + Penyulit"
"Mitra Keluarga Bekasi Timur","BEDAH ORTHOPEDI","KHUSUS 1","BOTD010299","Reconstructive Surgery of Pattelar Habitual Dislocation + Penyulit"
"Mitra Keluarga Bekasi Timur","BEDAH ORTHOPEDI","KHUSUS 1","BOTD010300","Triple Artrodesis dengan Penyulit"
"Mitra Keluarga Bekasi Timur","BEDAH ORTHOPEDI","KHUSUS 1","BOTD010309","Sendi (Jari), Various Lesions, Replacement Arthroplasty"
"Mitra Keluarga Bekasi Timur","BEDAH ORTHOPEDI","KHUSUS 1","BOTD010311","Arthroscopy Partial Meniscectomy, Loose Bodies Removal dengan Penyulit"
"Mitra Keluarga Bekasi Timur","BEDAH ORTHOPEDI","KHUSUS 1","BOTD010312","Repair ACL"
"Mitra Keluarga Bekasi Timur","BEDAH ORTHOPEDI","KHUSUS 1","BOTD010313","Repair PCL"
"Mitra Keluarga Bekasi Timur","BEDAH ORTHOPEDI","KHUSUS 1","BOTD010325","Closed Reduction Internal Fixation (CRIF) K Wire Colles"
"Mitra Keluarga Bekasi Timur","BEDAH ORTHOPEDI","KHUSUS 1","BOTD010328","Debridement dan Anterior Fusion in TB Spine (without Implant)"
"Mitra Keluarga Bekasi Timur","BEDAH ORTHOPEDI","KHUSUS 1","BOTD010329","Debridement dan Anterior Fusion in TB Spine + Stabilization"
"Mitra Keluarga Bekasi Timur","BEDAH ORTHOPEDI","KHUSUS 1","BOTD010337","HIP Disarculation, Shoulder Disarticulation, Hemiarthroplasty"
"Mitra Keluarga Bekasi Timur","BEDAH ORTHOPEDI","KHUSUS 1","BOTD010340","Less Invasive Stabillitation System (LISS)"
"Mitra Keluarga Bekasi Timur","BEDAH ORTHOPEDI","KHUSUS 1","BOTD010341","Ligamen Reconstructive Surgery, Arthroscopic Assisted/ Guided"
"Mitra Keluarga Bekasi Timur","BEDAH ORTHOPEDI","KHUSUS 1","BOTD010342","Limb Leg Inequality - Bone Lengthening Transport"
"Mitra Keluarga Bekasi Timur","BEDAH ORTHOPEDI","KHUSUS 1","BOTD010343","Limb Lengthening/ Operasi Rekonstruksi pada Anak yang Menggunakan Alat Khusus"
"Mitra Keluarga Bekasi Timur","BEDAH ORTHOPEDI","KHUSUS 1","BOTD010346","Multiple Nerve Repair (Eg. Brachial, Plexus Injury)"
"Mitra Keluarga Bekasi Timur","BEDAH ORTHOPEDI","KHUSUS 1","BOTD010347","Multiple Tendon Grafting"
"Mitra Keluarga Bekasi Timur","BEDAH ORTHOPEDI","KHUSUS 1","BOTD010348","Multiple Tendon Transfer"
"Mitra Keluarga Bekasi Timur","BEDAH ORTHOPEDI","KHUSUS 1","BOTD010351","Open Disectomy (1 Level)"
"Mitra Keluarga Bekasi Timur","BEDAH ORTHOPEDI","KHUSUS 1","BOTD010352","Open Door Laminoplasty"
"Mitra Keluarga Bekasi Timur","BEDAH ORTHOPEDI","KHUSUS 1","BOTD010353","Open Reduction Dislokasi Panggul dengan Acetabuloplasty"
"Mitra Keluarga Bekasi Timur","BEDAH ORTHOPEDI","KHUSUS 1","BOTD010356","Operation Flat Foot"
"Mitra Keluarga Bekasi Timur","BEDAH ORTHOPEDI","KHUSUS 1","BOTD010357","ORIF Acetabulum dan Pelvis"
"Mitra Keluarga Bekasi Timur","BEDAH ORTHOPEDI","KHUSUS 1","BOTD010360","ORIF Fracture Intra Artikular Kompleks"
"Mitra Keluarga Bekasi Timur","BEDAH ORTHOPEDI","KHUSUS 1","BOTD010373","Posterior Lumbar Interbody Fusion (PLIF)"
"Mitra Keluarga Bekasi Timur","BEDAH ORTHOPEDI","KHUSUS 1","BOTD010374","Posterolateral Fusion/ Alartransverse Fusion"
"Mitra Keluarga Bekasi Timur","BEDAH ORTHOPEDI","KHUSUS 1","BOTD010379","Rekonstruksi Panggul pada Bladder Eksthropy"
"Mitra Keluarga Bekasi Timur","BEDAH ORTHOPEDI","KHUSUS 1","BOTD010396","TLIF (Transforaminal Lumbar Interbody Fusion)"
"Mitra Keluarga Bekasi Timur","BEDAH ORTHOPEDI","KHUSUS 1","BOTD010397","Total Disc Replacement (1 Level)"
"Mitra Keluarga Bekasi Timur","BEDAH ORTHOPEDI","KHUSUS 1","BOTD010410","ORIF Tibial Plateau Single Plate"
"Mitra Keluarga Bekasi Timur","BEDAH ORTHOPEDI","KHUSUS 1","BOTD010417","ORIF Jari Cominutif"
"Mitra Keluarga Bekasi Timur","BEDAH ORTHOPEDI","KHUSUS 1","BOTD010423","Bankhart Procedure Arthroscopy"
"Mitra Keluarga Bekasi Timur","BEDAH ORTHOPEDI","KHUSUS 1","BOTD010424","Knee Joint Recontruction"
"Mitra Keluarga Bekasi Timur","BEDAH ORTHOPEDI","KHUSUS 1","BOTD010425","Ligament Repair Ankle Joint Patella Shrinkage"
"Mitra Keluarga Bekasi Timur","BEDAH ORTHOPEDI","KHUSUS 1","BOTD010429","Fracture Tibial Plateau Condylus"
"Mitra Keluarga Bekasi Timur","BEDAH ORTHOPEDI","KHUSUS 1","BOTD010430","Dynamic Hip Screw (DHS)"
"Mitra Keluarga Bekasi Timur","BEDAH ORTHOPEDI","KHUSUS 1","BOTD010431","Hemi Hip Replacement"
"Mitra Keluarga Bekasi Timur","BEDAH ORTHOPEDI","KHUSUS 1","BOTD010455","Acromioclavicular (AC) Joint Arthroscopy"
"Mitra Keluarga Bekasi Timur","BEDAH ORTHOPEDI","KHUSUS 1","BOTD010458","Ulnar Collateral Ligament (UCL) Reconstruction"
"Mitra Keluarga Bekasi Timur","BEDAH ORTHOPEDI","KHUSUS 1","BOTD010459","Radial Collateral Ligament (RCL) Reconstruction"
"Mitra Keluarga Bekasi Timur","BEDAH ORTHOPEDI","KHUSUS 1","BOTD010467","Arthroscopy + Repair Meniscus"
"Mitra Keluarga Bekasi Timur","BEDAH ORTHOPEDI","KHUSUS 1","BOTD010474","OREF + Penyulit"
"Mitra Keluarga Bekasi Timur","BEDAH ORTHOPEDI","KHUSUS 1","BOTD010480","Rekonstruksi Kontraktur"
"Mitra Keluarga Bekasi Timur","BEDAH ORTHOPEDI","KHUSUS 1","BOTD010483","Ankle ATFL Recontruction"
"Mitra Keluarga Bekasi Timur","BEDAH ORTHOPEDI","KHUSUS 1","BOTD010492","Reseksi + Rekonstruksi Tumor Muskuloskeletal"
"Mitra Keluarga Bekasi Timur","BEDAH ORTHOPEDI","KHUSUS 2","BOTD010074","ORIF Fracture Acetabulum"
"Mitra Keluarga Bekasi Timur","BEDAH ORTHOPEDI","KHUSUS 2","BOTD010076","ORIF Fracture Pelvis"
"Mitra Keluarga Bekasi Timur","BEDAH ORTHOPEDI","KHUSUS 2","BOTD010143","Biceps Tendon Repair"
"Mitra Keluarga Bekasi Timur","BEDAH ORTHOPEDI","KHUSUS 2","BOTD010144","Labrum Repair"
"Mitra Keluarga Bekasi Timur","BEDAH ORTHOPEDI","KHUSUS 2","BOTD010146","SLAP (Superior Labrum Anterior and Posterior) Lesion Repair"
"Mitra Keluarga Bekasi Timur","BEDAH ORTHOPEDI","KHUSUS 2","BOTD010147","Scoliosis Surgery"
"Mitra Keluarga Bekasi Timur","BEDAH ORTHOPEDI","KHUSUS 2","BOTD010162","Anterior Cruciate Ligament (ACL) Reconstruction"
"Mitra Keluarga Bekasi Timur","BEDAH ORTHOPEDI","KHUSUS 2","BOTD010163","Lateral Collateral Ligament (LCL) Reconstruction"
"Mitra Keluarga Bekasi Timur","BEDAH ORTHOPEDI","KHUSUS 2","BOTD010164","Medial Collateral Ligament (MCL) Reconstruction"
"Mitra Keluarga Bekasi Timur","BEDAH ORTHOPEDI","KHUSUS 2","BOTD010165","Arthroscopy Medial Patello Femoral Ligament (MPFL) Reconstruction"
"Mitra Keluarga Bekasi Timur","BEDAH ORTHOPEDI","KHUSUS 2","BOTD010166","Posterior Cruciate Ligament (PCL) Reconstruction"
"Mitra Keluarga Bekasi Timur","BEDAH ORTHOPEDI","KHUSUS 2","BOTD010167","Arthroscopy Ekstraksi Loose Bodies"
"Mitra Keluarga Bekasi Timur","BEDAH ORTHOPEDI","KHUSUS 2","BOTD010168","Reseksi Anterior Impingement"
"Mitra Keluarga Bekasi Timur","BEDAH ORTHOPEDI","KHUSUS 2","BOTD010169","Reseksi Posterior Impingement"
"Mitra Keluarga Bekasi Timur","BEDAH ORTHOPEDI","KHUSUS 2","BOTD010176","Elbow Replacement"
"Mitra Keluarga Bekasi Timur","BEDAH ORTHOPEDI","KHUSUS 2","BOTD010177","Revisi Joint Replacement"
"Mitra Keluarga Bekasi Timur","BEDAH ORTHOPEDI","KHUSUS 2","BOTD010178","Total Hip Replacement"
"Mitra Keluarga Bekasi Timur","BEDAH ORTHOPEDI","KHUSUS 2","BOTD010179","Total Knee Replacement"
"Mitra Keluarga Bekasi Timur","BEDAH ORTHOPEDI","KHUSUS 2","BOTD010180","Total Shoulder Replacement"
"Mitra Keluarga Bekasi Timur","BEDAH ORTHOPEDI","KHUSUS 2","BOTD010181","Megaprostesis"
"Mitra Keluarga Bekasi Timur","BEDAH ORTHOPEDI","KHUSUS 2","BOTD010182","Replantasi"
"Mitra Keluarga Bekasi Timur","BEDAH ORTHOPEDI","KHUSUS 2","BOTD010183","Replantasi Multiple Jari/ Single Tangan/ Lengan"
"Mitra Keluarga Bekasi Timur","BEDAH ORTHOPEDI","KHUSUS 2","BOTD010199","Operasi Flat Foot dengan Penyulit"
"Mitra Keluarga Bekasi Timur","BEDAH ORTHOPEDI","KHUSUS 2","BOTD010201","Operasi Posterolateral Fusion dengan Penyulit"
"Mitra Keluarga Bekasi Timur","BEDAH ORTHOPEDI","KHUSUS 2","BOTD010203","Re Operasi Hemiartroplasty Amp dengan Penyulit"
"Mitra Keluarga Bekasi Timur","BEDAH ORTHOPEDI","KHUSUS 2","BOTD010207","Arthroscopy Ankle"
"Mitra Keluarga Bekasi Timur","BEDAH ORTHOPEDI","KHUSUS 2","BOTD010239","Total Patellectomy + Corrective Osteotomy + Eksisi Tumor Jinak + Bone Graft"
"Mitra Keluarga Bekasi Timur","BEDAH ORTHOPEDI","KHUSUS 2","BOTD010277","Vertebroplasty dengan Penyulit"
"Mitra Keluarga Bekasi Timur","BEDAH ORTHOPEDI","KHUSUS 2","BOTD010283","Repair Tendon Multiple"
"Mitra Keluarga Bekasi Timur","BEDAH ORTHOPEDI","KHUSUS 2","BOTD010285","Anterior dan Posterior Surgery in Spinal Deformities with Stabilization + Penyulit"
"Mitra Keluarga Bekasi Timur","BEDAH ORTHOPEDI","KHUSUS 2","BOTD010286","Meniscektomi dengan Penyulit"
"Mitra Keluarga Bekasi Timur","BEDAH ORTHOPEDI","KHUSUS 2","BOTD010287","Meniscoplasty dengan Penyulit"
"Mitra Keluarga Bekasi Timur","BEDAH ORTHOPEDI","KHUSUS 2","BOTD010293","Hemiarthroplasty dengan Penyulit"
"Mitra Keluarga Bekasi Timur","BEDAH ORTHOPEDI","KHUSUS 2","BOTD010294","Less Invasive Stabilization System dengan Penyulit"
"Mitra Keluarga Bekasi Timur","BEDAH ORTHOPEDI","KHUSUS 2","BOTD010301","Mipo Kompleks"
"Mitra Keluarga Bekasi Timur","BEDAH ORTHOPEDI","KHUSUS 2","BOTD010302","Rekonstruksi Ankle dengan Penyulit"
"Mitra Keluarga Bekasi Timur","BEDAH ORTHOPEDI","KHUSUS 2","BOTD010304","Microsurgery Repair Digital Nerve (Multiple)"
"Mitra Keluarga Bekasi Timur","BEDAH ORTHOPEDI","KHUSUS 2","BOTD010307","Jari, Deformities, Major Reconstructive Procedure"
"Mitra Keluarga Bekasi Timur","BEDAH ORTHOPEDI","KHUSUS 2","BOTD010314","Multiple Nerve Repair Kompleks"
"Mitra Keluarga Bekasi Timur","BEDAH ORTHOPEDI","KHUSUS 2","BOTD010315","Nerve Grafting, Interfascicular Repair and Neuromuscular Transfer"
"Mitra Keluarga Bekasi Timur","BEDAH ORTHOPEDI","KHUSUS 2","BOTD010317","Anterior and Posterior Surgery in Spinal Disease/ Deformity with Stabilization/ Instrumentation"
"Mitra Keluarga Bekasi Timur","BEDAH ORTHOPEDI","KHUSUS 2","BOTD010331","Decompresion Laminectomy for HNP, Tumor, Spinal Stenosis"
"Mitra Keluarga Bekasi Timur","BEDAH ORTHOPEDI","KHUSUS 2","BOTD010354","Open Reduction of Spinal Fracture + Stabilization"
"Mitra Keluarga Bekasi Timur","BEDAH ORTHOPEDI","KHUSUS 2","BOTD010366","ORIF Fracture Pelvis Kompleks"
"Mitra Keluarga Bekasi Timur","BEDAH ORTHOPEDI","KHUSUS 2","BOTD010377","Reconstruction Shoulder Arthroscopy"
"Mitra Keluarga Bekasi Timur","BEDAH ORTHOPEDI","KHUSUS 2","BOTD010390","Revisi TKR/ THR"
"Mitra Keluarga Bekasi Timur","BEDAH ORTHOPEDI","KHUSUS 2","BOTD010392","Revision Hand Surgery"
"Mitra Keluarga Bekasi Timur","BEDAH ORTHOPEDI","KHUSUS 2","BOTD010395","Spinal Osteotomy for Ankylosing Spondylitis"
"Mitra Keluarga Bekasi Timur","BEDAH ORTHOPEDI","KHUSUS 2","BOTD010398","Total Disc Replacement (Multilevel)"
"Mitra Keluarga Bekasi Timur","BEDAH ORTHOPEDI","KHUSUS 2","BOTD010408","ORIF Intertrochanter with Severe Deformity"
"Mitra Keluarga Bekasi Timur","BEDAH ORTHOPEDI","KHUSUS 2","BOTD010420","Brachial Plexus Injury Surgery"
"Mitra Keluarga Bekasi Timur","BEDAH ORTHOPEDI","KHUSUS 2","BOTD010426","Dynamic Hip Screw (DHS) dengan Penyulit"
"Mitra Keluarga Bekasi Timur","BEDAH ORTHOPEDI","KHUSUS 2","BOTD010496","Total Ankle Replacement"
"Mitra Keluarga Bekasi Timur","BEDAH ORTHOPEDI","KHUSUS 2","BOTD010499","Unicompartmental Knee Arthroplasty"
"Mitra Keluarga Bekasi Timur","BEDAH ONKOLOGI","KECIL","BOND000001","Eksisi Tumor < 3 cm dengan Anestesi Lokal"
"Mitra Keluarga Bekasi Timur","BEDAH ONKOLOGI","KECIL","BOND000002","Insisi Biopsi Tumor dengan Anestesi Lokal atau Umum"
"Mitra Keluarga Bekasi Timur","BEDAH ONKOLOGI","KECIL","BOND000003","Insisi Drainase Abses/ Jaringan Nekrotik"
"Mitra Keluarga Bekasi Timur","BEDAH ONKOLOGI","KECIL","BOND000005","Rehecting"
"Mitra Keluarga Bekasi Timur","BEDAH ONKOLOGI","KECIL","BOND000006","Debridement Luka Kanker"
"Mitra Keluarga Bekasi Timur","BEDAH ONKOLOGI","KECIL","BOND000007","Ekstirpasi Tumor Jinak"
"Mitra Keluarga Bekasi Timur","BEDAH ONKOLOGI","KECIL","BOND000009","Insisi, Drainase, Kuretase Abses atau Mastitis"
"Mitra Keluarga Bekasi Timur","BEDAH ONKOLOGI","KECIL","BOND000011","Insisi Chemoport"
"Mitra Keluarga Bekasi Timur","BEDAH ONKOLOGI","KECIL","BOND000079","Aspirasi Kista"
"Mitra Keluarga Bekasi Timur","BEDAH ONKOLOGI","KECIL","BOND000080","Pungsi Seroma"
"Mitra Keluarga Bekasi Timur","BEDAH ONKOLOGI","KECIL","BOND000082","Core Biopsi"
"Mitra Keluarga Bekasi Timur","BEDAH ONKOLOGI","KECIL","BOND000083","Sklerosing Tumor < 3 Cm"
"Mitra Keluarga Bekasi Timur","BEDAH ONKOLOGI","KECIL","BOND000106","Vena Seksi"
"Mitra Keluarga Bekasi Timur","BEDAH ONKOLOGI","SEDANG 1","BOND000004","Eksisi Biopsi + VC"
"Mitra Keluarga Bekasi Timur","BEDAH ONKOLOGI","SEDANG 1","BOND000008","Eksisi Tumor < 3 cm dengan Anestesi Umum"
"Mitra Keluarga Bekasi Timur","BEDAH ONKOLOGI","SEDANG 1","BOND000010","Eksisi Biopsi KGB Leher, KGB Inguinal, KGB Aksila"
"Mitra Keluarga Bekasi Timur","BEDAH ONKOLOGI","SEDANG 1","BOND000012","Eksisi 1 - 2 Tumor Jinak"
"Mitra Keluarga Bekasi Timur","BEDAH ONKOLOGI","SEDANG 1","BOND000014","Eksisi Ginekomastia 1 Payudara"
"Mitra Keluarga Bekasi Timur","BEDAH ONKOLOGI","SEDANG 1","BOND000015","Eksisi Mammae Aberans 1 Payudara"
"Mitra Keluarga Bekasi Timur","BEDAH ONKOLOGI","SEDANG 1","BOND000017","Wide Eksisi + VC Tumor < 3 cm"
"Mitra Keluarga Bekasi Timur","BEDAH ONKOLOGI","SEDANG 1","BOND000022","STSG/ Full Thickness Skingraft Diameter < 5 cm"
"Mitra Keluarga Bekasi Timur","BEDAH ONKOLOGI","SEDANG 1","BOND000037","Eksisi Kista Ductus Tiroglosus"
"Mitra Keluarga Bekasi Timur","BEDAH ONKOLOGI","SEDANG 1","BOND000042","Eksplorasi Nipple Discharge"
"Mitra Keluarga Bekasi Timur","BEDAH ONKOLOGI","SEDANG 1","BOND000048","Amputasi Jari Pada Keganasan"
"Mitra Keluarga Bekasi Timur","BEDAH ONKOLOGI","SEDANG 1","BOND000069","Ekstirpasi Tumor Jinak < 5 cm"
"Mitra Keluarga Bekasi Timur","BEDAH ONKOLOGI","SEDANG 1","BOND000073","Pasang Chemoport"
"Mitra Keluarga Bekasi Timur","BEDAH ONKOLOGI","SEDANG 1","BOND000081","Eksisi Limphadenopati"
"Mitra Keluarga Bekasi Timur","BEDAH ONKOLOGI","SEDANG 1","BOND000084","Gastrostomi Pada Ca Tyroid Obstruksi Leher"
"Mitra Keluarga Bekasi Timur","BEDAH ONKOLOGI","SEDANG 1","BOND000085","Marsupialisasi Tumor Intraoral"
"Mitra Keluarga Bekasi Timur","BEDAH ONKOLOGI","SEDANG 1","BOND000086","Sklerosing Tumor > 5 Cm"
"Mitra Keluarga Bekasi Timur","BEDAH ONKOLOGI","SEDANG 1","BOND000096","WSD Pleura Efusi pada CA Mamme"
"Mitra Keluarga Bekasi Timur","BEDAH ONKOLOGI","SEDANG 1","BOND000103","Pasang Thoraks Drain/ WSD"
"Mitra Keluarga Bekasi Timur","BEDAH ONKOLOGI","SEDANG 1","BOND000114","Debridement Sedang"
"Mitra Keluarga Bekasi Timur","BEDAH ONKOLOGI","BESAR 1","BOND000013","Eksisi 2 - 5 Tumor Jinak"
"Mitra Keluarga Bekasi Timur","BEDAH ONKOLOGI","BESAR 1","BOND000016","Rekonstruksi dengan Flap Lokal (Tutup Luka) Diameter < dari 5 cm"
"Mitra Keluarga Bekasi Timur","BEDAH ONKOLOGI","BESAR 1","BOND000023","Trakeostomi Terencana"
"Mitra Keluarga Bekasi Timur","BEDAH ONKOLOGI","BESAR 1","BOND000024","Wide Eksisi + VC Tumor > 3 cm"
"Mitra Keluarga Bekasi Timur","BEDAH ONKOLOGI","BESAR 1","BOND000025","Insisi Chemoport dengan Penyulit Atau dengan Guiding USG"
"Mitra Keluarga Bekasi Timur","BEDAH ONKOLOGI","BESAR 1","BOND000026","Eksisi Ginekomastia Bilateral"
"Mitra Keluarga Bekasi Timur","BEDAH ONKOLOGI","BESAR 1","BOND000027","Eksisi Mammae Aberans Bilateral"
"Mitra Keluarga Bekasi Timur","BEDAH ONKOLOGI","BESAR 1","BOND000031","Ismolobektomi Tiroid + VC"
"Mitra Keluarga Bekasi Timur","BEDAH ONKOLOGI","BESAR 1","BOND000035","Trakeostomi Darurat"
"Mitra Keluarga Bekasi Timur","BEDAH ONKOLOGI","BESAR 1","BOND000038","Eksisi Kista Bronkial"
"Mitra Keluarga Bekasi Timur","BEDAH ONKOLOGI","BESAR 1","BOND000041","Mastektomi Subkutaneus"
"Mitra Keluarga Bekasi Timur","BEDAH ONKOLOGI","BESAR 1","BOND000043","Eksplorasi Guide Wire Pada Umpalpable Mass"
"Mitra Keluarga Bekasi Timur","BEDAH ONKOLOGI","BESAR 1","BOND000044","Mandibulektomi Parsial"
"Mitra Keluarga Bekasi Timur","BEDAH ONKOLOGI","BESAR 1","BOND000070","Ekstirpasi Tumor Jinak > 5 cm"
"Mitra Keluarga Bekasi Timur","BEDAH ONKOLOGI","BESAR 1","BOND000071","Eksisi Tumor ganas < 3 cm dengan Anestesi Umum"
"Mitra Keluarga Bekasi Timur","BEDAH ONKOLOGI","BESAR 1","BOND000074","Wide Eksisi + VC Tumor Ganas < 3 cm"
"Mitra Keluarga Bekasi Timur","BEDAH ONKOLOGI","BESAR 1","BOND000087","Wedge Eksisi"
"Mitra Keluarga Bekasi Timur","BEDAH ONKOLOGI","BESAR 1","BOND000097","Eksplorasi Fistula"
"Mitra Keluarga Bekasi Timur","BEDAH ONKOLOGI","BESAR 1","BOND000098","Eksisi FAM 3 - 4 Buah"
"Mitra Keluarga Bekasi Timur","BEDAH ONKOLOGI","BESAR 1","BOND000115","Debridement Besar"
"Mitra Keluarga Bekasi Timur","BEDAH ONKOLOGI","BESAR 1","BOND000122","Radio Ablasi Terapeutic Ablasi 1 Lobus atau Kurang dari 2 cm"
"Mitra Keluarga Bekasi Timur","BEDAH ONKOLOGI","BESAR 2","BOND000018","Diseksi Aksila"
"Mitra Keluarga Bekasi Timur","BEDAH ONKOLOGI","BESAR 2","BOND000019","Partial Glossectomy"
"Mitra Keluarga Bekasi Timur","BEDAH ONKOLOGI","BESAR 2","BOND000020","Lobektomi Thiroid + VC"
"Mitra Keluarga Bekasi Timur","BEDAH ONKOLOGI","BESAR 2","BOND000021","Simple Mastectomy"
"Mitra Keluarga Bekasi Timur","BEDAH ONKOLOGI","BESAR 2","BOND000029","Tiroidektomi Total"
"Mitra Keluarga Bekasi Timur","BEDAH ONKOLOGI","BESAR 2","BOND000030","Rekonstruksi dengan Skin Flap Luas (Diameter > 5 cm)"
"Mitra Keluarga Bekasi Timur","BEDAH ONKOLOGI","BESAR 2","BOND000032","Tiroidektomi Subtotal + VC"
"Mitra Keluarga Bekasi Timur","BEDAH ONKOLOGI","BESAR 2","BOND000033","SOB Open"
"Mitra Keluarga Bekasi Timur","BEDAH ONKOLOGI","BESAR 2","BOND000036","Trakeostomi Dengan Penyulit"
"Mitra Keluarga Bekasi Timur","BEDAH ONKOLOGI","BESAR 2","BOND000040","Radical Upper Neck Dissection"
"Mitra Keluarga Bekasi Timur","BEDAH ONKOLOGI","BESAR 2","BOND000047","Breast Conserving Surgery/ BCT"
"Mitra Keluarga Bekasi Timur","BEDAH ONKOLOGI","BESAR 2","BOND000072","Diseksi Biopsi KGB Leher, KGB Inguinal, KGB Aksila"
"Mitra Keluarga Bekasi Timur","BEDAH ONKOLOGI","BESAR 2","BOND000075","Wide Eksisi + VC Tumor Ganas > 3 cm"
"Mitra Keluarga Bekasi Timur","BEDAH ONKOLOGI","BESAR 2","BOND000088","Eksisi > 5 Tumor Jinak"
"Mitra Keluarga Bekasi Timur","BEDAH ONKOLOGI","BESAR 2","BOND000089","Parotiroidektomi Superficial"
"Mitra Keluarga Bekasi Timur","BEDAH ONKOLOGI","BESAR 2","BOND000090","Reseksi Trakea/ Esofagus"
"Mitra Keluarga Bekasi Timur","BEDAH ONKOLOGI","BESAR 2","BOND000091","STSG > 5 cm"
"Mitra Keluarga Bekasi Timur","BEDAH ONKOLOGI","BESAR 2","BOND000099","Eksisi ≥ 5 buah"
"Mitra Keluarga Bekasi Timur","BEDAH ONKOLOGI","BESAR 2","BOND000100","Eksisi Biopsi Tumor Jaringan Lunak ≥ 10 cm + STSG"
"Mitra Keluarga Bekasi Timur","BEDAH ONKOLOGI","BESAR 2","BOND000101","Insisi/ Eksisi/ Ekstirpasi Atheroma > 10 Tumor Jinak"
"Mitra Keluarga Bekasi Timur","BEDAH ONKOLOGI","BESAR 2","BOND000123","Radio Ablasi Terapeutic Ablasi 1 Lobus atau Lebih dari 2 cm"
"Mitra Keluarga Bekasi Timur","BEDAH ONKOLOGI","KHUSUS 1","BOND000028","Mastektomi Radikal Modifikasi"
"Mitra Keluarga Bekasi Timur","BEDAH ONKOLOGI","KHUSUS 1","BOND000034","SOB Laparoskopi"
"Mitra Keluarga Bekasi Timur","BEDAH ONKOLOGI","KHUSUS 1","BOND000039","Radical Neck Dissection"
"Mitra Keluarga Bekasi Timur","BEDAH ONKOLOGI","KHUSUS 1","BOND000046","Hemiglosektomi"
"Mitra Keluarga Bekasi Timur","BEDAH ONKOLOGI","KHUSUS 1","BOND000049","Mastektomi Radikal Klasik"
"Mitra Keluarga Bekasi Timur","BEDAH ONKOLOGI","KHUSUS 1","BOND000050","Parotidektomi Total"
"Mitra Keluarga Bekasi Timur","BEDAH ONKOLOGI","KHUSUS 1","BOND000051","Classic Radical Neck Dissection"
"Mitra Keluarga Bekasi Timur","BEDAH ONKOLOGI","KHUSUS 1","BOND000052","Diseksi KGB Inguinal Profunda"
"Mitra Keluarga Bekasi Timur","BEDAH ONKOLOGI","KHUSUS 1","BOND000053","Mandibulektomi + Rekonstruksi Plate dan Screw"
"Mitra Keluarga Bekasi Timur","BEDAH ONKOLOGI","KHUSUS 1","BOND000054","Hemimaksilektomi"
"Mitra Keluarga Bekasi Timur","BEDAH ONKOLOGI","KHUSUS 1","BOND000055","Tiroidektomi Endoskopi Via Aksila"
"Mitra Keluarga Bekasi Timur","BEDAH ONKOLOGI","KHUSUS 1","BOND000056","Wide Eksisi + VC Tumor Luas di Wajah Dengan Rekonstruksi Flap Local"
"Mitra Keluarga Bekasi Timur","BEDAH ONKOLOGI","KHUSUS 1","BOND000057","Wide Eksisi Kompartemen Pada Sarkoma Jaringan Lunak"
"Mitra Keluarga Bekasi Timur","BEDAH ONKOLOGI","KHUSUS 1","BOND000058","Amputasi Lengan/ Tungkai pada Sarcoma"
"Mitra Keluarga Bekasi Timur","BEDAH ONKOLOGI","KHUSUS 1","BOND000061","Rekonstruksi Implant Payudara pada Kasus Kanker"
"Mitra Keluarga Bekasi Timur","BEDAH ONKOLOGI","KHUSUS 1","BOND000062","Nipple Sparing Mastektomi"
"Mitra Keluarga Bekasi Timur","BEDAH ONKOLOGI","KHUSUS 1","BOND000077","BCT + Sentinel"
"Mitra Keluarga Bekasi Timur","BEDAH ONKOLOGI","KHUSUS 1","BOND000078","Tiroidektomi Total dengan Penyulit"
"Mitra Keluarga Bekasi Timur","BEDAH ONKOLOGI","KHUSUS 1","BOND000092","Total Glosektomi"
"Mitra Keluarga Bekasi Timur","BEDAH ONKOLOGI","KHUSUS 1","BOND000093","Omental Transposition Flap Reconstruction"
"Mitra Keluarga Bekasi Timur","BEDAH ONKOLOGI","KHUSUS 1","BOND000105","Diseksi Leher Fungsional"
"Mitra Keluarga Bekasi Timur","BEDAH ONKOLOGI","KHUSUS 1","BOND000107","Tiroidektomi Total + VC"
"Mitra Keluarga Bekasi Timur","BEDAH ONKOLOGI","KHUSUS 1","BOND000119","Wide Eksisi + Tumor Luas di Wajah dengan Rekonstruksi Flap Lokal"
"Mitra Keluarga Bekasi Timur","BEDAH ONKOLOGI","KHUSUS 1","BOND000124","Radio Ablasi Terapeutic Ablasi Kedua Lobus"
"Mitra Keluarga Bekasi Timur","BEDAH ONKOLOGI","KHUSUS 2","BOND000045","Rekonstruksi Plate dan Screw Mandibula"
"Mitra Keluarga Bekasi Timur","BEDAH ONKOLOGI","KHUSUS 2","BOND000059","TRAM Flap/ LD Flap"
"Mitra Keluarga Bekasi Timur","BEDAH ONKOLOGI","KHUSUS 2","BOND000063","Amputasi Forequarter"
"Mitra Keluarga Bekasi Timur","BEDAH ONKOLOGI","KHUSUS 2","BOND000064","Butotektomi (Buttockectomy)"
"Mitra Keluarga Bekasi Timur","BEDAH ONKOLOGI","KHUSUS 2","BOND000065","Rekonstruksi dengan Microsurgery (Team)"
"Mitra Keluarga Bekasi Timur","BEDAH ONKOLOGI","KHUSUS 2","BOND000066","Rekonstruksi Limb Vein Anastomosis (LVA) pada Limfedema (Team)"
"Mitra Keluarga Bekasi Timur","BEDAH ONKOLOGI","KHUSUS 2","BOND000067","Hemipelvektomi"
"Mitra Keluarga Bekasi Timur","BEDAH ONKOLOGI","KHUSUS 2","BOND000068","Tiroidektomi Endoskopi Via Vestibular (Team)"
"Mitra Keluarga Bekasi Timur","BEDAH ONKOLOGI","KHUSUS 2","BOND000076","Reseksi Mandibula + Rekontruksi Plate + Screw Mandibula"
"Mitra Keluarga Bekasi Timur","BEDAH ONKOLOGI","KHUSUS 2","BOND000102","Operasi Commanda (Hemiglosektomi + Hemimandibulektomi Radikal Neck Diseksi)"
"Mitra Keluarga Bekasi Timur","BEDAH PLASTIK","KECIL","BPLD010022","Eksisi Tumor Kecil"
"Mitra Keluarga Bekasi Timur","BEDAH PLASTIK","KECIL","BPLD010031","Hecting Kecil"
"Mitra Keluarga Bekasi Timur","BEDAH PLASTIK","KECIL","BPLD010037","Insisi Abses Kecil"
"Mitra Keluarga Bekasi Timur","BEDAH PLASTIK","KECIL","BPLD010038","Insisi Abses Besar"
"Mitra Keluarga Bekasi Timur","BEDAH PLASTIK","KECIL","BPLD010040","Nailplasty"
"Mitra Keluarga Bekasi Timur","BEDAH PLASTIK","KECIL","BPLD010063","Secondary Hecting Kecil"
"Mitra Keluarga Bekasi Timur","BEDAH PLASTIK","KECIL","BPLD010070","Eksisi Tumor 1-2 cm"
"Mitra Keluarga Bekasi Timur","BEDAH PLASTIK","KECIL","BPLD010074","Aff Arch Bar"
"Mitra Keluarga Bekasi Timur","BEDAH PLASTIK","KECIL","BPLD010081","Insisi Abses + Kuretase + Drainase"
"Mitra Keluarga Bekasi Timur","BEDAH PLASTIK","KECIL","BPLD010110","Hecting Luka < 2 cm"
"Mitra Keluarga Bekasi Timur","BEDAH PLASTIK","KECIL","BPLD010133","Sirkumsisi"
"Mitra Keluarga Bekasi Timur","BEDAH PLASTIK","SEDANG 1","BPLD010005","Debridement + Nekrotomi Kecil"
"Mitra Keluarga Bekasi Timur","BEDAH PLASTIK","SEDANG 1","BPLD010012","Eksisi Fistel Preaurikuler"
"Mitra Keluarga Bekasi Timur","BEDAH PLASTIK","SEDANG 1","BPLD010017","Eksisi Keloid/ Hipertrofik Scar"
"Mitra Keluarga Bekasi Timur","BEDAH PLASTIK","SEDANG 1","BPLD010020","Eksisi Polydactyli"
"Mitra Keluarga Bekasi Timur","BEDAH PLASTIK","SEDANG 1","BPLD010021","Eksisi Tragus Asesorius"
"Mitra Keluarga Bekasi Timur","BEDAH PLASTIK","SEDANG 1","BPLD010023","Eksisi Tumor Kecil + Flap"
"Mitra Keluarga Bekasi Timur","BEDAH PLASTIK","SEDANG 1","BPLD010024","Eksisi Tumor Sedang"
"Mitra Keluarga Bekasi Timur","BEDAH PLASTIK","SEDANG 1","BPLD010027","Ekstirpasi Mucocele"
"Mitra Keluarga Bekasi Timur","BEDAH PLASTIK","SEDANG 1","BPLD010030","Ganti Verban Besar"
"Mitra Keluarga Bekasi Timur","BEDAH PLASTIK","SEDANG 1","BPLD010032","Hecting Sedang"
"Mitra Keluarga Bekasi Timur","BEDAH PLASTIK","SEDANG 1","BPLD010055","Penutupan Piercing/ Tindik"
"Mitra Keluarga Bekasi Timur","BEDAH PLASTIK","SEDANG 1","BPLD010061","Revisi Stump Amputasi"
"Mitra Keluarga Bekasi Timur","BEDAH PLASTIK","SEDANG 1","BPLD010064","Secondary Hecting Sedang"
"Mitra Keluarga Bekasi Timur","BEDAH PLASTIK","SEDANG 1","BPLD010072","Buka Tampon dan Rawat Luka"
"Mitra Keluarga Bekasi Timur","BEDAH PLASTIK","SEDANG 1","BPLD010078","Eksisi Tumor > 2 cm"
"Mitra Keluarga Bekasi Timur","BEDAH PLASTIK","SEDANG 1","BPLD010088","Hecting Luka > 5 cm"
"Mitra Keluarga Bekasi Timur","BEDAH PLASTIK","SEDANG 1","BPLD010101","Eksisi Tatto < 5 cm"
"Mitra Keluarga Bekasi Timur","BEDAH PLASTIK","SEDANG 1","BPLD020023","Revisi Scar Sedang Lokal"
"Mitra Keluarga Bekasi Timur","BEDAH PLASTIK","BESAR 1","BPLD010003","Aff Fiksasi Interna 1 Sisi"
"Mitra Keluarga Bekasi Timur","BEDAH PLASTIK","BESAR 1","BPLD010006","Debridement Luka Bakar Sedang + Skin Graft"
"Mitra Keluarga Bekasi Timur","BEDAH PLASTIK","BESAR 1","BPLD010011","Eksisi Basalioma + Graft/ Flap"
"Mitra Keluarga Bekasi Timur","BEDAH PLASTIK","BESAR 1","BPLD010013","Eksisi Ginekomasti"
"Mitra Keluarga Bekasi Timur","BEDAH PLASTIK","BESAR 1","BPLD010014","Eksisi Hemangioma Kecil"
"Mitra Keluarga Bekasi Timur","BEDAH PLASTIK","BESAR 1","BPLD010015","Eksisi Hemangioma Sedang + Graft/ Flap"
"Mitra Keluarga Bekasi Timur","BEDAH PLASTIK","BESAR 1","BPLD010018","Eksisi Keloid + Graft/ Flap"
"Mitra Keluarga Bekasi Timur","BEDAH PLASTIK","BESAR 1","BPLD010019","Eksisi Keloid di Wajah"
"Mitra Keluarga Bekasi Timur","BEDAH PLASTIK","BESAR 1","BPLD010025","Eksisi Tumor Besar"
"Mitra Keluarga Bekasi Timur","BEDAH PLASTIK","BESAR 1","BPLD010028","Fiksasi Fraktur Dentoalveolar"
"Mitra Keluarga Bekasi Timur","BEDAH PLASTIK","BESAR 1","BPLD010033","Hecting Besar"
"Mitra Keluarga Bekasi Timur","BEDAH PLASTIK","BESAR 1","BPLD010035","Injeksi Sklerosing Agent atau Steroid Ringan - Sedang (Narkosis)"
"Mitra Keluarga Bekasi Timur","BEDAH PLASTIK","BESAR 1","BPLD010036","Injeksi Sklerosing Agent atau Steroid Besar (Narkosis)"
"Mitra Keluarga Bekasi Timur","BEDAH PLASTIK","BESAR 1","BPLD010039","Labioplasti"
"Mitra Keluarga Bekasi Timur","BEDAH PLASTIK","BESAR 1","BPLD010054","Pasang Arch Bar + IMW"
"Mitra Keluarga Bekasi Timur","BEDAH PLASTIK","BESAR 1","BPLD010060","Reposisi Tertutup Fraktur Os Nasal"
"Mitra Keluarga Bekasi Timur","BEDAH PLASTIK","BESAR 1","BPLD010065","Secondary Hecting Besar"
"Mitra Keluarga Bekasi Timur","BEDAH PLASTIK","BESAR 1","BPLD010071","Ganti Verban Sedang, Graft Sedang, Angkat Jahitan Simple"
"Mitra Keluarga Bekasi Timur","BEDAH PLASTIK","BESAR 1","BPLD010075","Debridement Luka/ Nekrotomi Sedang"
"Mitra Keluarga Bekasi Timur","BEDAH PLASTIK","BESAR 1","BPLD010076","Eksisi Hemangioma < 2 cm"
"Mitra Keluarga Bekasi Timur","BEDAH PLASTIK","BESAR 1","BPLD010084","Debridement Luka/ Nekrotomi Besar"
"Mitra Keluarga Bekasi Timur","BEDAH PLASTIK","BESAR 1","BPLD010086","Eksisi Keloid/ Hipertrofik Scar Area Khusus"
"Mitra Keluarga Bekasi Timur","BEDAH PLASTIK","BESAR 1","BPLD010130","Perbaikan Luka pada Area Khusus (Wajah)"
"Mitra Keluarga Bekasi Timur","BEDAH PLASTIK","BESAR 1","BPLD010134","Eksisi Tumor Jinak Multiple"
"Mitra Keluarga Bekasi Timur","BEDAH PLASTIK","BESAR 1","BPLD010135","Eksisi Polydactyli Kompleks"
"Mitra Keluarga Bekasi Timur","BEDAH PLASTIK","BESAR 1","BPLD020024","Revisi Scar Besar Lokal"
"Mitra Keluarga Bekasi Timur","BEDAH PLASTIK","BESAR 2","BPLD010034","Hecting Besar + Flap/ Graft"
"Mitra Keluarga Bekasi Timur","BEDAH PLASTIK","BESAR 2","BPLD010041","Operasi Hipospadia Tahap I"
"Mitra Keluarga Bekasi Timur","BEDAH PLASTIK","BESAR 2","BPLD010053","Palatoplasti Komplit"
"Mitra Keluarga Bekasi Timur","BEDAH PLASTIK","BESAR 2","BPLD010057","Release Kontraktur Sendi Kecil + Graft/ Flap"
"Mitra Keluarga Bekasi Timur","BEDAH PLASTIK","BESAR 2","BPLD010058","Release Kontraktur Sendi Besar + Graft/ Flap"
"Mitra Keluarga Bekasi Timur","BEDAH PLASTIK","BESAR 2","BPLD010066","Separasi Syndactyli"
"Mitra Keluarga Bekasi Timur","BEDAH PLASTIK","BESAR 2","BPLD010068","Skin Graft/ Flap Simple"
"Mitra Keluarga Bekasi Timur","BEDAH PLASTIK","BESAR 2","BPLD010069","Skin Graft/ Flap Kompleks"
"Mitra Keluarga Bekasi Timur","BEDAH PLASTIK","BESAR 2","BPLD010079","Ganti Verban Luas, Graft Luas, Angkat Jahitan Area Khusus"
"Mitra Keluarga Bekasi Timur","BEDAH PLASTIK","BESAR 2","BPLD010089","Hecting Luka Kompleks"
"Mitra Keluarga Bekasi Timur","BEDAH PLASTIK","BESAR 2","BPLD010091","Eksisi Hemangioma > 5 cm + Graft/ Flap"
"Mitra Keluarga Bekasi Timur","BEDAH PLASTIK","BESAR 2","BPLD010092","Eksisi Keloid/ Hipertrofik Scar + Graft/ Flap"
"Mitra Keluarga Bekasi Timur","BEDAH PLASTIK","BESAR 2","BPLD010093","Hecting Luka Kompleks + Flap/ Graft"
"Mitra Keluarga Bekasi Timur","BEDAH PLASTIK","BESAR 2","BPLD010104","Flap Forehead"
"Mitra Keluarga Bekasi Timur","BEDAH PLASTIK","BESAR 2","BPLD010108","Flap Propeller"
"Mitra Keluarga Bekasi Timur","BEDAH PLASTIK","BESAR 2","BPLD010120","Pengangkatan Implant Hidung/ Dagu"
"Mitra Keluarga Bekasi Timur","BEDAH PLASTIK","BESAR 2","BPLD010136","Bilateral Labioplasti"
"Mitra Keluarga Bekasi Timur","BEDAH PLASTIK","BESAR 2","BPLD010137","Bone Graft Celah Gusi"
"Mitra Keluarga Bekasi Timur","BEDAH PLASTIK","BESAR 2","BPLD010139","Eksisi Tumor Sedang + Flap"
"Mitra Keluarga Bekasi Timur","BEDAH PLASTIK","BESAR 2","BPLD010140","Eksisi Tumor Besar + Flap"
"Mitra Keluarga Bekasi Timur","BEDAH PLASTIK","BESAR 2","BPLD020011","Eksisi Tatto Ringan dengan Skin Graft"
"Mitra Keluarga Bekasi Timur","BEDAH PLASTIK","BESAR 2","BPLD020030","Palatoplasti"
"Mitra Keluarga Bekasi Timur","BEDAH PLASTIK","KHUSUS 1","BPLD010007","Debridement Luka Bakar Luas + Skin Graft"
"Mitra Keluarga Bekasi Timur","BEDAH PLASTIK","KHUSUS 1","BPLD010016","Eksisi Hemangioma Besar + Graft/ Flap"
"Mitra Keluarga Bekasi Timur","BEDAH PLASTIK","KHUSUS 1","BPLD010042","Operasi Hipospadia Tahap II"
"Mitra Keluarga Bekasi Timur","BEDAH PLASTIK","KHUSUS 1","BPLD010044","Operasi pada Pembuluh Limfe"
"Mitra Keluarga Bekasi Timur","BEDAH PLASTIK","KHUSUS 1","BPLD010045","Operasi Rekonstruksi Hidung"
"Mitra Keluarga Bekasi Timur","BEDAH PLASTIK","KHUSUS 1","BPLD010046","Operasi Rekonstruksi Palpebra"
"Mitra Keluarga Bekasi Timur","BEDAH PLASTIK","KHUSUS 1","BPLD010047","Operasi Rekonstruksi Telinga"
"Mitra Keluarga Bekasi Timur","BEDAH PLASTIK","KHUSUS 1","BPLD010062","Rinoplasti pada Sumbing"
"Mitra Keluarga Bekasi Timur","BEDAH PLASTIK","KHUSUS 1","BPLD010067","Buang Silikonoma 1 Area Lokal"
"Mitra Keluarga Bekasi Timur","BEDAH PLASTIK","KHUSUS 1","BPLD010094","ORIF Fraktur Mandibula"
"Mitra Keluarga Bekasi Timur","BEDAH PLASTIK","KHUSUS 1","BPLD010095","Skin Graft/ Flap Jauh"
"Mitra Keluarga Bekasi Timur","BEDAH PLASTIK","KHUSUS 1","BPLD010096","Skin Graft Luas atau Area Sulit/ Khusus"
"Mitra Keluarga Bekasi Timur","BEDAH PLASTIK","KHUSUS 1","BPLD010097","Augmentasi Cheek"
"Mitra Keluarga Bekasi Timur","BEDAH PLASTIK","KHUSUS 1","BPLD010098","Augmentasi Mentoplasti"
"Mitra Keluarga Bekasi Timur","BEDAH PLASTIK","KHUSUS 1","BPLD010099","Augmentasi Rinoplasti"
"Mitra Keluarga Bekasi Timur","BEDAH PLASTIK","KHUSUS 1","BPLD010100","Defek Jaringan luas Flap Advanced"
"Mitra Keluarga Bekasi Timur","BEDAH PLASTIK","KHUSUS 1","BPLD010102","Eksisi Tatto 5 - 10 cm"
"Mitra Keluarga Bekasi Timur","BEDAH PLASTIK","KHUSUS 1","BPLD010103","Eksisi Tatto Multiple uk > 15 cm"
"Mitra Keluarga Bekasi Timur","BEDAH PLASTIK","KHUSUS 1","BPLD010105","Flap Latisimus Dorsi"
"Mitra Keluarga Bekasi Timur","BEDAH PLASTIK","KHUSUS 1","BPLD010107","Flap Pectoralis Mayor"
"Mitra Keluarga Bekasi Timur","BEDAH PLASTIK","KHUSUS 1","BPLD010109","Flap Suralis"
"Mitra Keluarga Bekasi Timur","BEDAH PLASTIK","KHUSUS 1","BPLD010111","Labioplasti Sekunder (revisi)"
"Mitra Keluarga Bekasi Timur","BEDAH PLASTIK","KHUSUS 1","BPLD010124","Release Syndactyli > 2 Jari dengan Skin Graft"
"Mitra Keluarga Bekasi Timur","BEDAH PLASTIK","KHUSUS 1","BPLD010126","Reversed Radial"
"Mitra Keluarga Bekasi Timur","BEDAH PLASTIK","KHUSUS 1","BPLD010127","Silikonoma Multipel"
"Mitra Keluarga Bekasi Timur","BEDAH PLASTIK","KHUSUS 1","BPLD010131","Lymphedema/ Elephantiasis 1 Area pada Mea"
"Mitra Keluarga Bekasi Timur","BEDAH PLASTIK","KHUSUS 1","BPLD010132","One Stage pada Hipospadia Depan"
"Mitra Keluarga Bekasi Timur","BEDAH PLASTIK","KHUSUS 1","BPLD010138","Abdominal Flap"
"Mitra Keluarga Bekasi Timur","BEDAH PLASTIK","KHUSUS 1","BPLD020002","Augmentasi Dagu dengan Implant"
"Mitra Keluarga Bekasi Timur","BEDAH PLASTIK","KHUSUS 1","BPLD020003","Augmentasi Hidung dengan Implant"
"Mitra Keluarga Bekasi Timur","BEDAH PLASTIK","KHUSUS 1","BPLD020006","Blepharoplasty Atas/ Bawah"
"Mitra Keluarga Bekasi Timur","BEDAH PLASTIK","KHUSUS 1","BPLD020008","Buang Mucossa Buccal Fat"
"Mitra Keluarga Bekasi Timur","BEDAH PLASTIK","KHUSUS 1","BPLD020009","Eksisi Silikonoma"
"Mitra Keluarga Bekasi Timur","BEDAH PLASTIK","KHUSUS 1","BPLD020015","Eksisi Tatto Besar dengan Skin Graft"
"Mitra Keluarga Bekasi Timur","BEDAH PLASTIK","KHUSUS 1","BPLD020016","Brow Lift"
"Mitra Keluarga Bekasi Timur","BEDAH PLASTIK","KHUSUS 1","BPLD020018","Hymenoplasty"
"Mitra Keluarga Bekasi Timur","BEDAH PLASTIK","KHUSUS 1","BPLD020027","Vaginoplasti"
"Mitra Keluarga Bekasi Timur","BEDAH PLASTIK","KHUSUS 1","BPLD020029","Full Thickness Skin Graft"
"Mitra Keluarga Bekasi Timur","BEDAH PLASTIK","KHUSUS 1","BPLD020034","Fat Transfer"
"Mitra Keluarga Bekasi Timur","BEDAH PLASTIK","KHUSUS 2","BPLD010043","Operasi Hipospadia Tahap I + II"
"Mitra Keluarga Bekasi Timur","BEDAH PLASTIK","KHUSUS 2","BPLD010049","ORIF Fraktur Le Fort II - III"
"Mitra Keluarga Bekasi Timur","BEDAH PLASTIK","KHUSUS 2","BPLD010112","Liposuction Multipel"
"Mitra Keluarga Bekasi Timur","BEDAH PLASTIK","KHUSUS 2","BPLD010113","Mammaplasty Augmentasi"
"Mitra Keluarga Bekasi Timur","BEDAH PLASTIK","KHUSUS 2","BPLD010114","Mini Abdominoplasty (Tummy Tuck)"
"Mitra Keluarga Bekasi Timur","BEDAH PLASTIK","KHUSUS 2","BPLD010115","Mini Face Lifting"
"Mitra Keluarga Bekasi Timur","BEDAH PLASTIK","KHUSUS 2","BPLD010116","Neck Lifting"
"Mitra Keluarga Bekasi Timur","BEDAH PLASTIK","KHUSUS 2","BPLD010117","ORIF Fraktur Multiple Tulang Muka (Undispaced)"
"Mitra Keluarga Bekasi Timur","BEDAH PLASTIK","KHUSUS 2","BPLD010118","ORIF Panfacial Fracture + Trakeostomi"
"Mitra Keluarga Bekasi Timur","BEDAH PLASTIK","KHUSUS 2","BPLD010121","Reduksi Mammaplasty Simple"
"Mitra Keluarga Bekasi Timur","BEDAH PLASTIK","KHUSUS 2","BPLD010122","Reduksi Mammoplasti + Mastopexy + Augmentasi"
"Mitra Keluarga Bekasi Timur","BEDAH PLASTIK","KHUSUS 2","BPLD020001","Abdominoplasti"
"Mitra Keluarga Bekasi Timur","BEDAH PLASTIK","KHUSUS 2","BPLD020004","Augmentasi Hidung dengan Tulang Iga"
"Mitra Keluarga Bekasi Timur","BEDAH PLASTIK","KHUSUS 2","BPLD020005","Augmentasi Payudara"
"Mitra Keluarga Bekasi Timur","BEDAH PLASTIK","KHUSUS 2","BPLD020007","Brachioplasty"
"Mitra Keluarga Bekasi Timur","BEDAH PLASTIK","KHUSUS 2","BPLD020017","Face Lift"
"Mitra Keluarga Bekasi Timur","BEDAH PLASTIK","KHUSUS 2","BPLD020019","Liposuction 1 Area"
"Mitra Keluarga Bekasi Timur","BEDAH PLASTIK","KHUSUS 2","BPLD020020","Liposuction Abdominal"
"Mitra Keluarga Bekasi Timur","BEDAH PLASTIK","KHUSUS 2","BPLD020021","Perbaikan Areola Mammae 1 Buah"
"Mitra Keluarga Bekasi Timur","BEDAH PLASTIK","KHUSUS 2","BPLD020028","Face Lift Total"
"Mitra Keluarga Bekasi Timur","BEDAH PLASTIK","KHUSUS 2","BPLD020033","Reduksi Mamae"
"Mitra Keluarga Bekasi Timur","BEDAH VASKULER","KECIL","BDVD000005","Cabut CDL Semi - Permanen"
"Mitra Keluarga Bekasi Timur","BEDAH VASKULER","SEDANG 1","BDVD000004","A - V Shunt Radial (Brescia Cimino)"
"Mitra Keluarga Bekasi Timur","BEDAH VASKULER","SEDANG 1","BDVD000007","Deberidement dan Evakuasi Hematoma"
"Mitra Keluarga Bekasi Timur","BEDAH VASKULER","SEDANG 1","BDVD000008","Debridement dengan Ultrasound"
"Mitra Keluarga Bekasi Timur","BEDAH VASKULER","SEDANG 1","BDVD000032","Eksplorasi Vaskuler Ekstremitas tanpa Rekonstruksi"
"Mitra Keluarga Bekasi Timur","BEDAH VASKULER","SEDANG 1","BDVD000035","Flebektomi 1 Tungkai"
"Mitra Keluarga Bekasi Timur","BEDAH VASKULER","SEDANG 1","BDVD000038","Insisi Drainase Abses"
"Mitra Keluarga Bekasi Timur","BEDAH VASKULER","SEDANG 1","BDVD000048","Redebridement"
"Mitra Keluarga Bekasi Timur","BEDAH VASKULER","SEDANG 1","BDVD000072","Skleroterapi 1 Tungkai Kompleks"
"Mitra Keluarga Bekasi Timur","BEDAH VASKULER","SEDANG 1","BDVD000073","Skleroterapi 1 Tungkai Sederhana"
"Mitra Keluarga Bekasi Timur","BEDAH VASKULER","SEDANG 1","BDVD000092","Vena Seksi"
"Mitra Keluarga Bekasi Timur","BEDAH VASKULER","SEDANG 1","BDVD000093","Foam Skleroterapi USG Guided dengan Anestesi 1 Tungkai"
"Mitra Keluarga Bekasi Timur","BEDAH VASKULER","BESAR 1","BDVD000010","Debridement Angkat Graft Perifer"
"Mitra Keluarga Bekasi Timur","BEDAH VASKULER","BESAR 1","BDVD000013","Debridement dengan Amputasi Kaki/ Tungkai"
"Mitra Keluarga Bekasi Timur","BEDAH VASKULER","BESAR 1","BDVD000016","Debridement Sederhana"
"Mitra Keluarga Bekasi Timur","BEDAH VASKULER","BESAR 1","BDVD000017","Eksisi Ligasi Pseudoaneurisma Kompleks"
"Mitra Keluarga Bekasi Timur","BEDAH VASKULER","BESAR 1","BDVD000020","Eksisi Luas dan Rekonstruksi Malformasi Vaskuler"
"Mitra Keluarga Bekasi Timur","BEDAH VASKULER","BESAR 1","BDVD000034","Fasciotomi Dekompresi"
"Mitra Keluarga Bekasi Timur","BEDAH VASKULER","BESAR 1","BDVD000036","Flebektomi 2 Tungkai"
"Mitra Keluarga Bekasi Timur","BEDAH VASKULER","BESAR 1","BDVD000037","Foam Skleroterapi USG Guided dan dengan Anestesi 2 Tungkai"
"Mitra Keluarga Bekasi Timur","BEDAH VASKULER","BESAR 1","BDVD000039","Join Operasi/ Pendampingan Opersi Khusus Divisi Lain tanpa Rekonstruksi Vaskuler"
"Mitra Keluarga Bekasi Timur","BEDAH VASKULER","BESAR 1","BDVD000045","Pasang CDL Semi Permanen"
"Mitra Keluarga Bekasi Timur","BEDAH VASKULER","BESAR 1","BDVD000067","Second Look Laparotomi Pasca tanpa Rekonstruksi"
"Mitra Keluarga Bekasi Timur","BEDAH VASKULER","BESAR 1","BDVD000070","Skin Laser Varises 1 Tungkai"
"Mitra Keluarga Bekasi Timur","BEDAH VASKULER","BESAR 1","BDVD000075","Skleroterapi 2 Tungkai Sederhana"
"Mitra Keluarga Bekasi Timur","BEDAH VASKULER","BESAR 1","BDVD000083","Stripping Varises 1 Tungkai Kompleks (Flebektomi/ Debridement Ulkus Vena)"
"Mitra Keluarga Bekasi Timur","BEDAH VASKULER","BESAR 1","BDVD000095","Ligasi Cabang Draining Vein"
"Mitra Keluarga Bekasi Timur","BEDAH VASKULER","BESAR 1","BDVD000106","Aff Kemoport/ Port a Cath"
"Mitra Keluarga Bekasi Timur","BEDAH VASKULER","BESAR 2","BDVD000002","A - V Shunt Cubiti"
"Mitra Keluarga Bekasi Timur","BEDAH VASKULER","BESAR 2","BDVD000015","Debridement Kompleks"
"Mitra Keluarga Bekasi Timur","BEDAH VASKULER","BESAR 2","BDVD000030","Eksplorasi Vaskular Intra - Abdomen tanpa Rekonstruksi"
"Mitra Keluarga Bekasi Timur","BEDAH VASKULER","BESAR 2","BDVD000031","Eksplorasi Vaskular Leher tanpa Rekonstruksi"
"Mitra Keluarga Bekasi Timur","BEDAH VASKULER","BESAR 2","BDVD000044","Lumbal Simpatektomi Unilateral"
"Mitra Keluarga Bekasi Timur","BEDAH VASKULER","BESAR 2","BDVD000047","Pasang Implant - Able Akses Port (Celsite)"
"Mitra Keluarga Bekasi Timur","BEDAH VASKULER","BESAR 2","BDVD000059","Rekonstruksi Komplikasi Pseudoaneurisma dengan Graft"
"Mitra Keluarga Bekasi Timur","BEDAH VASKULER","BESAR 2","BDVD000074","Skleroterapi 2 Tungkai Kompleks"
"Mitra Keluarga Bekasi Timur","BEDAH VASKULER","BESAR 2","BDVD000090","Trombektomi 1 Ekstremitas dengan Debridement dan Fasciotomi"
"Mitra Keluarga Bekasi Timur","BEDAH VASKULER","BESAR 2","BDVD000091","Trombektomi 2 Ekstremitas"
"Mitra Keluarga Bekasi Timur","BEDAH VASKULER","BESAR 2","BDVD000097","Endovenous Laser Treatment (EVLT) 1 Ekstremitas"
"Mitra Keluarga Bekasi Timur","BEDAH VASKULER","BESAR 2","BDVD000102","Venografi Diagnostik"
"Mitra Keluarga Bekasi Timur","BEDAH VASKULER","BESAR 2","BDVD000117","Ligasi A-V Shunt"
"Mitra Keluarga Bekasi Timur","BEDAH VASKULER","BESAR 2","BDVD000118","Pasang CDL Tunnel dengan Venografi"
"Mitra Keluarga Bekasi Timur","BEDAH VASKULER","BESAR 2","BDVD000121","Skin Laser Kompleks"
"Mitra Keluarga Bekasi Timur","BEDAH VASKULER","KHUSUS 1","BDVD000001","Amputasi Mayor Kaki Diabetik atau Kasus Vaskular"
"Mitra Keluarga Bekasi Timur","BEDAH VASKULER","KHUSUS 1","BDVD000003","A - V Shunt dengan Graft Vena/ Sintetis"
"Mitra Keluarga Bekasi Timur","BEDAH VASKULER","KHUSUS 1","BDVD000011","Debridement dan Tutup Defek"
"Mitra Keluarga Bekasi Timur","BEDAH VASKULER","KHUSUS 1","BDVD000019","Eksisi Limfadema"
"Mitra Keluarga Bekasi Timur","BEDAH VASKULER","KHUSUS 1","BDVD000021","Eksisi Luas dan Rekonstruksi Malformasi Vaskuler Kompleks (tanpa Graft)"
"Mitra Keluarga Bekasi Timur","BEDAH VASKULER","KHUSUS 1","BDVD000023","Eksplorasi dan Ligas Tinggi Vena Ovarica pada PCS"
"Mitra Keluarga Bekasi Timur","BEDAH VASKULER","KHUSUS 1","BDVD000043","Lumbal Simpatektomi Bilateral"
"Mitra Keluarga Bekasi Timur","BEDAH VASKULER","KHUSUS 1","BDVD000057","Rekonstruksi Komplikasi A - V Shunt (Pseudo - Aneurisma)"
"Mitra Keluarga Bekasi Timur","BEDAH VASKULER","KHUSUS 1","BDVD000060","Rekonstruksi Komplikasi Pseudoaneurisma Repair Primer"
"Mitra Keluarga Bekasi Timur","BEDAH VASKULER","KHUSUS 1","BDVD000078","Splenektomi EC Hipertensi Portal/ Lain"
"Mitra Keluarga Bekasi Timur","BEDAH VASKULER","KHUSUS 1","BDVD000081","Stripping Varises 1 Tungkai Sederhana"
"Mitra Keluarga Bekasi Timur","BEDAH VASKULER","KHUSUS 1","BDVD000089","Trombektomi 1 Ekstremitas"
"Mitra Keluarga Bekasi Timur","BEDAH VASKULER","KHUSUS 1","BDVD000098","Evlt dengan Multiple Flebektomi 1 Ekstremitas"
"Mitra Keluarga Bekasi Timur","BEDAH VASKULER","KHUSUS 1","BDVD000109","Eksplorasi dan atau Rekonstruksi Vaskuler Sederhana"
"Mitra Keluarga Bekasi Timur","BEDAH VASKULER","KHUSUS 1","BDVD000110","Eksplorasi dan atau Rekonstruksi Vaskuler Kompleks"
"Mitra Keluarga Bekasi Timur","BEDAH VASKULER","KHUSUS 1","BDVD000113","Endoablation Vena Saphena Magna Sederhana (1 Tungkai) (EVLT/ RFA/ Venase)"
"Mitra Keluarga Bekasi Timur","BEDAH VASKULER","KHUSUS 1","BDVD000119","Direct Puncture Embolo Sclerotherapy"
"Mitra Keluarga Bekasi Timur","BEDAH VASKULER","KHUSUS 1","BDVD000125","Embolisasi Sederhana"
"Mitra Keluarga Bekasi Timur","BEDAH VASKULER","KHUSUS 2","BDVD000024","Eksplorasi dan Rekonstruksi Aorta Kasus Trauma"
"Mitra Keluarga Bekasi Timur","BEDAH VASKULER","KHUSUS 2","BDVD000025","Eksplorasi dan Rekonstruksi Aorta Kasus Trauma dengan Graft Sintetis"
"Mitra Keluarga Bekasi Timur","BEDAH VASKULER","KHUSUS 2","BDVD000026","Eksplorasi dan Rekonstruksi Vena Cava dengan Graft Sintetis"
"Mitra Keluarga Bekasi Timur","BEDAH VASKULER","KHUSUS 2","BDVD000027","Eksplorasi dan Rekonstruksi Vena Cava dengan Autograft"
"Mitra Keluarga Bekasi Timur","BEDAH VASKULER","KHUSUS 2","BDVD000028","Eksplorasi dan Rekonstruksi Vena Iliaka dengan Autograft"
"Mitra Keluarga Bekasi Timur","BEDAH VASKULER","KHUSUS 2","BDVD000029","Eksplorasi dan Rekonstruksi Vena Iliaka dengan Graft Sintetis"
"Mitra Keluarga Bekasi Timur","BEDAH VASKULER","KHUSUS 2","BDVD000040","Karotis Endarterektomi (CEA, EEA)"
"Mitra Keluarga Bekasi Timur","BEDAH VASKULER","KHUSUS 2","BDVD000041","Karotis Endarterektomi (CEA, EEA) dengan Graft"
"Mitra Keluarga Bekasi Timur","BEDAH VASKULER","KHUSUS 2","BDVD000049","Rekonstruksi Aneurisma Aorta Abdominalis dan Arteri Iliaka per Laparotomi"
"Mitra Keluarga Bekasi Timur","BEDAH VASKULER","KHUSUS 2","BDVD000050","Rekonstruksi Aneurisma Aorta Abdominalis per Laparotomi"
"Mitra Keluarga Bekasi Timur","BEDAH VASKULER","KHUSUS 2","BDVD000051","Rekonstruksi Aorta Abdominalis per Laparotomi"
"Mitra Keluarga Bekasi Timur","BEDAH VASKULER","KHUSUS 2","BDVD000052","Rekonstruksi Aortoiliak/ Bifemoral pada Kasus Leriche'S Syndrome"
"Mitra Keluarga Bekasi Timur","BEDAH VASKULER","KHUSUS 2","BDVD000053","Rekonstruksi Karotid Body Tumor"
"Mitra Keluarga Bekasi Timur","BEDAH VASKULER","KHUSUS 2","BDVD000054","Rekonstruksi Kerusakan Katup Vena dalam Tungkai"
"Mitra Keluarga Bekasi Timur","BEDAH VASKULER","KHUSUS 2","BDVD000055","Rekonstruksi Kompleks Arteri Ekstremitas pada CLI dengan Graft Autolog"
"Mitra Keluarga Bekasi Timur","BEDAH VASKULER","KHUSUS 2","BDVD000056","Rekonstruksi Kompleks Arteri Ekstremitas pada CLI dengan Graft Sintetis"
"Mitra Keluarga Bekasi Timur","BEDAH VASKULER","KHUSUS 2","BDVD000062","Rekonstruksi Vaskular Arteri Inominata atau Subklavia dengan Graft Sintesis"
"Mitra Keluarga Bekasi Timur","BEDAH VASKULER","KHUSUS 2","BDVD000065","Rekonstruksi Vena pada Kasus - Kasus DVT Kronik"
"Mitra Keluarga Bekasi Timur","BEDAH VASKULER","KHUSUS 2","BDVD000066","Release Thoracic Outlet Syndrome"
"Mitra Keluarga Bekasi Timur","BEDAH VASKULER","KHUSUS 2","BDVD000068","Simpatektomi per Laparoskopi/ Thoracoskopi"
"Mitra Keluarga Bekasi Timur","BEDAH VASKULER","KHUSUS 2","BDVD000076","Splenektomi dan Ligasi VV Coronaria Serta Splenorenal Shunt dengan Graft"
"Mitra Keluarga Bekasi Timur","BEDAH VASKULER","KHUSUS 2","BDVD000077","Splenektomi dan Ligasi VV Coronaria Serta Splenorenal Shunt pada Hipertensi Portal"
"Mitra Keluarga Bekasi Timur","BEDAH VASKULER","KHUSUS 2","BDVD000079","Splenorenal Shunt pada Hipertensi Portal"
"Mitra Keluarga Bekasi Timur","BEDAH VASKULER","KHUSUS 2","BDVD000080","Splenorenal Shunt Warren pada Hipertensi Portal dengan Graft Sintesis"
"Mitra Keluarga Bekasi Timur","BEDAH VASKULER","KHUSUS 2","BDVD000082","Stripping Varises 2 Tungkai Sederhana"
"Mitra Keluarga Bekasi Timur","BEDAH VASKULER","KHUSUS 2","BDVD000094","Open Konversi Evar"
"Mitra Keluarga Bekasi Timur","BEDAH VASKULER","KHUSUS 2","BDVD000100","Trombektomi 2 Ekstremitas dengan Angiojet"
"Mitra Keluarga Bekasi Timur","BEDAH VASKULER","KHUSUS 2","BDVD000114","Endoablation Vena Kompleks (EVLT/ RFA/ Venoseal/ Clarivein)"
"Mitra Keluarga Bekasi Timur","BEDAH VASKULER","KHUSUS 2","BDVD000120","Debridement dan Tutup Defek Kompleks"
"Mitra Keluarga Bekasi Timur","BEDAH ANAK","KECIL","BDAD010001","Drainase Abses Kecil"
"Mitra Keluarga Bekasi Timur","BEDAH ANAK","KECIL","BDAD010002","Eksisi Tumor Jinak Kecil"
"Mitra Keluarga Bekasi Timur","BEDAH ANAK","KECIL","BDAD010004","Eksisi Veruca"
"Mitra Keluarga Bekasi Timur","BEDAH ANAK","KECIL","BDAD010005","Ekstraksi Kuku"
"Mitra Keluarga Bekasi Timur","BEDAH ANAK","KECIL","BDAD010007","Pungsi Pleura - Torakosentesis"
"Mitra Keluarga Bekasi Timur","BEDAH ANAK","KECIL","BDAD010008","Roserplasty"
"Mitra Keluarga Bekasi Timur","BEDAH ANAK","KECIL","BDAD010009","Cirscumsisi/ Dorsumsisi"
"Mitra Keluarga Bekasi Timur","BEDAH ANAK","KECIL","BDAD010010","Dilatasi/ Buginasi"
"Mitra Keluarga Bekasi Timur","BEDAH ANAK","KECIL","BDAD010012","Meatotomi Uretha"
"Mitra Keluarga Bekasi Timur","BEDAH ANAK","KECIL","BDAD010013","Ekstirpasi Kista Ateroma Tunggal"
"Mitra Keluarga Bekasi Timur","BEDAH ANAK","KECIL","BDAD010157","Biopsi Rectum ""Full Thickness"""
"Mitra Keluarga Bekasi Timur","BEDAH ANAK","KECIL","BDAD010177","Insisi Tongue Tie"
"Mitra Keluarga Bekasi Timur","BEDAH ANAK","KECIL","BDAD010195","Release Sinekhia Vulva"
"Mitra Keluarga Bekasi Timur","BEDAH ANAK","KECIL","BDAD010210","Anuskopi"
"Mitra Keluarga Bekasi Timur","BEDAH ANAK","KECIL","BDAD010226","Frenektomi"
"Mitra Keluarga Bekasi Timur","BEDAH ANAK","KECIL","BDAD010234","Injeksi Intralesi Malformasi Limfatik Vaskuler"
"Mitra Keluarga Bekasi Timur","BEDAH ANAK","KECIL","BDAD010237","Rectosigmoidoskopi"
"Mitra Keluarga Bekasi Timur","BEDAH ANAK","KECIL","BDAD010274","Peripherally Inserted Central Catheter (PICC)"
"Mitra Keluarga Bekasi Timur","BEDAH ANAK","SEDANG 1","BDAD010003","Eksisi Tumor Jinak Rongga Mulut"
"Mitra Keluarga Bekasi Timur","BEDAH ANAK","SEDANG 1","BDAD010006","Pasang Thorax Drain/ WSD 1 Sisi"
"Mitra Keluarga Bekasi Timur","BEDAH ANAK","SEDANG 1","BDAD010011","Eksisi Burcitis"
"Mitra Keluarga Bekasi Timur","BEDAH ANAK","SEDANG 1","BDAD010014","Anal Fistulektomi"
"Mitra Keluarga Bekasi Timur","BEDAH ANAK","SEDANG 1","BDAD010015","Appendektomi"
"Mitra Keluarga Bekasi Timur","BEDAH ANAK","SEDANG 1","BDAD010017","Biopsi KGB"
"Mitra Keluarga Bekasi Timur","BEDAH ANAK","SEDANG 1","BDAD010019","Drainase Abses Besar"
"Mitra Keluarga Bekasi Timur","BEDAH ANAK","SEDANG 1","BDAD010022","Eksisi Ganglion"
"Mitra Keluarga Bekasi Timur","BEDAH ANAK","SEDANG 1","BDAD010024","Eksisi Hemangioma"
"Mitra Keluarga Bekasi Timur","BEDAH ANAK","SEDANG 1","BDAD010025","Eksisi Limfangioma"
"Mitra Keluarga Bekasi Timur","BEDAH ANAK","SEDANG 1","BDAD010027","Eksisi Tumor Jinak Sedang"
"Mitra Keluarga Bekasi Timur","BEDAH ANAK","SEDANG 1","BDAD010028","Eksisi Tumor Jinak Multiple Kecil"
"Mitra Keluarga Bekasi Timur","BEDAH ANAK","SEDANG 1","BDAD010029","Eksplorasi Dan Ekstraksi Corpus Alienum"
"Mitra Keluarga Bekasi Timur","BEDAH ANAK","SEDANG 1","BDAD010031","Hidrokelektomi per skrotal"
"Mitra Keluarga Bekasi Timur","BEDAH ANAK","SEDANG 1","BDAD010033","Ligasi Tinggi"
"Mitra Keluarga Bekasi Timur","BEDAH ANAK","SEDANG 1","BDAD010037","Skin Graft Kecil"
"Mitra Keluarga Bekasi Timur","BEDAH ANAK","SEDANG 1","BDAD010040","Vena Seksi"
"Mitra Keluarga Bekasi Timur","BEDAH ANAK","SEDANG 1","BDAD010042","Cytostomi"
"Mitra Keluarga Bekasi Timur","BEDAH ANAK","SEDANG 1","BDAD010044","Polydactily"
"Mitra Keluarga Bekasi Timur","BEDAH ANAK","SEDANG 1","BDAD010051","Eksisi Keloid"
"Mitra Keluarga Bekasi Timur","BEDAH ANAK","SEDANG 1","BDAD010059","Eksisi Kista Duktus Tiroglossus"
"Mitra Keluarga Bekasi Timur","BEDAH ANAK","SEDANG 1","BDAD010161","Eksisi Baker Cyst"
"Mitra Keluarga Bekasi Timur","BEDAH ANAK","SEDANG 1","BDAD010162","Eksisi Granuloma Umbilical"
"Mitra Keluarga Bekasi Timur","BEDAH ANAK","SEDANG 1","BDAD010167","Eksisi KGB"
"Mitra Keluarga Bekasi Timur","BEDAH ANAK","SEDANG 1","BDAD010169","Eksisi Kista Brachial"
"Mitra Keluarga Bekasi Timur","BEDAH ANAK","SEDANG 1","BDAD010183","Marsupialisasi"
"Mitra Keluarga Bekasi Timur","BEDAH ANAK","SEDANG 1","BDAD010190","Polipektomi"
"Mitra Keluarga Bekasi Timur","BEDAH ANAK","SEDANG 1","BDAD010204","Reseksi Urachus"
"Mitra Keluarga Bekasi Timur","BEDAH ANAK","SEDANG 1","BDAD010211","Eksisi Clavus Kecil/ Tunggal"
"Mitra Keluarga Bekasi Timur","BEDAH ANAK","SEDANG 1","BDAD010238","Biopsi Rektum Whole Layer"
"Mitra Keluarga Bekasi Timur","BEDAH ANAK","SEDANG 1","BDAD010239","Koreksi Syndactily Single"
"Mitra Keluarga Bekasi Timur","BEDAH ANAK","SEDANG 1","BDAD010289","Revisi Stoma/ Anastomose Usus"
"Mitra Keluarga Bekasi Timur","BEDAH ANAK","BESAR 1","BDAD010016","Biopsi Eksisi"
"Mitra Keluarga Bekasi Timur","BEDAH ANAK","BESAR 1","BDAD010056","Anal Fistulektomi Multiple"
"Mitra Keluarga Bekasi Timur","BEDAH ANAK","BESAR 1","BDAD010058","Eksisi FAM multiple"
"Mitra Keluarga Bekasi Timur","BEDAH ANAK","BESAR 1","BDAD010064","Laparoskopi Appendektomi"
"Mitra Keluarga Bekasi Timur","BEDAH ANAK","BESAR 1","BDAD010065","Laparoskopi Diagnostik"
"Mitra Keluarga Bekasi Timur","BEDAH ANAK","BESAR 1","BDAD010066","Laparotomi Appendektomi"
"Mitra Keluarga Bekasi Timur","BEDAH ANAK","BESAR 1","BDAD010072","Repair Hernia Inguinal 1 Sisi"
"Mitra Keluarga Bekasi Timur","BEDAH ANAK","BESAR 1","BDAD010073","Repair Hernia Umbilikalis"
"Mitra Keluarga Bekasi Timur","BEDAH ANAK","BESAR 1","BDAD010074","Skin Graft Luas"
"Mitra Keluarga Bekasi Timur","BEDAH ANAK","BESAR 1","BDAD010079","CAPD"
"Mitra Keluarga Bekasi Timur","BEDAH ANAK","BESAR 1","BDAD010086","Hemiglossektomi"
"Mitra Keluarga Bekasi Timur","BEDAH ANAK","BESAR 1","BDAD010109","Parotidektomi superfisial"
"Mitra Keluarga Bekasi Timur","BEDAH ANAK","BESAR 1","BDAD010163","Eksisi Hemangioma Multiple/ Besar"
"Mitra Keluarga Bekasi Timur","BEDAH ANAK","BESAR 1","BDAD010168","Eksisi Kelenjar Liur Submandibula"
"Mitra Keluarga Bekasi Timur","BEDAH ANAK","BESAR 1","BDAD010174","Herniotomi"
"Mitra Keluarga Bekasi Timur","BEDAH ANAK","BESAR 1","BDAD010176","Ileostomi"
"Mitra Keluarga Bekasi Timur","BEDAH ANAK","BESAR 1","BDAD010186","Orchidektomi"
"Mitra Keluarga Bekasi Timur","BEDAH ANAK","BESAR 1","BDAD010188","Pemasangan Percutaneous Endoscopic Gastrostomi"
"Mitra Keluarga Bekasi Timur","BEDAH ANAK","BESAR 1","BDAD010203","Reseksi Sigmoid"
"Mitra Keluarga Bekasi Timur","BEDAH ANAK","BESAR 1","BDAD010215","Repair Buried Penis"
"Mitra Keluarga Bekasi Timur","BEDAH ANAK","BESAR 1","BDAD010227","Evakuasi Fecaloma dengan General Anastesi"
"Mitra Keluarga Bekasi Timur","BEDAH ANAK","BESAR 1","BDAD010240","Hidrocelectomi Bilateral"
"Mitra Keluarga Bekasi Timur","BEDAH ANAK","BESAR 1","BDAD010241","Koreksi Syndactily Multiple"
"Mitra Keluarga Bekasi Timur","BEDAH ANAK","BESAR 1","BDAD010284","Debridement Luka Sedang"
"Mitra Keluarga Bekasi Timur","BEDAH ANAK","BESAR 1","BDAD010287","Marsupialisasi Besar"
"Mitra Keluarga Bekasi Timur","BEDAH ANAK","BESAR 1","BDAD010290","Scrotoplasty"
"Mitra Keluarga Bekasi Timur","BEDAH ANAK","BESAR 2","BDAD010030","Eksplorasi Luka"
"Mitra Keluarga Bekasi Timur","BEDAH ANAK","BESAR 2","BDAD010035","Pasang Thoraks Drain/ WSD 2 sisi"
"Mitra Keluarga Bekasi Timur","BEDAH ANAK","BESAR 2","BDAD010036","Repair Hernia Inguinal 1 sisi + Ligasi Tinggi"
"Mitra Keluarga Bekasi Timur","BEDAH ANAK","BESAR 2","BDAD010043","Cytoscopi"
"Mitra Keluarga Bekasi Timur","BEDAH ANAK","BESAR 2","BDAD010045","Sectio Alta"
"Mitra Keluarga Bekasi Timur","BEDAH ANAK","BESAR 2","BDAD010046","Orchidopexy"
"Mitra Keluarga Bekasi Timur","BEDAH ANAK","BESAR 2","BDAD010057","Debridement + Nekrotomi"
"Mitra Keluarga Bekasi Timur","BEDAH ANAK","BESAR 2","BDAD010060","Eksisi Tumor Jinak Multipel Sedang"
"Mitra Keluarga Bekasi Timur","BEDAH ANAK","BESAR 2","BDAD010067","Laparotomi Eksplorasi"
"Mitra Keluarga Bekasi Timur","BEDAH ANAK","BESAR 2","BDAD010078","Pyloroplasty"
"Mitra Keluarga Bekasi Timur","BEDAH ANAK","BESAR 2","BDAD010080","Stripping Varises"
"Mitra Keluarga Bekasi Timur","BEDAH ANAK","BESAR 2","BDAD010091","Laparoskopi Eksplorasi + Adhesiolisis"
"Mitra Keluarga Bekasi Timur","BEDAH ANAK","BESAR 2","BDAD010093","Laparoskopi Inguinal Hernia Repair 1 sisi"
"Mitra Keluarga Bekasi Timur","BEDAH ANAK","BESAR 2","BDAD010094","Laparoskopi Ventral Hernia Repair"
"Mitra Keluarga Bekasi Timur","BEDAH ANAK","BESAR 2","BDAD010095","Laparotomi Eksplorasi + Adhesiolisis"
"Mitra Keluarga Bekasi Timur","BEDAH ANAK","BESAR 2","BDAD010096","Laparotomi Eksplorasi + Ileostomi"
"Mitra Keluarga Bekasi Timur","BEDAH ANAK","BESAR 2","BDAD010099","Laparotomi Eksplorasi + Repair Ruptur Hepar"
"Mitra Keluarga Bekasi Timur","BEDAH ANAK","BESAR 2","BDAD010100","Laparotomi Eksplorasi + Reposisi Invaginasi"
"Mitra Keluarga Bekasi Timur","BEDAH ANAK","BESAR 2","BDAD010102","Laparotomi Eksplorasi + Splenoraphy"
"Mitra Keluarga Bekasi Timur","BEDAH ANAK","BESAR 2","BDAD010103","Laparotomi Kolesistektomi"
"Mitra Keluarga Bekasi Timur","BEDAH ANAK","BESAR 2","BDAD010110","Reduksi Invaginasi"
"Mitra Keluarga Bekasi Timur","BEDAH ANAK","BESAR 2","BDAD010134","Laparotomi Eksplorasi + Hemikolektomi Dextra"
"Mitra Keluarga Bekasi Timur","BEDAH ANAK","BESAR 2","BDAD010135","Laparotomi Eksplorasi + Hemikolektomi Sinistra"
"Mitra Keluarga Bekasi Timur","BEDAH ANAK","BESAR 2","BDAD010136","Laparotomi Eksplorasi + Re-Anastomosis Sigmoid"
"Mitra Keluarga Bekasi Timur","BEDAH ANAK","BESAR 2","BDAD010137","Laparotomi Eksplorasi + Reseksi Anastomosis Usus"
"Mitra Keluarga Bekasi Timur","BEDAH ANAK","BESAR 2","BDAD010139","Low Anterior Resection"
"Mitra Keluarga Bekasi Timur","BEDAH ANAK","BESAR 2","BDAD010142","Parotidektomi total"
"Mitra Keluarga Bekasi Timur","BEDAH ANAK","BESAR 2","BDAD010158","Chordektomi"
"Mitra Keluarga Bekasi Timur","BEDAH ANAK","BESAR 2","BDAD010166","Eksisi Higroma Colli/ Axilla"
"Mitra Keluarga Bekasi Timur","BEDAH ANAK","BESAR 2","BDAD010175","Herniotomi pada Hernia Strangulata"
"Mitra Keluarga Bekasi Timur","BEDAH ANAK","BESAR 2","BDAD010178","Kolostomi Anak"
"Mitra Keluarga Bekasi Timur","BEDAH ANAK","BESAR 2","BDAD010179","Kolostomi Neonatus"
"Mitra Keluarga Bekasi Timur","BEDAH ANAK","BESAR 2","BDAD010194","Tiersch Prosedur"
"Mitra Keluarga Bekasi Timur","BEDAH ANAK","BESAR 2","BDAD010208","Ureteroplasty"
"Mitra Keluarga Bekasi Timur","BEDAH ANAK","BESAR 2","BDAD010222","Urethrocystoscopy"
"Mitra Keluarga Bekasi Timur","BEDAH ANAK","BESAR 2","BDAD010242","Laparoskopi Appendiktomi Dengan Penyulit"
"Mitra Keluarga Bekasi Timur","BEDAH ANAK","BESAR 2","BDAD010243","Laparoskopi Kolesistektomi"
"Mitra Keluarga Bekasi Timur","BEDAH ANAK","BESAR 2","BDAD010244","Orchidopexy Bilateral"
"Mitra Keluarga Bekasi Timur","BEDAH ANAK","BESAR 2","BDAD010245","Piloromiotomi Hps"
"Mitra Keluarga Bekasi Timur","BEDAH ANAK","BESAR 2","BDAD010246","Sphincterotomi Internal"
"Mitra Keluarga Bekasi Timur","BEDAH ANAK","BESAR 2","BDAD010247","Tutup Kolostomi / Ileostomi"
"Mitra Keluarga Bekasi Timur","BEDAH ANAK","BESAR 2","BDAD010282","Biopsi Eksisi Besar"
"Mitra Keluarga Bekasi Timur","BEDAH ANAK","BESAR 2","BDAD010285","Debridement Luka Besar"
"Mitra Keluarga Bekasi Timur","BEDAH ANAK","BESAR 2","BDAD010291","Repair Hernia Inguinalis Bilateral"
"Mitra Keluarga Bekasi Timur","BEDAH ANAK","KHUSUS 1","BDAD010053","Repair VL Kompleks Mukosa Bibir/ Rongga Mulut"
"Mitra Keluarga Bekasi Timur","BEDAH ANAK","KHUSUS 1","BDAD010063","Labioplasty"
"Mitra Keluarga Bekasi Timur","BEDAH ANAK","KHUSUS 1","BDAD010089","Eksisi Tumor Jinak Multiple Besar"
"Mitra Keluarga Bekasi Timur","BEDAH ANAK","KHUSUS 1","BDAD010097","Laparotomi Eksplorasi + Kolostomi"
"Mitra Keluarga Bekasi Timur","BEDAH ANAK","KHUSUS 1","BDAD010098","Laparotomi Eksplorasi + Repair Perforasi Usus"
"Mitra Keluarga Bekasi Timur","BEDAH ANAK","KHUSUS 1","BDAD010108","Pankreatektomi Parsial"
"Mitra Keluarga Bekasi Timur","BEDAH ANAK","KHUSUS 1","BDAD010115","Laparotomi + Repair Hernia Diafragmatika"
"Mitra Keluarga Bekasi Timur","BEDAH ANAK","KHUSUS 1","BDAD010119","Diseksi KGB Axilla"
"Mitra Keluarga Bekasi Timur","BEDAH ANAK","KHUSUS 1","BDAD010120","Diseksi KGB Inguinal"
"Mitra Keluarga Bekasi Timur","BEDAH ANAK","KHUSUS 1","BDAD010122","DuodenoDuodenostomi"
"Mitra Keluarga Bekasi Timur","BEDAH ANAK","KHUSUS 1","BDAD010123","DuodenoJejunostomi"
"Mitra Keluarga Bekasi Timur","BEDAH ANAK","KHUSUS 1","BDAD010124","Fundoplication"
"Mitra Keluarga Bekasi Timur","BEDAH ANAK","KHUSUS 1","BDAD010128","Hepatik Portoenterostomi (Kasai)"
"Mitra Keluarga Bekasi Timur","BEDAH ANAK","KHUSUS 1","BDAD010130","Laparoskopi Inguinal Hernia Repair 2 Sisi"
"Mitra Keluarga Bekasi Timur","BEDAH ANAK","KHUSUS 1","BDAD010131","Laparoskopi kolesistektomi dengan Penyulit"
"Mitra Keluarga Bekasi Timur","BEDAH ANAK","KHUSUS 1","BDAD010132","Laparotomi Eksplorasi + Adhesiolisis + Ileostomi"
"Mitra Keluarga Bekasi Timur","BEDAH ANAK","KHUSUS 1","BDAD010133","Laparotomi Eksplorasi + Adhesiolisis + Kolostomi"
"Mitra Keluarga Bekasi Timur","BEDAH ANAK","KHUSUS 1","BDAD010138","Laparotomi Kolesistektomi + Eksplorasi CBD + T Tube"
"Mitra Keluarga Bekasi Timur","BEDAH ANAK","KHUSUS 1","BDAD010140","Miles procedure"
"Mitra Keluarga Bekasi Timur","BEDAH ANAK","KHUSUS 1","BDAD010153","Laparoskopi Kolesistektomi + Eksplorasi CBD"
"Mitra Keluarga Bekasi Timur","BEDAH ANAK","KHUSUS 1","BDAD010154","Laparoskopi Kolorektal"
"Mitra Keluarga Bekasi Timur","BEDAH ANAK","KHUSUS 1","BDAD010165","Eksisi Higroma Colli/ Limfangioma Simple"
"Mitra Keluarga Bekasi Timur","BEDAH ANAK","KHUSUS 1","BDAD010170","Eksisi Kista Saluran Empedu"
"Mitra Keluarga Bekasi Timur","BEDAH ANAK","KHUSUS 1","BDAD010171","Eksisi Kista Urachus"
"Mitra Keluarga Bekasi Timur","BEDAH ANAK","KHUSUS 1","BDAD010185","Nefrektomi Partial"
"Mitra Keluarga Bekasi Timur","BEDAH ANAK","KHUSUS 1","BDAD010199","Repair Fistel Rectovaginal"
"Mitra Keluarga Bekasi Timur","BEDAH ANAK","KHUSUS 1","BDAD010248","Eksisi Tumor Intraabdominal Retroperitoneal"
"Mitra Keluarga Bekasi Timur","BEDAH ANAK","KHUSUS 1","BDAD010249","Laparoskopi Udt Unilateral"
"Mitra Keluarga Bekasi Timur","BEDAH ANAK","KHUSUS 1","BDAD010250","Repair Ani / Anuplasty"
"Mitra Keluarga Bekasi Timur","BEDAH ANAK","KHUSUS 1","BDAD010292","Sistrunk Procedure"
"Mitra Keluarga Bekasi Timur","BEDAH ANAK","KHUSUS 1","BDAD010293","Eksisi Divertikel Meckel/ Jejenum/ Ileum"
"Mitra Keluarga Bekasi Timur","BEDAH ANAK","KHUSUS 2","BDAD010062","Kolesistostomi"
"Mitra Keluarga Bekasi Timur","BEDAH ANAK","KHUSUS 2","BDAD010090","Isthmo - Lobektomi Tiroid"
"Mitra Keluarga Bekasi Timur","BEDAH ANAK","KHUSUS 2","BDAD010092","Laparoskopi Eksplorasi + Drainase"
"Mitra Keluarga Bekasi Timur","BEDAH ANAK","KHUSUS 2","BDAD010101","Laparotomi Eksplorasi + Splenektomi"
"Mitra Keluarga Bekasi Timur","BEDAH ANAK","KHUSUS 2","BDAD010104","Lumpektomi"
"Mitra Keluarga Bekasi Timur","BEDAH ANAK","KHUSUS 2","BDAD010111","Repair Hernia + Re - Anastomosis Usus"
"Mitra Keluarga Bekasi Timur","BEDAH ANAK","KHUSUS 2","BDAD010112","Repair Hernia + Reseksi Omentum"
"Mitra Keluarga Bekasi Timur","BEDAH ANAK","KHUSUS 2","BDAD010113","Tiroidektomi Total"
"Mitra Keluarga Bekasi Timur","BEDAH ANAK","KHUSUS 2","BDAD010121","Duhamel Pull - Through"
"Mitra Keluarga Bekasi Timur","BEDAH ANAK","KHUSUS 2","BDAD010125","Gastrektomi Parsial (Billroth I)"
"Mitra Keluarga Bekasi Timur","BEDAH ANAK","KHUSUS 2","BDAD010126","Gastrektomi Parsial (Billroth II)"
"Mitra Keluarga Bekasi Timur","BEDAH ANAK","KHUSUS 2","BDAD010127","Hartman procedure"
"Mitra Keluarga Bekasi Timur","BEDAH ANAK","KHUSUS 2","BDAD010129","Kolektomi total + Anastomosis Ileoanal"
"Mitra Keluarga Bekasi Timur","BEDAH ANAK","KHUSUS 2","BDAD010143","Pintasan Biliodigestif"
"Mitra Keluarga Bekasi Timur","BEDAH ANAK","KHUSUS 2","BDAD010144","Reseksi Hepar"
"Mitra Keluarga Bekasi Timur","BEDAH ANAK","KHUSUS 2","BDAD010146","Transeksi/ Reseksi Esofagus"
"Mitra Keluarga Bekasi Timur","BEDAH ANAK","KHUSUS 2","BDAD010147","Whipple Procedure"
"Mitra Keluarga Bekasi Timur","BEDAH ANAK","KHUSUS 2","BDAD010148","Torakotomi Darurat"
"Mitra Keluarga Bekasi Timur","BEDAH ANAK","KHUSUS 2","BDAD010149","Torakoskopi + Dekortikasi"
"Mitra Keluarga Bekasi Timur","BEDAH ANAK","KHUSUS 2","BDAD010159","Cystojejenostomi"
"Mitra Keluarga Bekasi Timur","BEDAH ANAK","KHUSUS 2","BDAD010160","Debulking"
"Mitra Keluarga Bekasi Timur","BEDAH ANAK","KHUSUS 2","BDAD010172","Eksisi Neuroblastoma"
"Mitra Keluarga Bekasi Timur","BEDAH ANAK","KHUSUS 2","BDAD010173","Eksisi Teratoma"
"Mitra Keluarga Bekasi Timur","BEDAH ANAK","KHUSUS 2","BDAD010180","LADD Procedure"
"Mitra Keluarga Bekasi Timur","BEDAH ANAK","KHUSUS 2","BDAD010189","Plikasi Diafragma"
"Mitra Keluarga Bekasi Timur","BEDAH ANAK","KHUSUS 2","BDAD010191","Posterosagital Anorectoplasty (PSARP)"
"Mitra Keluarga Bekasi Timur","BEDAH ANAK","KHUSUS 2","BDAD010192","Posterosagital Anorectovaginourethroplaasty (PSARRVUP)"
"Mitra Keluarga Bekasi Timur","BEDAH ANAK","KHUSUS 2","BDAD010196","Repair Bladder Extrophy"
"Mitra Keluarga Bekasi Timur","BEDAH ANAK","KHUSUS 2","BDAD010197","Repair Cloacal Extrophy"
"Mitra Keluarga Bekasi Timur","BEDAH ANAK","KHUSUS 2","BDAD010200","Repair Ruptura Perineum Lama"
"Mitra Keluarga Bekasi Timur","BEDAH ANAK","KHUSUS 2","BDAD010201","Repair Vesika Urinaria"
"Mitra Keluarga Bekasi Timur","BEDAH ANAK","KHUSUS 2","BDAD010202","Reseksi Gaster"
"Mitra Keluarga Bekasi Timur","BEDAH ANAK","KHUSUS 2","BDAD010205","Salphingo Oophorectomi Bilateral"
"Mitra Keluarga Bekasi Timur","BEDAH ANAK","KHUSUS 2","BDAD010206","Skleroterapi"
"Mitra Keluarga Bekasi Timur","BEDAH ANAK","KHUSUS 2","BDAD010207","Uretero Neosistostomi"
"Mitra Keluarga Bekasi Timur","BEDAH ANAK","KHUSUS 2","BDAD010216","Repair Omfalocele"
"Mitra Keluarga Bekasi Timur","BEDAH ANAK","KHUSUS 2","BDAD010220","Laparotomi Repair Atresia Esofagus"
"Mitra Keluarga Bekasi Timur","BEDAH ANAK","KHUSUS 2","BDAD010221","Laparoskopi Repair Atresia Esofagus"
"Mitra Keluarga Bekasi Timur","BEDAH ANAK","KHUSUS 2","BDAD010223","Repair Posterior Urethral Valve"
"Mitra Keluarga Bekasi Timur","BEDAH ANAK","KHUSUS 2","BDAD010225","Repair Vesicoureteral Reflux"
"Mitra Keluarga Bekasi Timur","BEDAH ANAK","KHUSUS 2","BDAD010228","Eksternal Drainase CBD"
"Mitra Keluarga Bekasi Timur","BEDAH ANAK","KHUSUS 2","BDAD010235","Nefrostomy"
"Mitra Keluarga Bekasi Timur","BEDAH ANAK","KHUSUS 2","BDAD010236","Laparoskopi Repair Hernia Diafragmatika"
"Mitra Keluarga Bekasi Timur","BEDAH ANAK","KHUSUS 2","BDAD010251","Ablasi Duplikasi Gastrointestinal"
"Mitra Keluarga Bekasi Timur","BEDAH ANAK","KHUSUS 2","BDAD010252","Abdominorectal Pull Through (Swenson Procedure)"
"Mitra Keluarga Bekasi Timur","BEDAH ANAK","KHUSUS 2","BDAD010253","Augmentation Cystoplasty"
"Mitra Keluarga Bekasi Timur","BEDAH ANAK","KHUSUS 2","BDAD010254","Abdominoplasty (Prune Belly, Hernia Ventralis)"
"Mitra Keluarga Bekasi Timur","BEDAH ANAK","KHUSUS 2","BDAD010255","Bladder Neck Reconstruction"
"Mitra Keluarga Bekasi Timur","BEDAH ANAK","KHUSUS 2","BDAD010256","Bowel Lengthening Procedure"
"Mitra Keluarga Bekasi Timur","BEDAH ANAK","KHUSUS 2","BDAD010257","Devaskularisasi Gastro-Esofagus"
"Mitra Keluarga Bekasi Timur","BEDAH ANAK","KHUSUS 2","BDAD010258","Eksisi Rhabdomyosarcoma"
"Mitra Keluarga Bekasi Timur","BEDAH ANAK","KHUSUS 2","BDAD010259","Esofagomyotomi Heller"
"Mitra Keluarga Bekasi Timur","BEDAH ANAK","KHUSUS 2","BDAD010260","Feminizing Genitoplasty"
"Mitra Keluarga Bekasi Timur","BEDAH ANAK","KHUSUS 2","BDAD010261","Esophagectomy (Gastric Pull-Up), Esophageal Replacement"
"Mitra Keluarga Bekasi Timur","BEDAH ANAK","KHUSUS 2","BDAD010262","Hepaticojejunostomy Roux En Y (Kista Duktus Kholedokus)"
"Mitra Keluarga Bekasi Timur","BEDAH ANAK","KHUSUS 2","BDAD010263","Ligasi Fistula Trakeoesofageal Per Torakotomi"
"Mitra Keluarga Bekasi Timur","BEDAH ANAK","KHUSUS 2","BDAD010264","Nephroureterectomi Tumor Wilms"
"Mitra Keluarga Bekasi Timur","BEDAH ANAK","KHUSUS 2","BDAD010265","Nefrektomi Total"
"Mitra Keluarga Bekasi Timur","BEDAH ANAK","KHUSUS 2","BDAD010266","Pyeloplasty Pujo (Pelvi Uretero Junction Obstruction)"
"Mitra Keluarga Bekasi Timur","BEDAH ANAK","KHUSUS 2","BDAD010267","Laparoskopi Udt Bilateral"
"Mitra Keluarga Bekasi Timur","BEDAH ANAK","KHUSUS 2","BDAD010268","Repair Epispadia"
"Mitra Keluarga Bekasi Timur","BEDAH ANAK","KHUSUS 2","BDAD010269","Reimplantasi Ureter Intravesical, Ekstravesical"
"Mitra Keluarga Bekasi Timur","BEDAH ANAK","KHUSUS 2","BDAD010270","Total Urogenital Mobilization"
"Mitra Keluarga Bekasi Timur","BEDAH ANAK","KHUSUS 2","BDAD010271","TEPT (Trans Endorectal Pullthrough), Soave Boley Pullthrough"
"Mitra Keluarga Bekasi Timur","BEDAH MULUT","KECIL","GBMD000062","Eksisi Biopsi Tumor Jinak"
"Mitra Keluarga Bekasi Timur","BEDAH MULUT","SEDANG 1","GBMD000010","Debridement"
"Mitra Keluarga Bekasi Timur","BEDAH MULUT","SEDANG 1","GBMD000063","Debridement Fraktur Dentoalveolar 1 Rahang"
"Mitra Keluarga Bekasi Timur","BEDAH MULUT","SEDANG 1","GBMD000065","Eksisi Biopsi Tumor Jinak + Multiple Ekstraksi Gigi"
"Mitra Keluarga Bekasi Timur","BEDAH MULUT","SEDANG 1","GBMD000078","Reposisi Temporomandibular Joint"
"Mitra Keluarga Bekasi Timur","BEDAH MULUT","SEDANG 1","GBMD000079","Oroantral Fistula Buccal Flap Closure"
"Mitra Keluarga Bekasi Timur","BEDAH MULUT","SEDANG 1","GBMD000104","Aff Fiksasi Maksila + Mandibula"
"Mitra Keluarga Bekasi Timur","BEDAH MULUT","SEDANG 1","GBMD000105","Biopsi Intra Bon/ Tumor Jinak"
"Mitra Keluarga Bekasi Timur","BEDAH MULUT","SEDANG 1","GBMD000116","Repair Jaringan"
"Mitra Keluarga Bekasi Timur","BEDAH MULUT","SEDANG 1","GBMD000117","Ekstraksi Komplikasi 1 - 3 Gigi"
"Mitra Keluarga Bekasi Timur","BEDAH MULUT","BESAR 1","GBMD000019","Enukleasi Kista Sederhana"
"Mitra Keluarga Bekasi Timur","BEDAH MULUT","BESAR 1","GBMD000030","Marsupialisasi"
"Mitra Keluarga Bekasi Timur","BEDAH MULUT","BESAR 1","GBMD000031","OAF (Oro - Antral Fistula) Closure"
"Mitra Keluarga Bekasi Timur","BEDAH MULUT","BESAR 1","GBMD000032","Odontektomi 1 Gigi"
"Mitra Keluarga Bekasi Timur","BEDAH MULUT","BESAR 1","GBMD000064","Debridement Fraktur Dentoalveolar 2 Rahang"
"Mitra Keluarga Bekasi Timur","BEDAH MULUT","BESAR 1","GBMD000069","Fraktur Reduksi Tertutup"
"Mitra Keluarga Bekasi Timur","BEDAH MULUT","BESAR 1","GBMD000106","Palatal Flap"
"Mitra Keluarga Bekasi Timur","BEDAH MULUT","BESAR 1","GBMD000118","Ekstraksi Komplikasi 4 - 6 Gigi"
"Mitra Keluarga Bekasi Timur","BEDAH MULUT","BESAR 2","GBMD000033","Odontektomi 2 gigi"
"Mitra Keluarga Bekasi Timur","BEDAH MULUT","BESAR 2","GBMD000059","Enukleasi Kista Kompleks"
"Mitra Keluarga Bekasi Timur","BEDAH MULUT","BESAR 2","GBMD000066","Blok Reseksi Tumor Jinak"
"Mitra Keluarga Bekasi Timur","BEDAH MULUT","BESAR 2","GBMD000074","Marsupialisasi Bilateral"
"Mitra Keluarga Bekasi Timur","BEDAH MULUT","BESAR 2","GBMD000075","Kuretase Radikal Tumor Jinak"
"Mitra Keluarga Bekasi Timur","BEDAH MULUT","BESAR 2","GBMD000088","Enukleasi Kista Sedang"
"Mitra Keluarga Bekasi Timur","BEDAH MULUT","BESAR 2","GBMD000119","Ekstraksi Komplikasi > 7 Gigi"
"Mitra Keluarga Bekasi Timur","BEDAH MULUT","KHUSUS 1","GBMD000011","Dental Implant"
"Mitra Keluarga Bekasi Timur","BEDAH MULUT","KHUSUS 1","GBMD000068","Fraktur Reduksi Terbuka"
"Mitra Keluarga Bekasi Timur","BEDAH MULUT","KHUSUS 1","GBMD000082","Odontektomi 3 - 4 atau Lebih Kasus Sulit"
"Mitra Keluarga Bekasi Timur","BEDAH MULUT","KHUSUS 1","GBMD000107","Insersi Implant > 2 Gigi/ Multiple Implant"
"Mitra Keluarga Bekasi Timur","GIGI ANAK","KECIL","GIGD000018","Windowing"
"Mitra Keluarga Bekasi Timur","GIGI ANAK","KECIL","GIGD000019","Frenektomi Labialis"
"Mitra Keluarga Bekasi Timur","GIGI ANAK","SEDANG 1","GIGD000020","Perawatan 1 - 7 Gigi Sulung (Penambalan GIC/ Komposit/ Ekstraksi Gigi/ PSA 1 Visit/ Scalling)"
"Mitra Keluarga Bekasi Timur","GIGI ANAK","SEDANG 1","GIGD000021","Perawatan 1 - 7 Gigi Tetap (Penambalan GIC/ Komposit/ Ekstraksi Gigi/ PSA 1 Visit Gigi Anterior/ Scalling)"
"Mitra Keluarga Bekasi Timur","GIGI ANAK","BESAR 1","GIGD000022","Perawatan 8 - 14 Gigi Sulung (Penambalan GIC/ Komposit/ Ekstraksi Gigi/ PSA 1 Visit/ Scalling)"
"Mitra Keluarga Bekasi Timur","GIGI ANAK","BESAR 1","GIGD000023","Perawatan 8 - 14 Gigi Tetap (Penambalan GIC/ Komposit/ Ekstraksi Gigi/ PSA 1 Visit Gigi Posterior/ Scalling)"
"Mitra Keluarga Bekasi Timur","GIGI ANAK","BESAR 2","GIGD000024","Full Mouth Preparation (Tindakan pada Seluruh Gigi Sulung/ Tetap atau Lebih dari 14 Gigi)"
"Mitra Keluarga Bekasi Timur","GIGI ANAK","BESAR 2","GIGD000025","Frenektomi Lingualis"
"Mitra Keluarga Bekasi Timur","MATA","KECIL","MATD010001","Angkat Jahitan Anak dengan Narkose"
"Mitra Keluarga Bekasi Timur","MATA","KECIL","MATD010007","Ekstirpasi Xantelasma"
"Mitra Keluarga Bekasi Timur","MATA","KECIL","MATD010008","Ekstraksi Corpus Alineum Cornea"
"Mitra Keluarga Bekasi Timur","MATA","KECIL","MATD010011","Insisi Chalazion"
"Mitra Keluarga Bekasi Timur","MATA","KECIL","MATD010012","Insisi Hordeolum"
"Mitra Keluarga Bekasi Timur","MATA","KECIL","MATD010020","Reposisi IOL"
"Mitra Keluarga Bekasi Timur","MATA","KECIL","MATD010026","Injeksi Intravitreal"
"Mitra Keluarga Bekasi Timur","MATA","KECIL","MATD010027","Probing Duktus Nasolakrimalis"
"Mitra Keluarga Bekasi Timur","MATA","KECIL","MATD010032","Ekstirpasi Kista Konjungtiva"
"Mitra Keluarga Bekasi Timur","MATA","KECIL","MATD010056","Ekstraksi Corpus Alineum Konjungtiva"
"Mitra Keluarga Bekasi Timur","MATA","KECIL","MATD010057","Ekstraksi Corpus Alineum Palpebra"
"Mitra Keluarga Bekasi Timur","MATA","KECIL","MATD010058","Irigasi Corpus Alineum di Ductus Lacrimalis"
"Mitra Keluarga Bekasi Timur","MATA","KECIL","MATD010059","Ekstirpasi Lithiasis"
"Mitra Keluarga Bekasi Timur","MATA","KECIL","MATD010060","Ekstirpasi Lithiasis dengan Mikroskop"
"Mitra Keluarga Bekasi Timur","MATA","KECIL","MATD010070","Ekstirpasi Granuloma Multiple"
"Mitra Keluarga Bekasi Timur","MATA","KECIL","MATD010071","Insisi Abses Palpebra"
"Mitra Keluarga Bekasi Timur","MATA","KECIL","MATD010072","Insisi Abses Palpebra pada Anak"
"Mitra Keluarga Bekasi Timur","MATA","KECIL","MATD010082","Ektirpasi Granuloma"
"Mitra Keluarga Bekasi Timur","MATA","KECIL","MATD010084","Aff Hecting Kornea"
"Mitra Keluarga Bekasi Timur","MATA","KECIL","MATD010098","Hecting Sklera > 0,5 cm"
"Mitra Keluarga Bekasi Timur","MATA","SEDANG 1","MATD010004","ECCE/ ICCE/ SICS"
"Mitra Keluarga Bekasi Timur","MATA","SEDANG 1","MATD010005","Eksisi Pterigium"
"Mitra Keluarga Bekasi Timur","MATA","SEDANG 1","MATD010018","Repair Ruptur Palpebra"
"Mitra Keluarga Bekasi Timur","MATA","SEDANG 1","MATD010021","Sekunder IOL"
"Mitra Keluarga Bekasi Timur","MATA","SEDANG 1","MATD010023","Phacoemulsifikasi I"
"Mitra Keluarga Bekasi Timur","MATA","SEDANG 1","MATD010025","Anel Sondase"
"Mitra Keluarga Bekasi Timur","MATA","SEDANG 1","MATD010028","Iridektomi"
"Mitra Keluarga Bekasi Timur","MATA","SEDANG 1","MATD010031","Snip Punctoplasti"
"Mitra Keluarga Bekasi Timur","MATA","SEDANG 1","MATD010052","Eksisi Tumor Konjungtiva + PA"
"Mitra Keluarga Bekasi Timur","MATA","SEDANG 1","MATD010053","Eksisi Tumor Palpebra + PA"
"Mitra Keluarga Bekasi Timur","MATA","SEDANG 1","MATD010055","Insisi Hordeolum/ Chalazion Anak dengan Narkose"
"Mitra Keluarga Bekasi Timur","MATA","SEDANG 1","MATD010061","Reposisi Iris Trauma"
"Mitra Keluarga Bekasi Timur","MATA","SEDANG 1","MATD010062","Ekstraksi Corpus Alineum Bilik Mata Depan"
"Mitra Keluarga Bekasi Timur","MATA","SEDANG 1","MATD010065","Aspirasi Sisa Korteks"
"Mitra Keluarga Bekasi Timur","MATA","SEDANG 1","MATD010068","Ekstraksi Corpus Alineum dengan Komplikasi"
"Mitra Keluarga Bekasi Timur","MATA","SEDANG 1","MATD010085","Biopsi Kelopak Dan Konjungtiva"
"Mitra Keluarga Bekasi Timur","MATA","SEDANG 1","MATD010086","Biopsi Tumor Kelopak Mata"
"Mitra Keluarga Bekasi Timur","MATA","SEDANG 1","MATD010091","Ekstirpasi Naevus Sederhana"
"Mitra Keluarga Bekasi Timur","MATA","SEDANG 1","MATD010093","Ekstirpasi Tumor Kecil Palpebra"
"Mitra Keluarga Bekasi Timur","MATA","SEDANG 1","MATD010117","Insisi Hordeolum/ Chalazion dengan Penyulit"
"Mitra Keluarga Bekasi Timur","MATA","SEDANG 1","MATD010120","Phacoemulsifikasi ECCE tanpa Lensa"
"Mitra Keluarga Bekasi Timur","MATA","BESAR 1","MATD010002","Aspirasi/ Irigasi/ Reformasi COA"
"Mitra Keluarga Bekasi Timur","MATA","BESAR 1","MATD010015","Repair of Laceration, Cornea and/ or Sclera, Perforating"
"Mitra Keluarga Bekasi Timur","MATA","BESAR 1","MATD010016","Repair of Laceration, Cornea, Non Perforating"
"Mitra Keluarga Bekasi Timur","MATA","BESAR 1","MATD010019","Repair Ruptur Palpebra (dengan Rupture Canalis Lacrimalis)"
"Mitra Keluarga Bekasi Timur","MATA","BESAR 1","MATD010022","Vitrektomi"
"Mitra Keluarga Bekasi Timur","MATA","BESAR 1","MATD010024","Phacoemulsifikasi II"
"Mitra Keluarga Bekasi Timur","MATA","BESAR 1","MATD010033","Repair Entropion"
"Mitra Keluarga Bekasi Timur","MATA","BESAR 1","MATD010034","Repair Ektropion"
"Mitra Keluarga Bekasi Timur","MATA","BESAR 1","MATD010037","Konjungtiva Flap"
"Mitra Keluarga Bekasi Timur","MATA","BESAR 1","MATD010038","Repair Ruptur Konjungtiva > 1cm (Luas)"
"Mitra Keluarga Bekasi Timur","MATA","BESAR 1","MATD010039","Blepharoplasti 1 Mata"
"Mitra Keluarga Bekasi Timur","MATA","BESAR 1","MATD010044","Rekanalisasi Ruptur Transkanal"
"Mitra Keluarga Bekasi Timur","MATA","BESAR 1","MATD010045","Repair Strabismus"
"Mitra Keluarga Bekasi Timur","MATA","BESAR 1","MATD010046","Trabekulektomi"
"Mitra Keluarga Bekasi Timur","MATA","BESAR 1","MATD010066","Autograf Konjungtiva"
"Mitra Keluarga Bekasi Timur","MATA","BESAR 1","MATD010067","Eksisi Pterigium + Konjungtivaplasti"
"Mitra Keluarga Bekasi Timur","MATA","BESAR 1","MATD010076","Repair Ruptur Palpebra Luas"
"Mitra Keluarga Bekasi Timur","MATA","BESAR 1","MATD010078","Pneumopexy/ Silikon + Scleral Buckle"
"Mitra Keluarga Bekasi Timur","MATA","BESAR 1","MATD010080","Rekonstruksi Ptosis"
"Mitra Keluarga Bekasi Timur","MATA","BESAR 1","MATD010087","Biopsi Tumor Orbita"
"Mitra Keluarga Bekasi Timur","MATA","BESAR 1","MATD010090","Eksternal DCR + Silicon Tube"
"Mitra Keluarga Bekasi Timur","MATA","BESAR 1","MATD010092","Ekstirpasi Tumor + Eksisi Luas + Rekonstruksi"
"Mitra Keluarga Bekasi Timur","MATA","BESAR 1","MATD010096","Hecting Kornea > 0.5 cm"
"Mitra Keluarga Bekasi Timur","MATA","BESAR 1","MATD010118","ECCE/ ICCE/ SICS dengan Lensa IOL"
"Mitra Keluarga Bekasi Timur","MATA","BESAR 1","MATD010119","Phacoemulsifikasi ECCE dengan Lensa"
"Mitra Keluarga Bekasi Timur","MATA","BESAR 1","MATD010121","Exchange Iol"
"Mitra Keluarga Bekasi Timur","MATA","BESAR 1","MATD010126","Pupil Repair"
"Mitra Keluarga Bekasi Timur","MATA","BESAR 1","MATD010127","Implant Claw Lens"
"Mitra Keluarga Bekasi Timur","MATA","BESAR 2","MATD010006","Eksisi Pterigium + CLG"
"Mitra Keluarga Bekasi Timur","MATA","BESAR 2","MATD010009","Eviserasi + DFG"
"Mitra Keluarga Bekasi Timur","MATA","BESAR 2","MATD010048","Eviserasi Bulbi"
"Mitra Keluarga Bekasi Timur","MATA","BESAR 2","MATD010049","Enukleasi Bulbi"
"Mitra Keluarga Bekasi Timur","MATA","BESAR 2","MATD010069","Enukleasi + DFG"
"Mitra Keluarga Bekasi Timur","MATA","BESAR 2","MATD010074","Repair Entropion dan Ektropion"
"Mitra Keluarga Bekasi Timur","MATA","BESAR 2","MATD010079","ICCE + Trabekulektomi (Double Procedure)"
"Mitra Keluarga Bekasi Timur","MATA","BESAR 2","MATD010081","Phacoemulsifikasi III"
"Mitra Keluarga Bekasi Timur","MATA","BESAR 2","MATD010097","Hecting Korneosklera + Ekstraksi Lensa"
"Mitra Keluarga Bekasi Timur","MATA","KHUSUS 1","MATD010036","DFG"
"Mitra Keluarga Bekasi Timur","MATA","KHUSUS 1","MATD010050","Phacoemulsifikasi + Trabekulektomi + IOL"
"Mitra Keluarga Bekasi Timur","MATA","KHUSUS 1","MATD010051","ECCE/ SICS + Trabekulektomi + IOL"
"Mitra Keluarga Bekasi Timur","MATA","KHUSUS 1","MATD010073","Vitrektomi + Ekstraksi Corpus Alineum Intra Ocular"
"Mitra Keluarga Bekasi Timur","MATA","KHUSUS 1","MATD010110","Vitrectomy Anterior Manual"
"Mitra Keluarga Bekasi Timur","THT","KECIL","THTD010001","Aff Tampon Nasal (Narkose)"
"Mitra Keluarga Bekasi Timur","THT","KECIL","THTD010005","Biopsi Tumor"
"Mitra Keluarga Bekasi Timur","THT","KECIL","THTD010009","Debridement + Hecting Daun Telinga"
"Mitra Keluarga Bekasi Timur","THT","KECIL","THTD010015","Eksplorasi Nasofaring"
"Mitra Keluarga Bekasi Timur","THT","KECIL","THTD010024","Ekstraksi Benda Asing"
"Mitra Keluarga Bekasi Timur","THT","KECIL","THTD010028","Ekstraksi Serumen"
"Mitra Keluarga Bekasi Timur","THT","KECIL","THTD010039","Insisi Abses Lobulus Telinga"
"Mitra Keluarga Bekasi Timur","THT","KECIL","THTD010041","Insisi Abses Septum"
"Mitra Keluarga Bekasi Timur","THT","KECIL","THTD010042","Insisi Abses Septum + Tampon"
"Mitra Keluarga Bekasi Timur","THT","KECIL","THTD010052","Miringotomi"
"Mitra Keluarga Bekasi Timur","THT","KECIL","THTD010056","Pasang Tampon Bellocq"
"Mitra Keluarga Bekasi Timur","THT","KECIL","THTD010079","Ganti Kanul Trakea"
"Mitra Keluarga Bekasi Timur","THT","KECIL","THTD010100","Debridement"
"Mitra Keluarga Bekasi Timur","THT","KECIL","THTD010105","Insisi Papiloma di Lidah"
"Mitra Keluarga Bekasi Timur","THT","KECIL","THTD010106","Kauterisasi"
"Mitra Keluarga Bekasi Timur","THT","KECIL","THTD010107","Re - Evaluasi Post Op Bleeding"
"Mitra Keluarga Bekasi Timur","THT","KECIL","THTD010108","Repair Sutura Hidung/ Telinga/ Tenggorokan"
"Mitra Keluarga Bekasi Timur","THT","KECIL","THTD010110","Aff Tampon Bellocq"
"Mitra Keluarga Bekasi Timur","THT","KECIL","THTD010111","Irigasi Sinus Bilateral"
"Mitra Keluarga Bekasi Timur","THT","KECIL","THTD010112","Ekstirpasi Granuloma"
"Mitra Keluarga Bekasi Timur","THT","KECIL","THTD010114","Kaustic Faring"
"Mitra Keluarga Bekasi Timur","THT","KECIL","THTD010118","Pemasangan NGT via Endoskopi"
"Mitra Keluarga Bekasi Timur","THT","KECIL","THTD010120","Insisi Abses Temporal"
"Mitra Keluarga Bekasi Timur","THT","KECIL","THTD010122","Insisi dan Drainase Abses Retroaurikula"
"Mitra Keluarga Bekasi Timur","THT","KECIL","THTD010128","Injeksi Intratimpani Unilateral"
"Mitra Keluarga Bekasi Timur","THT","KECIL","THTD010141","Aspirasi Pesudocyst dan Gips Telinga"
"Mitra Keluarga Bekasi Timur","THT","KECIL","THTD010142","Ekstirpasi Pseudocyst"
"Mitra Keluarga Bekasi Timur","THT","KECIL","THTD010143","Chemical Caustic Konka"
"Mitra Keluarga Bekasi Timur","THT","KECIL","THTD010144","Chemical Caustic Faring"
"Mitra Keluarga Bekasi Timur","THT","SEDANG 1","THTD010002","Adenoidektomi"
"Mitra Keluarga Bekasi Timur","THT","SEDANG 1","THTD010003","Adenoidektomi dengan Endoskopi"
"Mitra Keluarga Bekasi Timur","THT","SEDANG 1","THTD010004","Antrostomi (Sinus Maksilaris)"
"Mitra Keluarga Bekasi Timur","THT","SEDANG 1","THTD010006","Biopsi Tumor Laring"
"Mitra Keluarga Bekasi Timur","THT","SEDANG 1","THTD010007","Biopsi Tumor Nasofaring"
"Mitra Keluarga Bekasi Timur","THT","SEDANG 1","THTD010017","Ekstirpasi Ateroma Lobulus Telinga"
"Mitra Keluarga Bekasi Timur","THT","SEDANG 1","THTD010019","Ekstirpasi Kista Sinus Paranasal"
"Mitra Keluarga Bekasi Timur","THT","SEDANG 1","THTD010020","Ekstirpasi Preaurikuler Fistel"
"Mitra Keluarga Bekasi Timur","THT","SEDANG 1","THTD010021","Ekstirpasi Tumor Daun Telinga"
"Mitra Keluarga Bekasi Timur","THT","SEDANG 1","THTD010022","Ekstirpasi Tumor Laring"
"Mitra Keluarga Bekasi Timur","THT","SEDANG 1","THTD010023","Ekstirpasi Tumor Nasofaring"
"Mitra Keluarga Bekasi Timur","THT","SEDANG 1","THTD010025","Ekstraksi Benda Asing Laringofaring"
"Mitra Keluarga Bekasi Timur","THT","SEDANG 1","THTD010027","Ekstraksi Polip"
"Mitra Keluarga Bekasi Timur","THT","SEDANG 1","THTD010030","Esofagoskopi Fleksibel"
"Mitra Keluarga Bekasi Timur","THT","SEDANG 1","THTD010031","Ethmoidektomi (Intranasal)"
"Mitra Keluarga Bekasi Timur","THT","SEDANG 1","THTD010040","Insisi Abses Peritonsil"
"Mitra Keluarga Bekasi Timur","THT","SEDANG 1","THTD010043","Irigasi Sinus/ DAWO"
"Mitra Keluarga Bekasi Timur","THT","SEDANG 1","THTD010046","Laringoskopi"
"Mitra Keluarga Bekasi Timur","THT","SEDANG 1","THTD010057","Pemasangan Grommet"
"Mitra Keluarga Bekasi Timur","THT","SEDANG 1","THTD010058","Pemasangan T - Tube"
"Mitra Keluarga Bekasi Timur","THT","SEDANG 1","THTD010059","Pembukaan Lubang Hidung"
"Mitra Keluarga Bekasi Timur","THT","SEDANG 1","THTD010060","Regional Flap"
"Mitra Keluarga Bekasi Timur","THT","SEDANG 1","THTD010061","Reposisi Tertutup Fraktur Os Nasal"
"Mitra Keluarga Bekasi Timur","THT","SEDANG 1","THTD010066","Septum Reseksi/ SMR"
"Mitra Keluarga Bekasi Timur","THT","SEDANG 1","THTD010070","Tonsilektomi"
"Mitra Keluarga Bekasi Timur","THT","SEDANG 1","THTD010074","Trakeoskopi"
"Mitra Keluarga Bekasi Timur","THT","SEDANG 1","THTD010076","Turbinektomi/ Konkotomi"
"Mitra Keluarga Bekasi Timur","THT","SEDANG 1","THTD010078","Insisi dan Drainase Abses Preaurikula"
"Mitra Keluarga Bekasi Timur","THT","SEDANG 1","THTD010080","Mikrolaringoskopi"
"Mitra Keluarga Bekasi Timur","THT","SEDANG 1","THTD010087","Evakuasi Darah dari Sinus Maksilaris"
"Mitra Keluarga Bekasi Timur","THT","SEDANG 1","THTD010097","Debridement Sinus Maxilaris"
"Mitra Keluarga Bekasi Timur","THT","SEDANG 1","THTD010099","Uvuloplasti"
"Mitra Keluarga Bekasi Timur","THT","SEDANG 1","THTD010101","Esofagoskopi"
"Mitra Keluarga Bekasi Timur","THT","SEDANG 1","THTD010115","Nasofaringoskopi Diagnostik"
"Mitra Keluarga Bekasi Timur","THT","SEDANG 1","THTD010117","Ekstraksi Polip Multiple"
"Mitra Keluarga Bekasi Timur","THT","SEDANG 1","THTD010123","Turbinoplasty"
"Mitra Keluarga Bekasi Timur","THT","SEDANG 1","THTD010124","Ekstirpasi Atherom"
"Mitra Keluarga Bekasi Timur","THT","SEDANG 1","THTD010131","Eksisi Perikondritis"
"Mitra Keluarga Bekasi Timur","THT","SEDANG 1","THTD010137","Pemasangan Pipa Shepard"
"Mitra Keluarga Bekasi Timur","THT","SEDANG 1","THTD010140","Ekstraksi Cholesteatom Eksternal"
"Mitra Keluarga Bekasi Timur","THT","BESAR 1","THTD010011","Eksisi Kista Duktus Tiroglossus"
"Mitra Keluarga Bekasi Timur","THT","BESAR 1","THTD010012","Eksplorasi Asbes Parafaring"
"Mitra Keluarga Bekasi Timur","THT","BESAR 1","THTD010013","Eksplorasi Kista Tiroid"
"Mitra Keluarga Bekasi Timur","THT","BESAR 1","THTD010014","Eksplorasi Laring"
"Mitra Keluarga Bekasi Timur","THT","BESAR 1","THTD010033","Faringotomi"
"Mitra Keluarga Bekasi Timur","THT","BESAR 1","THTD010036","Fronto Ethmoidektomi"
"Mitra Keluarga Bekasi Timur","THT","BESAR 1","THTD010038","Hemiglosektomi"
"Mitra Keluarga Bekasi Timur","THT","BESAR 1","THTD010044","Labioplasti"
"Mitra Keluarga Bekasi Timur","THT","BESAR 1","THTD010050","Mastoidektomi Sederhana"
"Mitra Keluarga Bekasi Timur","THT","BESAR 1","THTD010053","Operasi Caldwell - Luc"
"Mitra Keluarga Bekasi Timur","THT","BESAR 1","THTD010055","Panendoskopi"
"Mitra Keluarga Bekasi Timur","THT","BESAR 1","THTD010071","Tonsilektomi + Adenoidektomi"
"Mitra Keluarga Bekasi Timur","THT","BESAR 1","THTD010075","Trakeostomi"
"Mitra Keluarga Bekasi Timur","THT","BESAR 1","THTD010083","Faringeal Flap"
"Mitra Keluarga Bekasi Timur","THT","BESAR 1","THTD010084","Fore Head Flap"
"Mitra Keluarga Bekasi Timur","THT","BESAR 1","THTD010085","Myocutaneus Flap (Pectoralis Mayor)"
"Mitra Keluarga Bekasi Timur","THT","BESAR 1","THTD010086","Neurektomi Syaraf Vidian"
"Mitra Keluarga Bekasi Timur","THT","BESAR 1","THTD010096","Neurectomy Nervus Medianus"
"Mitra Keluarga Bekasi Timur","THT","BESAR 1","THTD010116","Konkoplasty"
"Mitra Keluarga Bekasi Timur","THT","BESAR 1","THTD010121","Konkotomi Bilateral"
"Mitra Keluarga Bekasi Timur","THT","BESAR 1","THTD010126","Turbinektomi dengan Endoscopy"
"Mitra Keluarga Bekasi Timur","THT","BESAR 1","THTD010127","Septoplasty dengan Endoscopy"
"Mitra Keluarga Bekasi Timur","THT","BESAR 1","THTD010133","Polipectomi dengan Endoscopy"
"Mitra Keluarga Bekasi Timur","THT","BESAR 1","THTD010135","Reduksi Konka dengan RF"
"Mitra Keluarga Bekasi Timur","THT","BESAR 1","THTD010139","Tonsilektomi dengan Penyulit"
"Mitra Keluarga Bekasi Timur","THT","BESAR 1","THTD010145","Revisi Sinekia Hidung"
"Mitra Keluarga Bekasi Timur","THT","BESAR 1","THTD010146","Insisi Abses Parafaring"
"Mitra Keluarga Bekasi Timur","THT","BESAR 2","THTD010037","Glosektomi Total"
"Mitra Keluarga Bekasi Timur","THT","BESAR 2","THTD010049","Mastoidektomi Radikal"
"Mitra Keluarga Bekasi Timur","THT","BESAR 2","THTD010051","Miringoplasti"
"Mitra Keluarga Bekasi Timur","THT","BESAR 2","THTD010054","Palatoplasti"
"Mitra Keluarga Bekasi Timur","THT","BESAR 2","THTD010062","Rinoplasti"
"Mitra Keluarga Bekasi Timur","THT","BESAR 2","THTD010063","Rinotomi Lateralis"
"Mitra Keluarga Bekasi Timur","THT","BESAR 2","THTD010065","Septoplasti"
"Mitra Keluarga Bekasi Timur","THT","BESAR 2","THTD010067","Stapedektomi"
"Mitra Keluarga Bekasi Timur","THT","BESAR 2","THTD010068","Temporal Bone Resection"
"Mitra Keluarga Bekasi Timur","THT","BESAR 2","THTD010090","Diseksi Leher"
"Mitra Keluarga Bekasi Timur","THT","BESAR 2","THTD010129","Canaloplasty"
"Mitra Keluarga Bekasi Timur","THT","KHUSUS 1","THTD010008","BSEF/ FESS lanjut Ekstirpasi Tumor, Penutupan Defek Intrakranial"
"Mitra Keluarga Bekasi Timur","THT","KHUSUS 1","THTD010016","Ekstirpasi Angiofibroma"
"Mitra Keluarga Bekasi Timur","THT","KHUSUS 1","THTD010032","Ethmoidektomi (PE)"
"Mitra Keluarga Bekasi Timur","THT","KHUSUS 1","THTD010034","FESS Unilateral"
"Mitra Keluarga Bekasi Timur","THT","KHUSUS 1","THTD010035","FESS Bilateral"
"Mitra Keluarga Bekasi Timur","THT","KHUSUS 1","THTD010045","Laringektomi + RND"
"Mitra Keluarga Bekasi Timur","THT","KHUSUS 1","THTD010064","RND - Radical Neck Dissection"
"Mitra Keluarga Bekasi Timur","THT","KHUSUS 1","THTD010069","Timpanoplasti"
"Mitra Keluarga Bekasi Timur","THT","KHUSUS 1","THTD010072","Tonsilektomi + Adenoidektomi dengan Endoskopi"
"Mitra Keluarga Bekasi Timur","THT","KHUSUS 1","THTD010073","Tonsilektomi dengan Endoskopi"
"Mitra Keluarga Bekasi Timur","THT","KHUSUS 1","THTD010089","Rekontruksi Hidung Telinga"
"Mitra Keluarga Bekasi Timur","THT","KHUSUS 1","THTD010104","Laringektomi"
"Mitra Keluarga Bekasi Timur","THT","KHUSUS 1","THTD010119","Tumor Parotis/ Parotiroidektomi"
"Mitra Keluarga Bekasi Timur","THT","KHUSUS 1","THTD010130","Rekonstruksi Telinga Luar"
"Mitra Keluarga Bekasi Timur","THT","KHUSUS 1","THTD010138","Trakeostomi Dengan Penyulit"
"Mitra Keluarga Bekasi Timur","ENDOSKOPI","KECIL","ENDD020002","EGD"
"Mitra Keluarga Bekasi Timur","ENDOSKOPI","KECIL","ENDD020003","EGD + Biopsi"
"Mitra Keluarga Bekasi Timur","ENDOSKOPI","KECIL","ENDD020004","EGD + Polipektomi"
"Mitra Keluarga Bekasi Timur","ENDOSKOPI","KECIL","ENDD020005","EGD + Ekstraksi Corpus Alineum"
"Mitra Keluarga Bekasi Timur","ENDOSKOPI","KECIL","ENDD020006","Skleroterapi Varices Esofagus"
"Mitra Keluarga Bekasi Timur","ENDOSKOPI","KECIL","ENDD020007","Ligasi Varices Esofagus"
"Mitra Keluarga Bekasi Timur","ENDOSKOPI","KECIL","ENDD020011","EGD + Angkat Stent"
"Mitra Keluarga Bekasi Timur","ENDOSKOPI","KECIL","ENDD020012","EGD + Hemostasis"
"Mitra Keluarga Bekasi Timur","ENDOSKOPI","KECIL","ENDD020013","Biopsi Hati"
"Mitra Keluarga Bekasi Timur","ENDOSKOPI","KECIL","ENDD020014","Pemasangan PEG Tail Ascites (Peritoneum)"
"Mitra Keluarga Bekasi Timur","ENDOSKOPI","KECIL","ENDD020015","Punsi Aspirasi Abses/ Kista Hati"
"Mitra Keluarga Bekasi Timur","ENDOSKOPI","KECIL","ENDD020016","Percutaneus Ethanol Injection Treatment"
"Mitra Keluarga Bekasi Timur","ENDOSKOPI","KECIL","ENDD030001","Kolonoskopi"
"Mitra Keluarga Bekasi Timur","ENDOSKOPI","KECIL","ENDD030002","Kolonoskopi + Biopsi"
"Mitra Keluarga Bekasi Timur","ENDOSKOPI","KECIL","ENDD030003","Kolonoskopi + Ekstraksi Corpus Alineum"
"Mitra Keluarga Bekasi Timur","ENDOSKOPI","KECIL","ENDD030006","Kolonoskopi + Angkat Stent"
"Mitra Keluarga Bekasi Timur","ENDOSKOPI","SEDANG 1","ENDD010002","Fiber Optic Bronkoskopi dengan BAL/ Biopsi/ Toilette"
"Mitra Keluarga Bekasi Timur","ENDOSKOPI","SEDANG 1","ENDD010006","Bronkoskopi Diagnostik"
"Mitra Keluarga Bekasi Timur","ENDOSKOPI","SEDANG 1","ENDD010007","Bronkoskopi Therapeutik/ BW"
"Mitra Keluarga Bekasi Timur","ENDOSKOPI","SEDANG 1","ENDD010008","Bronkoskopi Biopsi/ Sikatan/ Pendarahan"
"Mitra Keluarga Bekasi Timur","ENDOSKOPI","SEDANG 1","ENDD020017","Dilatasi Esofagus (Ballon Achalasia)"
"Mitra Keluarga Bekasi Timur","ENDOSKOPI","SEDANG 1","ENDD040001","ERCP Diagnostik"
"Mitra Keluarga Bekasi Timur","ENDOSKOPI","BESAR 1","ENDD030007","Kolonoskopi + Hemostasis (Histoacryl)"
"Mitra Keluarga Bekasi Timur","ENDOSKOPI","BESAR 1","ENDD010010","Bronkoskopi Evakuasi Benda Asing (Corpus Alineum)"
"Mitra Keluarga Bekasi Timur","ENDOSKOPI","BESAR 1","ENDD040011","Papilotomi/ Sphincterotomy"
"Mitra Keluarga Bekasi Timur","ENDOSKOPI","BESAR 1","ENDD040012","Papilotomi/ Sphincterotomy + Pasang Stent"
"Mitra Keluarga Bekasi Timur","ENDOSKOPI","BESAR 1","ENDD040013","Per CUT dengan Needle Knife"
"Mitra Keluarga Bekasi Timur","ENDOSKOPI","BESAR 2","ENDD030004","Kolonoskopi + Polipektomi"
"Mitra Keluarga Bekasi Timur","ENDOSKOPI","KHUSUS 1","ENDD040014","ERCP Papilotomi + Ekstrasi Batu tanpa Lithotriptor"
"Mitra Keluarga Bekasi Timur","ENDOSKOPI","KHUSUS 1","ENDD040015","ERCP Papilotomi + Ekstrasi Batu dengan Lithotriptor"
"Mitra Keluarga Bekasi Timur","ENDOSKOPI","KHUSUS 1","ENDD040016","Ductal Clearance"
"Mitra Keluarga Bekasi Timur","BEDAH DIGESTIVE","KECIL","BDGD010116","Drainase Abses Kecil"
"Mitra Keluarga Bekasi Timur","BEDAH DIGESTIVE","KECIL","BDGD010117","Eksisi Tumor Jinak Kecil"
"Mitra Keluarga Bekasi Timur","BEDAH DIGESTIVE","KECIL","BDGD010120","Pasang Thorax Drain/ WSD 1 Sisi"
"Mitra Keluarga Bekasi Timur","BEDAH DIGESTIVE","KECIL","BDGD010122","Roserplasty"
"Mitra Keluarga Bekasi Timur","BEDAH DIGESTIVE","KECIL","BDGD010123","Sirkumsisi/ Dorsumsisi"
"Mitra Keluarga Bekasi Timur","BEDAH DIGESTIVE","KECIL","BDGD010124","Dilatasi/ Businasi"
"Mitra Keluarga Bekasi Timur","BEDAH DIGESTIVE","KECIL","BDGD010142","Trakeostomi"
"Mitra Keluarga Bekasi Timur","BEDAH DIGESTIVE","KECIL","BDGD010218","Anuskopi"
"Mitra Keluarga Bekasi Timur","BEDAH DIGESTIVE","SEDANG 1","BDGD010001","Anal Fistulektomi"
"Mitra Keluarga Bekasi Timur","BEDAH DIGESTIVE","SEDANG 1","BDGD010003","Appendektomi"
"Mitra Keluarga Bekasi Timur","BEDAH DIGESTIVE","SEDANG 1","BDGD010004","Biopsi Eksisi"
"Mitra Keluarga Bekasi Timur","BEDAH DIGESTIVE","SEDANG 1","BDGD010005","Biopsi KGB"
"Mitra Keluarga Bekasi Timur","BEDAH DIGESTIVE","SEDANG 1","BDGD010006","Debridement"
"Mitra Keluarga Bekasi Timur","BEDAH DIGESTIVE","SEDANG 1","BDGD010008","Drainase Abses Perianal"
"Mitra Keluarga Bekasi Timur","BEDAH DIGESTIVE","SEDANG 1","BDGD010012","Eksplorasi dan Ekstraksi Corpus Alineum"
"Mitra Keluarga Bekasi Timur","BEDAH DIGESTIVE","SEDANG 1","BDGD010019","Hidrokelektomi per Skrotal"
"Mitra Keluarga Bekasi Timur","BEDAH DIGESTIVE","SEDANG 1","BDGD010067","Reseksi Hepar Extended"
"Mitra Keluarga Bekasi Timur","BEDAH DIGESTIVE","SEDANG 1","BDGD010069","Guided Aspirasi"
"Mitra Keluarga Bekasi Timur","BEDAH DIGESTIVE","SEDANG 1","BDGD010070","Guided Biopsi"
"Mitra Keluarga Bekasi Timur","BEDAH DIGESTIVE","SEDANG 1","BDGD010097","Eksisi Ulkus"
"Mitra Keluarga Bekasi Timur","BEDAH DIGESTIVE","SEDANG 1","BDGD010130","Drainase Abses Besar"
"Mitra Keluarga Bekasi Timur","BEDAH DIGESTIVE","SEDANG 1","BDGD010131","Eksisi FAM Single"
"Mitra Keluarga Bekasi Timur","BEDAH DIGESTIVE","SEDANG 1","BDGD010132","Eksisi Ganglion"
"Mitra Keluarga Bekasi Timur","BEDAH DIGESTIVE","SEDANG 1","BDGD010133","Eksisi Ginekomasti 1 sisi"
"Mitra Keluarga Bekasi Timur","BEDAH DIGESTIVE","SEDANG 1","BDGD010134","Eksisi Hemangioma"
"Mitra Keluarga Bekasi Timur","BEDAH DIGESTIVE","SEDANG 1","BDGD010135","Eksisi Limfangioma"
"Mitra Keluarga Bekasi Timur","BEDAH DIGESTIVE","SEDANG 1","BDGD010136","Eksisi Mamma Aberans 1 Sisi"
"Mitra Keluarga Bekasi Timur","BEDAH DIGESTIVE","SEDANG 1","BDGD010137","Eksisi Tumor Jinak Sedang"
"Mitra Keluarga Bekasi Timur","BEDAH DIGESTIVE","SEDANG 1","BDGD010141","Skin Graft Kecil"
"Mitra Keluarga Bekasi Timur","BEDAH DIGESTIVE","SEDANG 1","BDGD010144","Vena Seksi"
"Mitra Keluarga Bekasi Timur","BEDAH DIGESTIVE","SEDANG 1","BDGD010161","Eksisi Kista Duktus Tiroglossus"
"Mitra Keluarga Bekasi Timur","BEDAH DIGESTIVE","SEDANG 1","BDGD010197","Compartement Excision"
"Mitra Keluarga Bekasi Timur","BEDAH DIGESTIVE","BESAR 1","BDGD010002","Anal Fistulektomi Multiple"
"Mitra Keluarga Bekasi Timur","BEDAH DIGESTIVE","BESAR 1","BDGD010007","Debridement + Nekrotomi"
"Mitra Keluarga Bekasi Timur","BEDAH DIGESTIVE","BESAR 1","BDGD010017","Hemoroidektomi"
"Mitra Keluarga Bekasi Timur","BEDAH DIGESTIVE","BESAR 1","BDGD010022","Laparoskopi Appendektomi"
"Mitra Keluarga Bekasi Timur","BEDAH DIGESTIVE","BESAR 1","BDGD010023","Laparoskopi Diagnostik"
"Mitra Keluarga Bekasi Timur","BEDAH DIGESTIVE","BESAR 1","BDGD010049","Left Lateral Anal Sphincterotomy"
"Mitra Keluarga Bekasi Timur","BEDAH DIGESTIVE","BESAR 1","BDGD010050","Ligasi Tinggi"
"Mitra Keluarga Bekasi Timur","BEDAH DIGESTIVE","BESAR 1","BDGD010053","Pasang Tenckhoff Kateter"
"Mitra Keluarga Bekasi Timur","BEDAH DIGESTIVE","BESAR 1","BDGD010059","Repair Hernia Inguinal 1 Sisi"
"Mitra Keluarga Bekasi Timur","BEDAH DIGESTIVE","BESAR 1","BDGD010061","Repair Hernia Umbilikalis"
"Mitra Keluarga Bekasi Timur","BEDAH DIGESTIVE","BESAR 1","BDGD010063","Stapled Hemoroidopexy"
"Mitra Keluarga Bekasi Timur","BEDAH DIGESTIVE","BESAR 1","BDGD010068","Herniotomi"
"Mitra Keluarga Bekasi Timur","BEDAH DIGESTIVE","BESAR 1","BDGD010077","Repair Hernia Obturator"
"Mitra Keluarga Bekasi Timur","BEDAH DIGESTIVE","BESAR 1","BDGD010080","Repair Hernia Sikatrikalis"
"Mitra Keluarga Bekasi Timur","BEDAH DIGESTIVE","BESAR 1","BDGD010082","Gastrostomy"
"Mitra Keluarga Bekasi Timur","BEDAH DIGESTIVE","BESAR 1","BDGD010083","Piloromiotomi"
"Mitra Keluarga Bekasi Timur","BEDAH DIGESTIVE","BESAR 1","BDGD010084","Jejonostomy"
"Mitra Keluarga Bekasi Timur","BEDAH DIGESTIVE","BESAR 1","BDGD010085","Ileostomi"
"Mitra Keluarga Bekasi Timur","BEDAH DIGESTIVE","BESAR 1","BDGD010086","Venting Caecostomy"
"Mitra Keluarga Bekasi Timur","BEDAH DIGESTIVE","BESAR 1","BDGD010087","Sigmoidostomy"
"Mitra Keluarga Bekasi Timur","BEDAH DIGESTIVE","BESAR 1","BDGD010088","Repair Burst Abdomen"
"Mitra Keluarga Bekasi Timur","BEDAH DIGESTIVE","BESAR 1","BDGD010089","Polipektomi"
"Mitra Keluarga Bekasi Timur","BEDAH DIGESTIVE","BESAR 1","BDGD010090","Diagnostic Peritoneal Lavage"
"Mitra Keluarga Bekasi Timur","BEDAH DIGESTIVE","BESAR 1","BDGD010091","Peritoneal Drainase"
"Mitra Keluarga Bekasi Timur","BEDAH DIGESTIVE","BESAR 1","BDGD010092","Heller Miotomi Open"
"Mitra Keluarga Bekasi Timur","BEDAH DIGESTIVE","BESAR 1","BDGD010093","Rectopexy"
"Mitra Keluarga Bekasi Timur","BEDAH DIGESTIVE","BESAR 1","BDGD010094","Piloroplasty"
"Mitra Keluarga Bekasi Timur","BEDAH DIGESTIVE","BESAR 1","BDGD010102","Eksisi Divertikel Meckel/ Jejenum/ Ileum"
"Mitra Keluarga Bekasi Timur","BEDAH DIGESTIVE","BESAR 1","BDGD010114","Laparotomi Appendektomi dengan Komplikasi/ Penyulit"
"Mitra Keluarga Bekasi Timur","BEDAH DIGESTIVE","BESAR 1","BDGD010160","Eksisi FAM Multiple"
"Mitra Keluarga Bekasi Timur","BEDAH DIGESTIVE","BESAR 1","BDGD010166","Quadrantektomi"
"Mitra Keluarga Bekasi Timur","BEDAH DIGESTIVE","BESAR 1","BDGD010167","Skin Graft Luas"
"Mitra Keluarga Bekasi Timur","BEDAH DIGESTIVE","BESAR 1","BDGD010168","Tiroidektomi Subtotal"
"Mitra Keluarga Bekasi Timur","BEDAH DIGESTIVE","BESAR 1","BDGD010169","Wide Eksisi Soft Tissue Tumor"
"Mitra Keluarga Bekasi Timur","BEDAH DIGESTIVE","BESAR 1","BDGD010171","CAPD"
"Mitra Keluarga Bekasi Timur","BEDAH DIGESTIVE","BESAR 1","BDGD010183","Isthmo-Lobektomi Tiroid"
"Mitra Keluarga Bekasi Timur","BEDAH DIGESTIVE","BESAR 1","BDGD010188","Mastektomi Subkutaneus"
"Mitra Keluarga Bekasi Timur","BEDAH DIGESTIVE","BESAR 1","BDGD010207","Laser Closure of Anal Fistula (FILAC)"
"Mitra Keluarga Bekasi Timur","BEDAH DIGESTIVE","BESAR 1","BDGD010221","Biopsi Jaringan pada Laparotomi Diagnostik"
"Mitra Keluarga Bekasi Timur","BEDAH DIGESTIVE","BESAR 1","BDGD010222","Laparoskopi Diagnostik dan Biopsi"
"Mitra Keluarga Bekasi Timur","BEDAH DIGESTIVE","BESAR 1","BDGD010232","Seton Procedure"
"Mitra Keluarga Bekasi Timur","BEDAH DIGESTIVE","BESAR 2","BDGD010021","Kolesistostomi"
"Mitra Keluarga Bekasi Timur","BEDAH DIGESTIVE","BESAR 2","BDGD010024","Laparoskopi Eksplorasi + Adhesiolisis"
"Mitra Keluarga Bekasi Timur","BEDAH DIGESTIVE","BESAR 2","BDGD010025","Laparoskopi Eksplorasi + Drainase"
"Mitra Keluarga Bekasi Timur","BEDAH DIGESTIVE","BESAR 2","BDGD010026","Laparoskopi Inguinal Hernia Repair 1 Sisi"
"Mitra Keluarga Bekasi Timur","BEDAH DIGESTIVE","BESAR 2","BDGD010033","Laparotomi Eksplorasi"
"Mitra Keluarga Bekasi Timur","BEDAH DIGESTIVE","BESAR 2","BDGD010034","Laparotomi Eksplorasi + Adhesiolisis"
"Mitra Keluarga Bekasi Timur","BEDAH DIGESTIVE","BESAR 2","BDGD010039","Laparotomi Eksplorasi + Ileostomi"
"Mitra Keluarga Bekasi Timur","BEDAH DIGESTIVE","BESAR 2","BDGD010040","Laparotomi Eksplorasi + Kolostomi"
"Mitra Keluarga Bekasi Timur","BEDAH DIGESTIVE","BESAR 2","BDGD010042","Laparotomi Eksplorasi + Repair Perforasi Usus"
"Mitra Keluarga Bekasi Timur","BEDAH DIGESTIVE","BESAR 2","BDGD010043","Laparotomi Eksplorasi + Repair Ruptur Hepar"
"Mitra Keluarga Bekasi Timur","BEDAH DIGESTIVE","BESAR 2","BDGD010044","Laparotomi Eksplorasi + Reposisi Invaginasi"
"Mitra Keluarga Bekasi Timur","BEDAH DIGESTIVE","BESAR 2","BDGD010045","Laparotomi Eksplorasi + Splenektomi"
"Mitra Keluarga Bekasi Timur","BEDAH DIGESTIVE","BESAR 2","BDGD010046","Laparotomi Eksplorasi + Splenoraphy"
"Mitra Keluarga Bekasi Timur","BEDAH DIGESTIVE","BESAR 2","BDGD010047","Laparotomi Kolesistektomi"
"Mitra Keluarga Bekasi Timur","BEDAH DIGESTIVE","BESAR 2","BDGD010054","Pasang Tenckhoff Kateter per Laparoskopi"
"Mitra Keluarga Bekasi Timur","BEDAH DIGESTIVE","BESAR 2","BDGD010056","Reduksi Invaginasi"
"Mitra Keluarga Bekasi Timur","BEDAH DIGESTIVE","BESAR 2","BDGD010060","Repair Hernia Inguinal 1 Sisi + Ligasi Tinggi"
"Mitra Keluarga Bekasi Timur","BEDAH DIGESTIVE","BESAR 2","BDGD010079","Hernioplasty Stoppa"
"Mitra Keluarga Bekasi Timur","BEDAH DIGESTIVE","BESAR 2","BDGD010081","Laser Hemmoroidoplasty"
"Mitra Keluarga Bekasi Timur","BEDAH DIGESTIVE","BESAR 2","BDGD010165","Mastektomi Simple Unilateral"
"Mitra Keluarga Bekasi Timur","BEDAH DIGESTIVE","BESAR 2","BDGD010172","Stripping Varises"
"Mitra Keluarga Bekasi Timur","BEDAH DIGESTIVE","BESAR 2","BDGD010177","Eksisi FAM Besar > 5 cm"
"Mitra Keluarga Bekasi Timur","BEDAH DIGESTIVE","BESAR 2","BDGD010184","Laparotomi Eksplorasi + Drainase Abses Hepar"
"Mitra Keluarga Bekasi Timur","BEDAH DIGESTIVE","BESAR 2","BDGD010190","Parotidektomi Superfisial"
"Mitra Keluarga Bekasi Timur","BEDAH DIGESTIVE","BESAR 2","BDGD010191","Tiroidektomi Total"
"Mitra Keluarga Bekasi Timur","BEDAH DIGESTIVE","BESAR 2","BDGD010192","Wide Eksisi Soft Tissue Tumor + STSG"
"Mitra Keluarga Bekasi Timur","BEDAH DIGESTIVE","BESAR 2","BDGD010194","Eksisi FAM Multiple/ Bilateral > 3 buah"
"Mitra Keluarga Bekasi Timur","BEDAH DIGESTIVE","BESAR 2","BDGD010198","Diseksi KGB Axilla"
"Mitra Keluarga Bekasi Timur","BEDAH DIGESTIVE","BESAR 2","BDGD010220","T - Tube Cholangiography"
"Mitra Keluarga Bekasi Timur","BEDAH DIGESTIVE","BESAR 2","BDGD010233","Kolangiografi Intraoperatif"
"Mitra Keluarga Bekasi Timur","BEDAH DIGESTIVE","BESAR 2","BDGD010261","Tutup Kolostomi/ Ileostomi"
"Mitra Keluarga Bekasi Timur","BEDAH DIGESTIVE","KHUSUS 1","BDGD010010","DuodenoDuodenostomi"
"Mitra Keluarga Bekasi Timur","BEDAH DIGESTIVE","KHUSUS 1","BDGD010014","Gastrektomi Parsial (Billroth I)"
"Mitra Keluarga Bekasi Timur","BEDAH DIGESTIVE","KHUSUS 1","BDGD010016","Hartman Procedure"
"Mitra Keluarga Bekasi Timur","BEDAH DIGESTIVE","KHUSUS 1","BDGD010028","Laparoskopi Kolesistektomi"
"Mitra Keluarga Bekasi Timur","BEDAH DIGESTIVE","KHUSUS 1","BDGD010029","Laparoskopi Kolesistektomi + Eksplorasi CBD"
"Mitra Keluarga Bekasi Timur","BEDAH DIGESTIVE","KHUSUS 1","BDGD010031","Laparoskopi Ventral Hernia Repair"
"Mitra Keluarga Bekasi Timur","BEDAH DIGESTIVE","KHUSUS 1","BDGD010035","Laparotomi Eksplorasi + Adhesiolisis + Ileostomi"
"Mitra Keluarga Bekasi Timur","BEDAH DIGESTIVE","KHUSUS 1","BDGD010036","Laparotomi Eksplorasi + Adhesiolisis + Kolostomi"
"Mitra Keluarga Bekasi Timur","BEDAH DIGESTIVE","KHUSUS 1","BDGD010037","Laparotomi Eksplorasi + Hemikolektomi Dextra"
"Mitra Keluarga Bekasi Timur","BEDAH DIGESTIVE","KHUSUS 1","BDGD010038","Laparotomi Eksplorasi + Hemikolektomi Sinistra"
"Mitra Keluarga Bekasi Timur","BEDAH DIGESTIVE","KHUSUS 1","BDGD010048","Laparotomi Kolesistektomi + Eksplorasi CBD + T tube"
"Mitra Keluarga Bekasi Timur","BEDAH DIGESTIVE","KHUSUS 1","BDGD010057","Repair Hernia + Re - Anastomosis Usus"
"Mitra Keluarga Bekasi Timur","BEDAH DIGESTIVE","KHUSUS 1","BDGD010058","Repair Hernia + Reseksi Omentum"
"Mitra Keluarga Bekasi Timur","BEDAH DIGESTIVE","KHUSUS 1","BDGD010071","Laparoskopi Gastrostomi"
"Mitra Keluarga Bekasi Timur","BEDAH DIGESTIVE","KHUSUS 1","BDGD010072","Laparoskopi Heller"
"Mitra Keluarga Bekasi Timur","BEDAH DIGESTIVE","KHUSUS 1","BDGD010073","Reseksi Usus pada Kanker Usus"
"Mitra Keluarga Bekasi Timur","BEDAH DIGESTIVE","KHUSUS 1","BDGD010075","Laparoskopi Ileo/ Colostomi"
"Mitra Keluarga Bekasi Timur","BEDAH DIGESTIVE","KHUSUS 1","BDGD010078","Laparotomi Reseksi Anastomose Ileo-Ileal"
"Mitra Keluarga Bekasi Timur","BEDAH DIGESTIVE","KHUSUS 1","BDGD010095","By Pass Intestine"
"Mitra Keluarga Bekasi Timur","BEDAH DIGESTIVE","KHUSUS 1","BDGD010096","By Pass Intersyine Multiple"
"Mitra Keluarga Bekasi Timur","BEDAH DIGESTIVE","KHUSUS 1","BDGD010098","Reseksi Usus Halus/ Kolon Segmental"
"Mitra Keluarga Bekasi Timur","BEDAH DIGESTIVE","KHUSUS 1","BDGD010100","Repair Hernia Diafragmatika Open"
"Mitra Keluarga Bekasi Timur","BEDAH DIGESTIVE","KHUSUS 1","BDGD010103","Partial Gastrectomy"
"Mitra Keluarga Bekasi Timur","BEDAH DIGESTIVE","KHUSUS 1","BDGD010106","Koledokotomi/ IOC"
"Mitra Keluarga Bekasi Timur","BEDAH DIGESTIVE","KHUSUS 1","BDGD010178","Rekonstruksi dengan Flap"
"Mitra Keluarga Bekasi Timur","BEDAH DIGESTIVE","KHUSUS 1","BDGD010187","Mastektomi Radikal Unilateral"
"Mitra Keluarga Bekasi Timur","BEDAH DIGESTIVE","KHUSUS 1","BDGD010189","Pankreatektomi Parsial"
"Mitra Keluarga Bekasi Timur","BEDAH DIGESTIVE","KHUSUS 1","BDGD010196","Breast Conserving Surgery (Wide Eksisi Ca Mammae/ Quadrantectomy)"
"Mitra Keluarga Bekasi Timur","BEDAH DIGESTIVE","KHUSUS 1","BDGD010200","Laparotomi Eksplorasi + Reseksi Anastomosis Usus"
"Mitra Keluarga Bekasi Timur","BEDAH DIGESTIVE","KHUSUS 1","BDGD010201","Modifikasi RND/ Functional Neck Dissection"
"Mitra Keluarga Bekasi Timur","BEDAH DIGESTIVE","KHUSUS 1","BDGD010202","Parotidektomi Total"
"Mitra Keluarga Bekasi Timur","BEDAH DIGESTIVE","KHUSUS 1","BDGD010203","Tiroidektomi Total dengan Berry Picking"
"Mitra Keluarga Bekasi Timur","BEDAH DIGESTIVE","KHUSUS 1","BDGD010205","Reduksi Invaginasi + Reseksi Segmen Usus"
"Mitra Keluarga Bekasi Timur","BEDAH DIGESTIVE","KHUSUS 1","BDGD010213","Reseksi Colon"
"Mitra Keluarga Bekasi Timur","BEDAH DIGESTIVE","KHUSUS 1","BDGD010217","Hemiglossektomi"
"Mitra Keluarga Bekasi Timur","BEDAH DIGESTIVE","KHUSUS 1","BDGD010219","Laparoskopi Kolesistostomi"
"Mitra Keluarga Bekasi Timur","BEDAH DIGESTIVE","KHUSUS 1","BDGD010225","Laparoskopi Appendektomi dengan Penyulit"
"Mitra Keluarga Bekasi Timur","BEDAH DIGESTIVE","KHUSUS 1","BDGD010226","Laparoskopi Eksplorasi + Adhesiolisis dengan Penyulit"
"Mitra Keluarga Bekasi Timur","BEDAH DIGESTIVE","KHUSUS 1","BDGD010234","Laparotomi Eksplorasi + Sigmoidektomi"
"Mitra Keluarga Bekasi Timur","BEDAH DIGESTIVE","KHUSUS 1","BDGD010262","Laparoskopi Kolesistektomi + Adhesiolisis"
"Mitra Keluarga Bekasi Timur","BEDAH DIGESTIVE","KHUSUS 1","BDGD010279","Transanal Mucosectomy + VC"
"Mitra Keluarga Bekasi Timur","BEDAH DIGESTIVE","KHUSUS 1","BDGD010280","Laparoskopi Hernia + Mesh + Penyulit"
"Mitra Keluarga Bekasi Timur","BEDAH DIGESTIVE","KHUSUS 1","BDGD010282","Laparotomi Eksplorasi + Repair Fistula Rektovagina"
"Mitra Keluarga Bekasi Timur","BEDAH DIGESTIVE","KHUSUS 2","BDGD010009","Duhamel Pull - Through"
"Mitra Keluarga Bekasi Timur","BEDAH DIGESTIVE","KHUSUS 2","BDGD010011","DuodenoJejunostomi"
"Mitra Keluarga Bekasi Timur","BEDAH DIGESTIVE","KHUSUS 2","BDGD010013","Fundoplication"
"Mitra Keluarga Bekasi Timur","BEDAH DIGESTIVE","KHUSUS 2","BDGD010015","Gastrektomi Parsial (Billroth II)"
"Mitra Keluarga Bekasi Timur","BEDAH DIGESTIVE","KHUSUS 2","BDGD010018","Hepatik Portoenterostomi (Kasai)"
"Mitra Keluarga Bekasi Timur","BEDAH DIGESTIVE","KHUSUS 2","BDGD010020","Kolektomi total + Anastomosis Ileoanal"
"Mitra Keluarga Bekasi Timur","BEDAH DIGESTIVE","KHUSUS 2","BDGD010030","Laparoskopi Kolorektal"
"Mitra Keluarga Bekasi Timur","BEDAH DIGESTIVE","KHUSUS 2","BDGD010041","Laparotomi Eksplorasi + Re - Anastomosis Sigmoid"
"Mitra Keluarga Bekasi Timur","BEDAH DIGESTIVE","KHUSUS 2","BDGD010051","Low Anterior Resection"
"Mitra Keluarga Bekasi Timur","BEDAH DIGESTIVE","KHUSUS 2","BDGD010052","Miles Procedure"
"Mitra Keluarga Bekasi Timur","BEDAH DIGESTIVE","KHUSUS 2","BDGD010055","Pintasan Biliodigestif"
"Mitra Keluarga Bekasi Timur","BEDAH DIGESTIVE","KHUSUS 2","BDGD010062","Reseksi Hepar"
"Mitra Keluarga Bekasi Timur","BEDAH DIGESTIVE","KHUSUS 2","BDGD010064","Transeksi/ Reseksi Esofagus"
"Mitra Keluarga Bekasi Timur","BEDAH DIGESTIVE","KHUSUS 2","BDGD010074","Reseksi Gaster"
"Mitra Keluarga Bekasi Timur","BEDAH DIGESTIVE","KHUSUS 2","BDGD010076","Reseksi Esofagus Gaster"
"Mitra Keluarga Bekasi Timur","BEDAH DIGESTIVE","KHUSUS 2","BDGD010099","Internal By Pass Kista Pankreas"
"Mitra Keluarga Bekasi Timur","BEDAH DIGESTIVE","KHUSUS 2","BDGD010101","Laparoskopik Repair Hernia Diafragmatika"
"Mitra Keluarga Bekasi Timur","BEDAH DIGESTIVE","KHUSUS 2","BDGD010104","Total Gastrectomy"
"Mitra Keluarga Bekasi Timur","BEDAH DIGESTIVE","KHUSUS 2","BDGD010105","Abdominal Pull Throuh"
"Mitra Keluarga Bekasi Timur","BEDAH DIGESTIVE","KHUSUS 2","BDGD010107","Anastomosis Esofagus-Gaster"
"Mitra Keluarga Bekasi Timur","BEDAH DIGESTIVE","KHUSUS 2","BDGD010111","Total Kolektomi"
"Mitra Keluarga Bekasi Timur","BEDAH DIGESTIVE","KHUSUS 2","BDGD010112","Lobectomy Hepar Reseksi"
"Mitra Keluarga Bekasi Timur","BEDAH DIGESTIVE","KHUSUS 2","BDGD010193","Laparotomi + Repair Hernia Diafragmatika"
"Mitra Keluarga Bekasi Timur","BEDAH DIGESTIVE","KHUSUS 2","BDGD010235","Devaskularisasi Gastro Esofagus"
"Mitra Keluarga Bekasi Timur","BEDAH DIGESTIVE","KHUSUS 2","BDGD010236","Ultra Low Anterior Resection + Stoma"
"Mitra Keluarga Bekasi Timur","BEDAH DIGESTIVE","KHUSUS 3","BDGD010065","Whipple Procedure"
"Mitra Keluarga Bekasi Timur","BEDAH DIGESTIVE","KHUSUS 3","BDGD010066","Pancreaticoduodenektomi"
"Mitra Keluarga Bekasi Timur","BEDAH DIGESTIVE","KHUSUS 3","BDGD010108","Transposisi Kolon"
"Mitra Keluarga Bekasi Timur","BEDAH DIGESTIVE","KHUSUS 3","BDGD010109","Terminal Esofago Proximal Gastrectomy"
"Mitra Keluarga Bekasi Timur","BEDAH DIGESTIVE","KHUSUS 3","BDGD010110","Total Pakreatektomi"
"Mitra Keluarga Bekasi Timur","BEDAH SARAF","SEDANG 2","BSRD000076","Debridement"
"Mitra Keluarga Bekasi Timur","BEDAH SARAF","SEDANG 2","BSRD000088","Eksternalisasi/ Aff VP Shunt"
"Mitra Keluarga Bekasi Timur","BEDAH SARAF","SEDANG 2","BSRD000111","Debridement dan Hecting Kecil"
"Mitra Keluarga Bekasi Timur","BEDAH SARAF","SEDANG 2","BSRD000112","Debridement + Nekrotomi"
"Mitra Keluarga Bekasi Timur","BEDAH SARAF","SEDANG 2","BSRD000161","Aff Hecting"
"Mitra Keluarga Bekasi Timur","BEDAH SARAF","SEDANG 2","BSRD000165","Ekstirpasi Kista Lumbal"
"Mitra Keluarga Bekasi Timur","BEDAH SARAF","SEDANG 2","BSRD000166","Pungsi Abses"
"Mitra Keluarga Bekasi Timur","BEDAH SARAF","SEDANG 3","BSRD000032","Pungsi Suboksipital"
"Mitra Keluarga Bekasi Timur","BEDAH SARAF","SEDANG 3","BSRD000037","Release Carpal Tunnel"
"Mitra Keluarga Bekasi Timur","BEDAH SARAF","SEDANG 3","BSRD000039","Simpatektomi Lumbal"
"Mitra Keluarga Bekasi Timur","BEDAH SARAF","SEDANG 3","BSRD000040","Simpatektomi Lumbosacral"
"Mitra Keluarga Bekasi Timur","BEDAH SARAF","SEDANG 3","BSRD000050","FRL dengan Radiofrekwensi"
"Mitra Keluarga Bekasi Timur","BEDAH SARAF","SEDANG 3","BSRD000051","Release Tarsal Tunnel"
"Mitra Keluarga Bekasi Timur","BEDAH SARAF","SEDANG 3","BSRD000077","Injeksi Trans Foraminal"
"Mitra Keluarga Bekasi Timur","BEDAH SARAF","SEDANG 3","BSRD000085","Kraniotomi Burr Hole"
"Mitra Keluarga Bekasi Timur","BEDAH SARAF","SEDANG 3","BSRD000142","Neuromedulasi Servikal"
"Mitra Keluarga Bekasi Timur","BEDAH SARAF","SEDANG 3","BSRD000143","Neuromedulasi Thorakal"
"Mitra Keluarga Bekasi Timur","BEDAH SARAF","SEDANG 3","BSRD000144","Lumbar Facet Joint Injection USG/ C Arm"
"Mitra Keluarga Bekasi Timur","BEDAH SARAF","SEDANG 3","BSRD000145","Sacroiliac Joint Dysfunction USG/ C Arm"
"Mitra Keluarga Bekasi Timur","BEDAH SARAF","SEDANG 3","BSRD000146","Thorakal Facet Joint Injection USG/ C Arm"
"Mitra Keluarga Bekasi Timur","BEDAH SARAF","SEDANG 3","BSRD000147","Cervikal Facet Joint Injection USG/ C Arm"
"Mitra Keluarga Bekasi Timur","BEDAH SARAF","SEDANG 3","BSRD000159","Reposisi VP Shunt"
"Mitra Keluarga Bekasi Timur","BEDAH SARAF","BESAR 3","BSRD000001","Biopsi Saraf Kutaneus/ Otot"
"Mitra Keluarga Bekasi Timur","BEDAH SARAF","BESAR 3","BSRD000006","Ekstirpasi Tumor Kecil Ekstrakranial"
"Mitra Keluarga Bekasi Timur","BEDAH SARAF","BESAR 3","BSRD000007","Epidural Neuroplasty"
"Mitra Keluarga Bekasi Timur","BEDAH SARAF","BESAR 3","BSRD000018","Neurektomie/ Neurolise"
"Mitra Keluarga Bekasi Timur","BEDAH SARAF","BESAR 3","BSRD000020","Pasang VP Shunt"
"Mitra Keluarga Bekasi Timur","BEDAH SARAF","BESAR 3","BSRD000043","Ekstraksi Benda Asing Scalp"
"Mitra Keluarga Bekasi Timur","BEDAH SARAF","BESAR 3","BSRD000044","Rekonstruksi Scalp"
"Mitra Keluarga Bekasi Timur","BEDAH SARAF","BESAR 3","BSRD000045","Koreksi Fraktur Impresi Sederhana"
"Mitra Keluarga Bekasi Timur","BEDAH SARAF","BESAR 3","BSRD000055","Flavektomi Simple"
"Mitra Keluarga Bekasi Timur","BEDAH SARAF","BESAR 3","BSRD000072","Eksisi Simple Scalp Tumor"
"Mitra Keluarga Bekasi Timur","BEDAH SARAF","BESAR 3","BSRD000073","Eksternal Ventrikular Drainase"
"Mitra Keluarga Bekasi Timur","BEDAH SARAF","BESAR 3","BSRD000081","Epidurolysis"
"Mitra Keluarga Bekasi Timur","BEDAH SARAF","BESAR 3","BSRD000087","Infiltrasi + Radiofrekwensi"
"Mitra Keluarga Bekasi Timur","BEDAH SARAF","BESAR 3","BSRD000093","Rekonstruksi Scalp Simple"
"Mitra Keluarga Bekasi Timur","BEDAH SARAF","BESAR 3","BSRD000097","Ekstirpasi Tumor Simple"
"Mitra Keluarga Bekasi Timur","BEDAH SARAF","BESAR 3","BSRD000099","Kranioplasti dengan Bone Cement"
"Mitra Keluarga Bekasi Timur","BEDAH SARAF","BESAR 3","BSRD000100","Innere Neurolyse"
"Mitra Keluarga Bekasi Timur","BEDAH SARAF","BESAR 3","BSRD000109","LP Shunt"
"Mitra Keluarga Bekasi Timur","BEDAH SARAF","BESAR 3","BSRD000110","Lumbal Drain"
"Mitra Keluarga Bekasi Timur","BEDAH SARAF","KHUSUS 2","BSRD000002","Mikrovaskular Dekompresi (Trigeminal Neuralgia)"
"Mitra Keluarga Bekasi Timur","BEDAH SARAF","KHUSUS 2","BSRD000005","Ekstirpasi Tumor Besar Ekstrakranial"
"Mitra Keluarga Bekasi Timur","BEDAH SARAF","KHUSUS 2","BSRD000010","Operasi Stereotaktik"
"Mitra Keluarga Bekasi Timur","BEDAH SARAF","KHUSUS 2","BSRD000014","Kraniotomi dengan Evakuasi Hematoma"
"Mitra Keluarga Bekasi Timur","BEDAH SARAF","KHUSUS 2","BSRD000017","Kraniotomi Tumor Removal"
"Mitra Keluarga Bekasi Timur","BEDAH SARAF","KHUSUS 2","BSRD000022","Anterior Cervical Discectomy + Fusion (ACDF ) 1 Level"
"Mitra Keluarga Bekasi Timur","BEDAH SARAF","KHUSUS 2","BSRD000024","Cervical Discectomy"
"Mitra Keluarga Bekasi Timur","BEDAH SARAF","KHUSUS 2","BSRD000025","Craniocervical Fusion"
"Mitra Keluarga Bekasi Timur","BEDAH SARAF","KHUSUS 2","BSRD000026","Disektomi Microskopik 1 Level"
"Mitra Keluarga Bekasi Timur","BEDAH SARAF","KHUSUS 2","BSRD000027","Disektomi Microskopik >= 2 Level"
"Mitra Keluarga Bekasi Timur","BEDAH SARAF","KHUSUS 2","BSRD000028","Laminektomi Dekompresi HNP"
"Mitra Keluarga Bekasi Timur","BEDAH SARAF","KHUSUS 2","BSRD000029","Laminektomi + Fiksasi Interna"
"Mitra Keluarga Bekasi Timur","BEDAH SARAF","KHUSUS 2","BSRD000033","Rekonstruksi Meningoencephalocele Posterior (MEP)"
"Mitra Keluarga Bekasi Timur","BEDAH SARAF","KHUSUS 2","BSRD000034","Rekonstruksi Meningoencephalocele Anterior (MEA) Simple"
"Mitra Keluarga Bekasi Timur","BEDAH SARAF","KHUSUS 2","BSRD000041","Transsphenoidal Hypophysectomy Partial"
"Mitra Keluarga Bekasi Timur","BEDAH SARAF","KHUSUS 2","BSRD000046","Koreksi Fraktur Fronto Basal"
"Mitra Keluarga Bekasi Timur","BEDAH SARAF","KHUSUS 2","BSRD000047","Koreksi Fraktur Impresi Kompleks"
"Mitra Keluarga Bekasi Timur","BEDAH SARAF","KHUSUS 2","BSRD000048","Ventrikulostomi"
"Mitra Keluarga Bekasi Timur","BEDAH SARAF","KHUSUS 2","BSRD000052","Kraniotomi dengan Evakuasi Intrakranial Hematoma"
"Mitra Keluarga Bekasi Timur","BEDAH SARAF","KHUSUS 2","BSRD000056","Laminektomi Simple"
"Mitra Keluarga Bekasi Timur","BEDAH SARAF","KHUSUS 2","BSRD000057","Nerve Transposition"
"Mitra Keluarga Bekasi Timur","BEDAH SARAF","KHUSUS 2","BSRD000058","AVM Tanpa Kliping"
"Mitra Keluarga Bekasi Timur","BEDAH SARAF","KHUSUS 2","BSRD000059","Aneurisma Tanpa Kliping"
"Mitra Keluarga Bekasi Timur","BEDAH SARAF","KHUSUS 2","BSRD000062","Transnasal - Transphenoidal"
"Mitra Keluarga Bekasi Timur","BEDAH SARAF","KHUSUS 2","BSRD000063","Kraniotomi Cerebellum"
"Mitra Keluarga Bekasi Timur","BEDAH SARAF","KHUSUS 2","BSRD000064","Operasi Kraniosinostosis"
"Mitra Keluarga Bekasi Timur","BEDAH SARAF","KHUSUS 2","BSRD000065","Flavektomi Kompleks"
"Mitra Keluarga Bekasi Timur","BEDAH SARAF","KHUSUS 2","BSRD000066","Laminektomi Kompleks"
"Mitra Keluarga Bekasi Timur","BEDAH SARAF","KHUSUS 2","BSRD000074","Kraniotomi Rekontruksi Frontobasal"
"Mitra Keluarga Bekasi Timur","BEDAH SARAF","KHUSUS 2","BSRD000080","Kraniotomi Stroke Hemoragik"
"Mitra Keluarga Bekasi Timur","BEDAH SARAF","KHUSUS 2","BSRD000092","Rekonstruksi Skulldefekt Laserase Cer (Komp)"
"Mitra Keluarga Bekasi Timur","BEDAH SARAF","KHUSUS 2","BSRD000095","Sublabial - Transphemodal"
"Mitra Keluarga Bekasi Timur","BEDAH SARAF","KHUSUS 2","BSRD000096","Syringomyelie"
"Mitra Keluarga Bekasi Timur","BEDAH SARAF","KHUSUS 2","BSRD000101","Nervetransplantation"
"Mitra Keluarga Bekasi Timur","BEDAH SARAF","KHUSUS 2","BSRD000102","Kraniotomi Angiom"
"Mitra Keluarga Bekasi Timur","BEDAH SARAF","KHUSUS 2","BSRD000103","Kraniektomi Dekompresi"
"Mitra Keluarga Bekasi Timur","BEDAH SARAF","KHUSUS 2","BSRD000104","Reseksi Angioma"
"Mitra Keluarga Bekasi Timur","BEDAH SARAF","KHUSUS 2","BSRD000148","Stabilisasi - Instrumentasi Spinal Thoracolumbal"
"Mitra Keluarga Bekasi Timur","BEDAH SARAF","KHUSUS 2","BSRD000149","Eksisi Osteoma"
"Mitra Keluarga Bekasi Timur","BEDAH SARAF","KHUSUS 2","BSRD000150","Suturectomy"
"Mitra Keluarga Bekasi Timur","BEDAH SARAF","KHUSUS 3","BSRD000003","Endarterektomi Karotis"
"Mitra Keluarga Bekasi Timur","BEDAH SARAF","KHUSUS 3","BSRD000004","Eksplorasi Pleksus Brakhialis"
"Mitra Keluarga Bekasi Timur","BEDAH SARAF","KHUSUS 3","BSRD000008","Perkutaneus Facet Denervasi"
"Mitra Keluarga Bekasi Timur","BEDAH SARAF","KHUSUS 3","BSRD000009","Perkutaneus Rhizotomi (PRGR)"
"Mitra Keluarga Bekasi Timur","BEDAH SARAF","KHUSUS 3","BSRD000011","Kranioplasti"
"Mitra Keluarga Bekasi Timur","BEDAH SARAF","KHUSUS 3","BSRD000012","Kraniotomi Abses Cerebri"
"Mitra Keluarga Bekasi Timur","BEDAH SARAF","KHUSUS 3","BSRD000016","Kraniotomi Skullbase Tumor"
"Mitra Keluarga Bekasi Timur","BEDAH SARAF","KHUSUS 3","BSRD000021","Anterior Cervical Corpectomy + Fusion (ACCF)"
"Mitra Keluarga Bekasi Timur","BEDAH SARAF","KHUSUS 3","BSRD000023","Anterior Cervical Discectomy + Fusion (ACDF ) >= 2 Level"
"Mitra Keluarga Bekasi Timur","BEDAH SARAF","KHUSUS 3","BSRD000030","Posterior Cervical Interbody Fusion"
"Mitra Keluarga Bekasi Timur","BEDAH SARAF","KHUSUS 3","BSRD000031","Spinal Tumor Removal"
"Mitra Keluarga Bekasi Timur","BEDAH SARAF","KHUSUS 3","BSRD000035","Rekonstruksi Meningoencephalocele Anterior (MEA) Kompleks"
"Mitra Keluarga Bekasi Timur","BEDAH SARAF","KHUSUS 3","BSRD000036","Rekonstruksi Spina Bifida"
"Mitra Keluarga Bekasi Timur","BEDAH SARAF","KHUSUS 3","BSRD000060","Kraniotomi Cavernoma Simple"
"Mitra Keluarga Bekasi Timur","BEDAH SARAF","KHUSUS 3","BSRD000067","Dekompresi Foramen Magnum"
"Mitra Keluarga Bekasi Timur","BEDAH SARAF","KHUSUS 3","BSRD000068","Klipping Aneurisma"
"Mitra Keluarga Bekasi Timur","BEDAH SARAF","KHUSUS 3","BSRD000070","Revaskularisasi Cerebral"
"Mitra Keluarga Bekasi Timur","BEDAH SARAF","KHUSUS 3","BSRD000071","Kraniotomi dengan Sitting Position"
"Mitra Keluarga Bekasi Timur","BEDAH SARAF","KHUSUS 3","BSRD000075","Reseksi AVM"
"Mitra Keluarga Bekasi Timur","BEDAH SARAF","KHUSUS 3","BSRD000083","Operasi Arteri Carotis"
"Mitra Keluarga Bekasi Timur","BEDAH SARAF","KHUSUS 3","BSRD000084","Pemutusan dan Eksisi Saraf (Neurectomineurolisa)"
"Mitra Keluarga Bekasi Timur","BEDAH SARAF","KHUSUS 3","BSRD000107","Cervical Posterial Approach"
"Mitra Keluarga Bekasi Timur","BEDAH SARAF","KHUSUS 3","BSRD000113","Eksplorasi Pleksus Brakhialis dengan Penyulit"
"Mitra Keluarga Bekasi Timur","BEDAH SARAF","KHUSUS 3","BSRD000114","Operasi Kraniosinostosis dengan Penyulit"
"Mitra Keluarga Bekasi Timur","BEDAH SARAF","KHUSUS 3","BSRD000115","Neoplasma Basis Kranium dengan Penyulit"
"Mitra Keluarga Bekasi Timur","BEDAH SARAF","KHUSUS 3","BSRD000118","Tumor Spinal dengan Penyulit"
"Mitra Keluarga Bekasi Timur","BEDAH SARAF","KHUSUS 3","BSRD000119","Nerve Transposition dengan Penyulit"
"Mitra Keluarga Bekasi Timur","BEDAH SARAF","KHUSUS 3","BSRD000120","Kraniotomi Cavernoma Simple dengan Penyulit"
"Mitra Keluarga Bekasi Timur","BEDAH SARAF","KHUSUS 3","BSRD000121","Kraniotomi Tumor Removal dengan Penyulit"
"Mitra Keluarga Bekasi Timur","BEDAH SARAF","KHUSUS 3","BSRD000122","Transsphenoidal Tumor Removal dengan Penyulit"
"Mitra Keluarga Bekasi Timur","BEDAH SARAF","KHUSUS 3","BSRD000123","Kraniotomi Cerebellum dengan Penyulit"
"Mitra Keluarga Bekasi Timur","BEDAH SARAF","KHUSUS 3","BSRD000124","Dekompresi Foramen Magnum dengan Penyulit"
"Mitra Keluarga Bekasi Timur","BEDAH SARAF","KHUSUS 3","BSRD000125","Klipping Aneurisma dengan Penyulit"
"Mitra Keluarga Bekasi Timur","BEDAH SARAF","KHUSUS 3","BSRD000126","Kraniotomi Cavernoma Kompleks dengan Penyulit"
"Mitra Keluarga Bekasi Timur","BEDAH SARAF","KHUSUS 3","BSRD000127","Revaskularisasi Cerebral dengan Penyulit"
"Mitra Keluarga Bekasi Timur","BEDAH SARAF","KHUSUS 3","BSRD000128","Kraniotomi dengan Sitting Position dengan Penyulit"
"Mitra Keluarga Bekasi Timur","BEDAH SARAF","KHUSUS 3","BSRD000129","Reseksi AVM dengan Penyulit"
"Mitra Keluarga Bekasi Timur","BEDAH SARAF","KHUSUS 3","BSRD000130","Kraniotomi Skullbase Tumor dengan Penyulit"
"Mitra Keluarga Bekasi Timur","BEDAH SARAF","KHUSUS 3","BSRD000131","Operasi Arteri Carotis dengan Penyulit"
"Mitra Keluarga Bekasi Timur","BEDAH SARAF","KHUSUS 3","BSRD000134","Syringomyelie dengan Penyulit"
"Mitra Keluarga Bekasi Timur","BEDAH SARAF","KHUSUS 3","BSRD000135","Transnasal - Transphenoidal dengan Penyulit"
"Mitra Keluarga Bekasi Timur","BEDAH SARAF","KHUSUS 3","BSRD000136","Eksisi Myelocele"
"Mitra Keluarga Bekasi Timur","BEDAH SARAF","KHUSUS 3","BSRD000137","Pasang VA (Ventriculo - Atrium) Shunt"
"Mitra Keluarga Bekasi Timur","BEDAH SARAF","KHUSUS 3","BSRD000138","Pasang CP(Cyst - Atrium) Shunt"
"Mitra Keluarga Bekasi Timur","BEDAH SARAF","KHUSUS 3","BSRD000139","Vertebroplasty"
"Mitra Keluarga Bekasi Timur","BEDAH SARAF","KHUSUS 3","BSRD000140","Kypoplasty"
"Mitra Keluarga Bekasi Timur","BEDAH SARAF","KHUSUS 3","BSRD000141","Pasang VP Shunt Progamable"
"Mitra Keluarga Bekasi Timur","BEDAH SARAF","KHUSUS 3","BSRD000151","Neurotransplantasi Stemcell"
"Mitra Keluarga Bekasi Timur","BEDAH SARAF","KHUSUS 3","BSRD000152","Foraminotomi"
"Mitra Keluarga Bekasi Timur","BEDAH SARAF","KHUSUS 3","BSRD000155","Neuroendoskopi Procedure Cervical"
"Mitra Keluarga Bekasi Timur","BEDAH SARAF","KHUSUS 3","BSRD000157","Epilepsy Surgery"
"Mitra Keluarga Bekasi Timur","BEDAH SARAF","KHUSUS 3","BSRD000160","Endoscopy Intracerebral Hematom"
"Mitra Keluarga Bekasi Timur","BEDAH SARAF","KHUSUS 3","BSRD000162","Kraniektomi"
"Mitra Keluarga Bekasi Timur","BEDAH SARAF","KHUSUS 3","BSRD000167","Lateral Mesh Cervical"
"Mitra Keluarga Bekasi Timur","BEDAH SARAF","KHUSUS 3","BSRD000168","Window Laminoplasty Cervical"
"Mitra Keluarga Bekasi Timur","BEDAH THORAX","KECIL","BTKD000046","Surgical Pleurodesis"
"Mitra Keluarga Bekasi Timur","BEDAH THORAX","SEDANG 1","BTKD000019","Pasang IPC (Indwelling Pleural Catheter)"
"Mitra Keluarga Bekasi Timur","BEDAH THORAX","SEDANG 1","BTKD000021","Pasang Thoraks Drain/ WSD 1 Sisi"
"Mitra Keluarga Bekasi Timur","BEDAH THORAX","SEDANG 1","BTKD000044","Stripping Varices"
"Mitra Keluarga Bekasi Timur","BEDAH THORAX","SEDANG 1","BTKD000061","Tunneling CDL"
"Mitra Keluarga Bekasi Timur","BEDAH THORAX","SEDANG 1","BTKD000065","Debridement Simple"
"Mitra Keluarga Bekasi Timur","BEDAH THORAX","BESAR 1","BTKD000010","Ligasi AV Shunt"
"Mitra Keluarga Bekasi Timur","BEDAH THORAX","BESAR 1","BTKD000017","Pasang AV Shunt/ Cimino Shunt"
"Mitra Keluarga Bekasi Timur","BEDAH THORAX","BESAR 1","BTKD000020","Pasang Kemoport"
"Mitra Keluarga Bekasi Timur","BEDAH THORAX","BESAR 1","BTKD000022","Pasang Thoraks Drain/ WSD 2 Sisi"
"Mitra Keluarga Bekasi Timur","BEDAH THORAX","BESAR 1","BTKD000045","Stripping Varices Bilateral"
"Mitra Keluarga Bekasi Timur","BEDAH THORAX","BESAR 1","BTKD000048","Thrombo Embolectomy"
"Mitra Keluarga Bekasi Timur","BEDAH THORAX","BESAR 1","BTKD000064","Debridement Luas"
"Mitra Keluarga Bekasi Timur","BEDAH THORAX","BESAR 1","BTKD000072","Simpatektomi Lumbal"
"Mitra Keluarga Bekasi Timur","BEDAH THORAX","BESAR 1","BTKD000107","Skleroterapi 1 Tungkai Sederhana"
"Mitra Keluarga Bekasi Timur","BEDAH THORAX","BESAR 2","BTKD000002","Cliping Costae <= 3"
"Mitra Keluarga Bekasi Timur","BEDAH THORAX","BESAR 2","BTKD000008","Decortication Air/ Muscle Plombage"
"Mitra Keluarga Bekasi Timur","BEDAH THORAX","BESAR 2","BTKD000011","Ligasi Chylothorax"
"Mitra Keluarga Bekasi Timur","BEDAH THORAX","BESAR 2","BTKD000016","Open Pleural Windows"
"Mitra Keluarga Bekasi Timur","BEDAH THORAX","BESAR 2","BTKD000023","Perikardiostomi"
"Mitra Keluarga Bekasi Timur","BEDAH THORAX","BESAR 2","BTKD000024","Pericardial Windows"
"Mitra Keluarga Bekasi Timur","BEDAH THORAX","BESAR 2","BTKD000025","Pleurektomi"
"Mitra Keluarga Bekasi Timur","BEDAH THORAX","BESAR 2","BTKD000029","Repair Cimino AV Shunt"
"Mitra Keluarga Bekasi Timur","BEDAH THORAX","BESAR 2","BTKD000032","Repair Pseudo Aneurysm"
"Mitra Keluarga Bekasi Timur","BEDAH THORAX","BESAR 2","BTKD000033","Repair Sternal Fracture/ Sternal Dehiscense"
"Mitra Keluarga Bekasi Timur","BEDAH THORAX","BESAR 2","BTKD000054","Repair Fistula"
"Mitra Keluarga Bekasi Timur","BEDAH THORAX","BESAR 2","BTKD000108","Skleroterapi 2 Tungkai Sederhana"
"Mitra Keluarga Bekasi Timur","BEDAH THORAX","KHUSUS 1","BTKD000001","Bulectomy"
"Mitra Keluarga Bekasi Timur","BEDAH THORAX","KHUSUS 1","BTKD000003","Cliping Costae > 3"
"Mitra Keluarga Bekasi Timur","BEDAH THORAX","KHUSUS 1","BTKD000007","Debridement Mediastinitis"
"Mitra Keluarga Bekasi Timur","BEDAH THORAX","KHUSUS 1","BTKD000013","Lobectomy/ Pneumonectomy"
"Mitra Keluarga Bekasi Timur","BEDAH THORAX","KHUSUS 1","BTKD000035","Repair Vascular"
"Mitra Keluarga Bekasi Timur","BEDAH THORAX","KHUSUS 1","BTKD000041","Reseksi Tumor Dinding Dada dan Rekonstruksi"
"Mitra Keluarga Bekasi Timur","BEDAH THORAX","KHUSUS 1","BTKD000042","Reseksi Tumor Mediastinum/ Debulking"
"Mitra Keluarga Bekasi Timur","BEDAH THORAX","KHUSUS 1","BTKD000047","Simpatektomi Torakal Bilateral"
"Mitra Keluarga Bekasi Timur","BEDAH THORAX","KHUSUS 1","BTKD000049","Torakotomi Eksplorasi"
"Mitra Keluarga Bekasi Timur","BEDAH THORAX","KHUSUS 1","BTKD000091","Repair Fistule Brokopleural"
"Mitra Keluarga Bekasi Timur","BEDAH THORAX","KHUSUS 2","BTKD000026","Repair Abdominal Aortic Aneurysm (AAA)"
"Mitra Keluarga Bekasi Timur","BEDAH THORAX","KHUSUS 2","BTKD000037","Reseksi Carotid Body Tumor"
"Mitra Keluarga Bekasi Timur","BEDAH THORAX","KHUSUS 2","BTKD000043","Splenorenal Shunt"
"Mitra Keluarga Bekasi Timur","BEDAH THORAX","KHUSUS 2","BTKD000051","VATS"
"Mitra Keluarga Bekasi Timur","BEDAH THORAX","KHUSUS 2","BTKD000083","Angioplasty Vena Centralis"
"Mitra Keluarga Bekasi Timur","BEDAH THORAX","KHUSUS 2","BTKD000106","Evlt dengan Multiple Flebektomi 1 Ekstremitas"
"Mitra Keluarga Bekasi Timur","BEDAH THORAX","KHUSUS 2","BTKD000088","Vaskular Shunting ( Splenorenal Shunt, De Palma Shunt )"
"Mitra Keluarga Bekasi Timur","BEDAH THORAX","KHUSUS 2","BTKD000110","Rekonstruksi Kerusakan Katup Vena dalam Tungkai"
"Mitra Keluarga Bekasi Timur","BEDAH THORAX","KHUSUS 2","BTKD000111","Angioplasty Vena Centralis Kompleks"
"Mitra Keluarga Bekasi Timur","BEDAH THORAX","KHUSUS 2","BTKD000113","Repair Vascular Kompleks"
"Mitra Keluarga Bekasi Timur","BEDAH THORAX","KHUSUS 2","BTKD000149","Eksplorasi dan Rekonstruksi Aorta Kasus Trauma"
"Mitra Keluarga Bekasi Timur","BEDAH THORAX","KHUSUS 2","BTKD000150","Eksplorasi dan Rekonstruksi Aorta Kasus Trauma dengan Graft Sintetis"
"Mitra Keluarga Bekasi Timur","BEDAH THORAX","KHUSUS 2","BTKD000151","Eksplorasi dan Rekonstruksi Vena Cava dengan Graft Sintetis"
"Mitra Keluarga Bekasi Timur","BEDAH THORAX","KHUSUS 2","BTKD000152","Eksplorasi dan Rekonstruksi Vena Cava dengan Autograft"
"Mitra Keluarga Bekasi Timur","BEDAH THORAX","KHUSUS 2","BTKD000153","Eksplorasi dan Rekonstruksi Vena Iliaka dengan Autograft"
"Mitra Keluarga Bekasi Timur","BEDAH THORAX","KHUSUS 2","BTKD000154","Eksplorasi dan Rekonstruksi Vena Iliaka dengan Graft Sintetis"
"Mitra Keluarga Bekasi Timur","BEDAH THORAX","KHUSUS 2","BTKD000155","Karotis Endarterektomi (CEA, EEA)"
"Mitra Keluarga Bekasi Timur","BEDAH THORAX","KHUSUS 2","BTKD000156","Rekonstruksi Aneurisma Aorta Abdominalis dan Arteri Iliaka per Laparotomi"
"Mitra Keluarga Bekasi Timur","BEDAH THORAX","KHUSUS 2","BTKD000157","Rekonstruksi Aortoiliak/ Bifemoral pada Kasus Leriche'S Syndrome"
"Mitra Keluarga Bekasi Timur","BEDAH THORAX","KHUSUS 2","BTKD000158","Rekonstruksi Kompleks Arteri Ekstremitas pada CLI dengan Graft Autolog"
"Mitra Keluarga Bekasi Timur","BEDAH THORAX","KHUSUS 2","BTKD000159","Rekonstruksi Kompleks Arteri Ekstremitas pada CLI dengan Graft Sintetis"
"Mitra Keluarga Bekasi Timur","BEDAH THORAX","KHUSUS 2","BTKD000160","Rekonstruksi Vaskular Arteri Inominata atau Subklavia dengan Graft Sintesis"
"Mitra Keluarga Bekasi Timur","BEDAH THORAX","KHUSUS 2","BTKD000161","Rekonstruksi Vaskuler Aneurisma Perifer"
"Mitra Keluarga Bekasi Timur","BEDAH THORAX","KHUSUS 2","BTKD000162","Rekonstruksi Vena Abdomen dan Pelvis per Laparotomi"
"Mitra Keluarga Bekasi Timur","BEDAH THORAX","KHUSUS 2","BTKD000163","Rekonstruksi Vena pada Kasus - Kasus DVT Kronik"
"Mitra Keluarga Bekasi Timur","BEDAH THORAX","KHUSUS 2","BTKD000164","Release Thoracic Outlet Syndrome"
"Mitra Keluarga Bekasi Timur","BEDAH THORAX","KHUSUS 2","BTKD000165","Tips Endovaskular"
"Mitra Keluarga Bekasi Timur","BEDAH THORAX","KHUSUS 2","BTKD000166","Open Konversi EVAR"
"Mitra Keluarga Bekasi Timur","BEDAH THORAX","KHUSUS 2","BTKD000167","Repair Primer Pembuluh Darah Leher"
"Mitra Keluarga Bekasi Timur","BEDAH THORAX","KHUSUS 2","BTKD000168","Eksisi dan Rekonstruksi Limfedema"
"Mitra Keluarga Bekasi Timur","BEDAH THORAX","KHUSUS 2","BTKD000169","Endoablation Vena Kompleks (EVLT/ RFA/ Venoseal/ Clarivein)"
"Mitra Keluarga Bekasi Timur","BEDAH THORAX","KHUSUS 2","BTKD000197","La Myxoma Ekstirpasi"
"Mitra Keluarga Bekasi Timur","BEDAH THORAX","KHUSUS 2","BTKD000198","Pericardiectomy dengan CPB"
"Mitra Keluarga Bekasi Timur","BEDAH THORAX","KHUSUS 2","BTKD000203","Partial Arch Replacement"
"Mitra Keluarga Bekasi Timur","BEDAH THORAX","KHUSUS 3","BTKD000099","Pericardiectomy"
"Mitra Keluarga Bekasi Timur","BEDAH THORAX","KHUSUS 3","BTKD000101","Total Aortic Arch Replacement"
"Mitra Keluarga Bekasi Timur","BEDAH THORAX","KHUSUS 3","BTKD000102","Sternotomy Eksplorasi"
"Mitra Keluarga Bekasi Timur","BEDAH THORAX","KHUSUS 3","BTKD000208","Minimally Invasive Cardiac Surgery (MICS) Cabg"
"Mitra Keluarga Bekasi Timur","BEDAH THORAX","KHUSUS 3","BTKD000206","Total Arch Replacement"
"Mitra Keluarga Bekasi Timur","BEDAH THORAX","KHUSUS 3","BTKD000207","Triple Valve Surgery"
"Mitra Keluarga Bekasi Timur","BEDAH THORAX","KHUSUS 3","BTKD000204","Re - Do Cardiac Surgery"
"Mitra Keluarga Bekasi Timur","BEDAH THORAX","KHUSUS 3","BTKD000202","Repair IVS Rupture"
"Mitra Keluarga Bekasi Timur","BEDAH THORAX","KHUSUS 3","BTKD000201","Open Bentall Procedure"
"Mitra Keluarga Bekasi Timur","BEDAH THORAX","KHUSUS 3","BTKD000214","Open Double Valve Surgery"
"Mitra Keluarga Bekasi Timur","BEDAH THORAX","KHUSUS 3","BTKD000200","Open CABG dengan Single Valve Surgery"
"Mitra Keluarga Bekasi Timur","BEDAH THORAX","KHUSUS 3","BTKD000199","Opcab 3 - 5 Graft"
"Mitra Keluarga Bekasi Timur","BEDAH THORAX","KHUSUS 3","BTKD000197","La Myxoma Ekstirpasi"
"Mitra Keluarga Bekasi Timur","BEDAH THORAX","KHUSUS 3","BTKD000194","Open Mitral Valve Surgery"
"Mitra Keluarga Bekasi Timur","BEDAH THORAX","KHUSUS 3","BTKD000195","Open Aortic Valve Surgery"
"Mitra Keluarga Bekasi Timur","BEDAH THORAX","KHUSUS 3","BTKD000196","Repair Sinus Valsava"
"Mitra Keluarga Bekasi Timur","BEDAH THORAX","KHUSUS 3","BTKD000225","Ligasi PDA"
"Mitra Keluarga Bekasi Timur","BEDAH THORAX","KHUSUS 3","BTKD000229","ASD dan VSD Closure Cardiac Surgery"
"Mitra Keluarga Bekasi Timur","BEDAH THORAX","KHUSUS 3","BTKD000230","Tof Repair Cardiac Surgery"
