"rumah_sakit","specialty","golongan","nama_layanan"
"Mitra Keluarga Grand Wisata","THT","KECIL","Aff Tampon Nasal (Narkose)"
"Mitra Keluarga Grand Wisata","THT","KECIL","Debridement + Hecting Daun Telinga"
"Mitra Keluarga Grand Wisata","THT","KECIL","Ekstraksi Serumen"
"Mitra Keluarga Grand Wisata","THT","KECIL","Miringotomi"
"Mitra Keluarga Grand Wisata","THT","KECIL","Pasang Tampon Bellocq"
"Mitra Keluarga Grand Wisata","THT","KECIL","Ganti Kanul Trakea"
"Mitra Keluarga Grand Wisata","THT","KECIL","Debridement"
"Mitra Keluarga Grand Wisata","THT","KECIL","Kauterisasi"
"Mitra Keluarga Grand Wisata","THT","KECIL","Repair Sutura Hidung/ Telinga/ Tenggorokan"
"Mitra Keluarga Grand Wisata","THT","KECIL","Aff Tampon Bellocq"
"Mitra Keluarga Grand Wisata","THT","KECIL","Irigasi Sinus Bilateral"
"Mitra Keluarga Grand Wisata","THT","KECIL","Kaustic Faring"
"Mitra Keluarga Grand Wisata","THT","KECIL","Pemasangan NGT via Endoskopi"
"Mitra Keluarga Grand Wisata","THT","KECIL","Aspirasi Pesudocyst dan Gips Telinga"
"Mitra Keluarga Grand Wisata","THT","KECIL","Ekstirpasi Pseudocyst"
"Mitra Keluarga Grand Wisata","THT","KECIL","Chemical Caustic Konka"
"Mitra Keluarga Grand Wisata","THT","KECIL","Chemical Caustic Faring"
"Mitra Keluarga Grand Wisata","THT","KECIL","Adenoidektomi"
"Mitra Keluarga Grand Wisata","THT","KECIL","Antrostomi (Sinus Maksilaris)"
"Mitra Keluarga Grand Wisata","THT","KECIL","Biopsi Tumor"
"Mitra Keluarga Grand Wisata","THT","KECIL","Biopsi Tumor Laring"
"Mitra Keluarga Grand Wisata","THT","KECIL","Biopsi Tumor Nasofaring"
"Mitra Keluarga Grand Wisata","THT","KECIL","Eksplorasi Nasofaring"
"Mitra Keluarga Grand Wisata","THT","KECIL","Ekstirpasi Ateroma Lobulus Telinga"
"Mitra Keluarga Grand Wisata","THT","KECIL","Ekstirpasi Kista Bronkialis"
"Mitra Keluarga Grand Wisata","THT","KECIL","Ekstirpasi Kista Sinus Paranasal"
"Mitra Keluarga Grand Wisata","THT","KECIL","Ekstirpasi Preaurikuler Fistel"
"Mitra Keluarga Grand Wisata","THT","KECIL","Ekstirpasi Tumor Daun Telinga"
"Mitra Keluarga Grand Wisata","THT","KECIL","Ekstraksi Benda Asing"
"Mitra Keluarga Grand Wisata","THT","KECIL","Ekstraksi Benda Asing Laringofaring"
"Mitra Keluarga Grand Wisata","THT","SEDANG 1","Ekstraksi Jaringan Granulasi"
"Mitra Keluarga Grand Wisata","THT","SEDANG 1","Insisi Abses Lobulus Telinga"
"Mitra Keluarga Grand Wisata","THT","SEDANG 1","Insisi Abses Septum"
"Mitra Keluarga Grand Wisata","THT","SEDANG 1","Insisi Abses Septum + Tampon"
"Mitra Keluarga Grand Wisata","THT","SEDANG 1","Irigasi Sinus/ DAWO"
"Mitra Keluarga Grand Wisata","THT","SEDANG 1","Laringoskopi Diagnostik"
"Mitra Keluarga Grand Wisata","THT","SEDANG 1","Pemasangan T - Tube"
"Mitra Keluarga Grand Wisata","THT","SEDANG 1","Pembukaan Lubang Hidung"
"Mitra Keluarga Grand Wisata","THT","SEDANG 1","Regional Flap"
"Mitra Keluarga Grand Wisata","THT","SEDANG 1","Septum Reseksi/ SMR"
"Mitra Keluarga Grand Wisata","THT","SEDANG 1","Tonsilektomi"
"Mitra Keluarga Grand Wisata","THT","SEDANG 1","Trakeoskopi"
"Mitra Keluarga Grand Wisata","THT","SEDANG 1","Turbinektomi/ Konkotomi"
"Mitra Keluarga Grand Wisata","THT","SEDANG 1","Insisi dan Drainase Abses Preaurikula"
"Mitra Keluarga Grand Wisata","THT","SEDANG 1","Mikrolaringoskopi"
"Mitra Keluarga Grand Wisata","THT","SEDANG 1","Evakuasi Darah dari Sinus Maksilaris"
"Mitra Keluarga Grand Wisata","THT","SEDANG 1","Uvuloplasti"
"Mitra Keluarga Grand Wisata","THT","SEDANG 1","Esofagoskopi"
"Mitra Keluarga Grand Wisata","THT","SEDANG 1","Re - Evaluasi Post Op Bleeding"
"Mitra Keluarga Grand Wisata","THT","SEDANG 1","Ekstirpasi Granuloma"
"Mitra Keluarga Grand Wisata","THT","SEDANG 1","Nasofaringoskopi Diagnostik"
"Mitra Keluarga Grand Wisata","THT","SEDANG 1","Ekstraksi Polip Multiple"
"Mitra Keluarga Grand Wisata","THT","SEDANG 1","Insisi dan Drainase Abses Retroaurikula"
"Mitra Keluarga Grand Wisata","THT","SEDANG 1","Ekstirpasi Atherom"
"Mitra Keluarga Grand Wisata","THT","SEDANG 1","Eksisi Tumor Jinak Sedang"
"Mitra Keluarga Grand Wisata","THT","SEDANG 1","Injeksi Intratimpani Unilateral"
"Mitra Keluarga Grand Wisata","THT","SEDANG 1","Eksisi Perikondritis"
"Mitra Keluarga Grand Wisata","THT","SEDANG 1","Pemasangan Pipa Shepard"
"Mitra Keluarga Grand Wisata","THT","SEDANG 1","Ekstraksi Cholesteatom Eksternal"
"Mitra Keluarga Grand Wisata","THT","SEDANG 1","Pasang Arch Bar"
"Mitra Keluarga Grand Wisata","THT","SEDANG 1","Ekstraksi Corpus Alineum"
"Mitra Keluarga Grand Wisata","THT","SEDANG 1","Aff Implant"
"Mitra Keluarga Grand Wisata","THT","SEDANG 1","Release Tongue-tie"
"Mitra Keluarga Grand Wisata","THT","SEDANG 1","Eksisi Kista Duktus Tiroglossus"
"Mitra Keluarga Grand Wisata","THT","SEDANG 1","Eksplorasi Asbes Parafaring"
"Mitra Keluarga Grand Wisata","THT","SEDANG 1","Eksplorasi Kista Tiroid"
"Mitra Keluarga Grand Wisata","THT","SEDANG 1","Eksplorasi Laring"
"Mitra Keluarga Grand Wisata","THT","SEDANG 1","Ekstirpasi Tumor Laring"
"Mitra Keluarga Grand Wisata","THT","SEDANG 1","Ekstirpasi Tumor Nasofaring"
"Mitra Keluarga Grand Wisata","THT","SEDANG 1","Ekstraksi Polip"
"Mitra Keluarga Grand Wisata","THT","SEDANG 1","Esofagoskopi Fleksibel"
"Mitra Keluarga Grand Wisata","THT","SEDANG 1","Ethmoidektomi (Intranasal)"
"Mitra Keluarga Grand Wisata","THT","SEDANG 1","Fronto Ethmoidektomi"
"Mitra Keluarga Grand Wisata","THT","SEDANG 1","Hemiglosektomi"
"Mitra Keluarga Grand Wisata","THT","SEDANG 1","Insisi Abses Peritonsil"
"Mitra Keluarga Grand Wisata","THT","SEDANG 1","Labioplasti"
"Mitra Keluarga Grand Wisata","THT","BESAR 1","Mastoidektomi Sederhana"
"Mitra Keluarga Grand Wisata","THT","BESAR 1","Operasi Caldwell - Luc"
"Mitra Keluarga Grand Wisata","THT","BESAR 1","Panendoskopi"
"Mitra Keluarga Grand Wisata","THT","BESAR 1","Pemasangan Grommet"
"Mitra Keluarga Grand Wisata","THT","BESAR 1","Reposisi Tertutup Fraktur Os Nasal"
"Mitra Keluarga Grand Wisata","THT","BESAR 1","Reposisi Fiksasi Interna dengan Arch Bar"
"Mitra Keluarga Grand Wisata","THT","BESAR 1","Tonsilektomi + Adenoidektomi"
"Mitra Keluarga Grand Wisata","THT","BESAR 1","Trakeostomi"
"Mitra Keluarga Grand Wisata","THT","BESAR 1","Faringeal Flap"
"Mitra Keluarga Grand Wisata","THT","BESAR 1","Fore Head Flap"
"Mitra Keluarga Grand Wisata","THT","BESAR 1","Myocutaneus Flap (Pectoralis Mayor)"
"Mitra Keluarga Grand Wisata","THT","BESAR 1","Neurektomi Syaraf Vidian"
"Mitra Keluarga Grand Wisata","THT","BESAR 1","Meningotomi/ Paracentesa"
"Mitra Keluarga Grand Wisata","THT","BESAR 1","Debridement Sinus Maxilaris"
"Mitra Keluarga Grand Wisata","THT","BESAR 1","Insisi Papiloma di Lidah"
"Mitra Keluarga Grand Wisata","THT","BESAR 1","Flexible Endoscopic Evaluation of Swallowing"
"Mitra Keluarga Grand Wisata","THT","BESAR 1","Konkoplasty"
"Mitra Keluarga Grand Wisata","THT","BESAR 1","Konkotomi Bilateral"
"Mitra Keluarga Grand Wisata","THT","BESAR 1","Reduksi Konka dengan RF"
"Mitra Keluarga Grand Wisata","THT","BESAR 1","Revisi Sinekia Hidung"
"Mitra Keluarga Grand Wisata","THT","BESAR 1","Insisi Abses Parafaring"
"Mitra Keluarga Grand Wisata","THT","BESAR 1","Ekstirpasi Tumor Submandibula"
"Mitra Keluarga Grand Wisata","THT","BESAR 1","Eksisi Tiroid Lingual"
"Mitra Keluarga Grand Wisata","THT","BESAR 1","Eustachian Tube Balooning"
"Mitra Keluarga Grand Wisata","THT","BESAR 1","Ear Toilet dengan Sedasi"
"Mitra Keluarga Grand Wisata","THT","BESAR 1","Insisis dan Drainase Abses"
"Mitra Keluarga Grand Wisata","THT","BESAR 1","Adenoidektomi dengan Endoskopi"
"Mitra Keluarga Grand Wisata","THT","BESAR 1","Dacriosistorinostomi Endoskopi"
"Mitra Keluarga Grand Wisata","THT","BESAR 1","FESS Unilateral"
"Mitra Keluarga Grand Wisata","THT","BESAR 1","Glosektomi Total"
"Mitra Keluarga Grand Wisata","THT","BESAR 1","Mastoidektomi Radikal"
"Mitra Keluarga Grand Wisata","THT","BESAR 1","Miringoplasti"
"Mitra Keluarga Grand Wisata","THT","BESAR 1","Palatoplasti"
"Mitra Keluarga Grand Wisata","THT","BESAR 1","Rinoplasti"
"Mitra Keluarga Grand Wisata","THT","BESAR 1","Rinotomi Lateralis"
"Mitra Keluarga Grand Wisata","THT","BESAR 1","Septoplasti"
"Mitra Keluarga Grand Wisata","THT","BESAR 2","Stapedektomi"
"Mitra Keluarga Grand Wisata","THT","BESAR 2","Temporal Bone Resection"
"Mitra Keluarga Grand Wisata","THT","BESAR 2","Tonsilektomi + Adenoidektomi dengan Endoskopi"
"Mitra Keluarga Grand Wisata","THT","BESAR 2","Diseksi Leher"
"Mitra Keluarga Grand Wisata","THT","BESAR 2","Turbinoplasty"
"Mitra Keluarga Grand Wisata","THT","BESAR 2","Turbinektomi dengan Endoscopy"
"Mitra Keluarga Grand Wisata","THT","BESAR 2","Septoplasty dengan Endoscopy"
"Mitra Keluarga Grand Wisata","THT","BESAR 2","Canaloplasty"
"Mitra Keluarga Grand Wisata","THT","BESAR 2","Polipectomi dengan Endoscopy"
"Mitra Keluarga Grand Wisata","THT","BESAR 2","Ekstirpasi Preaurikular Fistel dengan Penyulit"
"Mitra Keluarga Grand Wisata","THT","BESAR 2","BSEF/ FESS lanjut Ekstirpasi Tumor, Penutupan Defek Intrakranial"
"Mitra Keluarga Grand Wisata","THT","BESAR 2","Eksisi Lesi Tiroid (Kista Tiroid)"
"Mitra Keluarga Grand Wisata","THT","BESAR 2","Ekstirpasi Angiofibroma"
"Mitra Keluarga Grand Wisata","THT","BESAR 2","Ethmoidektomi (PE)"
"Mitra Keluarga Grand Wisata","THT","BESAR 2","FESS Bilateral"
"Mitra Keluarga Grand Wisata","THT","BESAR 2","Laringektomi + RND"
"Mitra Keluarga Grand Wisata","THT","BESAR 2","Maksilektomi Parsial"
"Mitra Keluarga Grand Wisata","THT","KHUSUS 1","Timpanoplasti"
"Mitra Keluarga Grand Wisata","THT","KHUSUS 1","Tonsilektomi dengan Endoskopi"
"Mitra Keluarga Grand Wisata","THT","KHUSUS 1","UPPP (Uvulo Palatopharyngo Plasty)"
"Mitra Keluarga Grand Wisata","THT","KHUSUS 1","Rekontruksi Hidung Telinga"
"Mitra Keluarga Grand Wisata","THT","KHUSUS 1","Laringektomi"
"Mitra Keluarga Grand Wisata","THT","KHUSUS 1","Tumor Parotis/ Parotiroidektomi"
"Mitra Keluarga Grand Wisata","THT","KHUSUS 1","Reposisi Fiksasi Interna dengan Mini Plate"
"Mitra Keluarga Grand Wisata","THT","KHUSUS 1","Rekonstruksi Telinga Luar"
"Mitra Keluarga Grand Wisata","THT","KHUSUS 1","Trakeostomi dengan Penyulit"
"Mitra Keluarga Grand Wisata","THT","KHUSUS 1","Tonsilektomi dengan Penyulit"
"Mitra Keluarga Grand Wisata","THT","KHUSUS 1","Rekonstruksi fraktur Maksila Le Fort II"
"Mitra Keluarga Grand Wisata","THT","KHUSUS 1","Rekonstruksi Fraktur Zygoma"
"Mitra Keluarga Grand Wisata","THT","KHUSUS 1","Rekonstruksi Fraktur Mandibula"
"Mitra Keluarga Grand Wisata","THT","KHUSUS 1","Rekonstruksi Fraktur Maksila Le Fort I"
"Mitra Keluarga Grand Wisata","THT","KHUSUS 2","Maksilektomi Total/ Radikal"
"Mitra Keluarga Grand Wisata","OBGYN","KECIL","Eksisi Biopsi Tumor Jinak Vulva"
"Mitra Keluarga Grand Wisata","OBGYN","KECIL","Hidrotubasi/ Kromotubasi"
"Mitra Keluarga Grand Wisata","OBGYN","KECIL","Operasi Kista Bartolini"
"Mitra Keluarga Grand Wisata","OBGYN","KECIL","Pasang Cervical Cerclage/ Shirodkard/ McDonalds"
"Mitra Keluarga Grand Wisata","OBGYN","KECIL","Tubektomi Intra SC"
"Mitra Keluarga Grand Wisata","OBGYN","KECIL","Repair Perineum + Eksisi Adhesi"
"Mitra Keluarga Grand Wisata","OBGYN","KECIL","Kuretase"
"Mitra Keluarga Grand Wisata","OBGYN","KECIL","Aff Cerclage"
"Mitra Keluarga Grand Wisata","OBGYN","KECIL","Re - Hecting Kecil"
"Mitra Keluarga Grand Wisata","OBGYN","KECIL","Re - Hecting Sedang"
"Mitra Keluarga Grand Wisata","OBGYN","KECIL","Biopsi Portio"
"Mitra Keluarga Grand Wisata","OBGYN","KECIL","Pasang Laminaria"
"Mitra Keluarga Grand Wisata","OBGYN","KECIL","Ekstirpasi Polip Serviks"
"Mitra Keluarga Grand Wisata","OBGYN","KECIL","Aff IUD dengan Anestesi"
"Mitra Keluarga Grand Wisata","OBGYN","KECIL","Eksisi Kista Bartolini"
"Mitra Keluarga Grand Wisata","OBGYN","KECIL","Extirpasi Tumor Jinak Vulva"
"Mitra Keluarga Grand Wisata","OBGYN","KECIL","Insisi Drainase Abses Bartolini"
"Mitra Keluarga Grand Wisata","OBGYN","KECIL","Ekstraksi dan Pasang IUD Bersama Operasi Lain"
"Mitra Keluarga Grand Wisata","OBGYN","KECIL","Hecting Ruptur Vagina"
"Mitra Keluarga Grand Wisata","OBGYN","KECIL","Repair Perineum Sedang"
"Mitra Keluarga Grand Wisata","OBGYN","KECIL","Ekstirpasi Kista Gardner"
"Mitra Keluarga Grand Wisata","OBGYN","KECIL","Kolposkopi"
"Mitra Keluarga Grand Wisata","OBGYN","KECIL","Kauterisasi"
"Mitra Keluarga Grand Wisata","OBGYN","KECIL","Adhesiolisis Perlekatan Ringan"
"Mitra Keluarga Grand Wisata","OBGYN","KECIL","Eksplorasi Robekan + Hecting"
"Mitra Keluarga Grand Wisata","OBGYN","KECIL","Ekstirpasi Mioma Geburt Kecil"
"Mitra Keluarga Grand Wisata","OBGYN","KECIL","Ekstirpasi Mioma Geburt Besar"
"Mitra Keluarga Grand Wisata","OBGYN","KECIL","Kolporafi Anterior/ Posterior"
"Mitra Keluarga Grand Wisata","OBGYN","KECIL","Konisasi Serviks"
"Mitra Keluarga Grand Wisata","OBGYN","KECIL","Laparoskopi Diagnostik"
"Mitra Keluarga Grand Wisata","OBGYN","KECIL","Laparoskopi Ovarian Drilling"
"Mitra Keluarga Grand Wisata","OBGYN","KECIL","Laparoskopi Tubektomi"
"Mitra Keluarga Grand Wisata","OBGYN","SEDANG 1","Kuretase Sisa Konsepsi"
"Mitra Keluarga Grand Wisata","OBGYN","SEDANG 1","Kuretase Mola"
"Mitra Keluarga Grand Wisata","OBGYN","SEDANG 1","Kuretase AUB/ Hiperplasia Endometrium"
"Mitra Keluarga Grand Wisata","OBGYN","SEDANG 1","Re - Hecting Besar"
"Mitra Keluarga Grand Wisata","OBGYN","SEDANG 1","Repair Robekan Forniks"
"Mitra Keluarga Grand Wisata","OBGYN","SEDANG 1","Debridement"
"Mitra Keluarga Grand Wisata","OBGYN","SEDANG 1","Explorasi Diagnostik dengan Narkose"
"Mitra Keluarga Grand Wisata","OBGYN","SEDANG 1","Kauterisasi Perineum"
"Mitra Keluarga Grand Wisata","OBGYN","SEDANG 1","Kuretase dengan Tindakan Operasi Lain"
"Mitra Keluarga Grand Wisata","OBGYN","SEDANG 1","Repair Fistel Simple"
"Mitra Keluarga Grand Wisata","OBGYN","SEDANG 1","Tubektomi Post Partum"
"Mitra Keluarga Grand Wisata","OBGYN","SEDANG 1","Kuretase dengan Penyulit"
"Mitra Keluarga Grand Wisata","OBGYN","SEDANG 1","Kauterisasi Kondiloma"
"Mitra Keluarga Grand Wisata","OBGYN","SEDANG 1","Kauterisasi Portio"
"Mitra Keluarga Grand Wisata","OBGYN","SEDANG 1","Repair Perineum Besar"
"Mitra Keluarga Grand Wisata","OBGYN","SEDANG 1","Douglas Punksi"
"Mitra Keluarga Grand Wisata","OBGYN","SEDANG 1","Eksisi Tumor Jinak/ Kista Vagina"
"Mitra Keluarga Grand Wisata","OBGYN","SEDANG 1","Adhesiolisis Perlengkatan Sedang"
"Mitra Keluarga Grand Wisata","OBGYN","SEDANG 1","Laparoskopi Adhesiolisis"
"Mitra Keluarga Grand Wisata","OBGYN","SEDANG 1","Omentektomi"
"Mitra Keluarga Grand Wisata","OBGYN","SEDANG 1","Histeroskopi Diagnostik"
"Mitra Keluarga Grand Wisata","OBGYN","SEDANG 1","Laparoskopi Kistektomi"
"Mitra Keluarga Grand Wisata","OBGYN","SEDANG 1","Laparoskopi Miomektomi"
"Mitra Keluarga Grand Wisata","OBGYN","SEDANG 1","Laparoskopi Ooforektomi"
"Mitra Keluarga Grand Wisata","OBGYN","SEDANG 1","Laparoskopi Punksi Kista"
"Mitra Keluarga Grand Wisata","OBGYN","SEDANG 1","Laparoskopi Salpingektomi"
"Mitra Keluarga Grand Wisata","OBGYN","SEDANG 1","Laparoskopi Salpingotomi"
"Mitra Keluarga Grand Wisata","OBGYN","SEDANG 1","Laparoskopi Translokasi IUD"
"Mitra Keluarga Grand Wisata","OBGYN","SEDANG 1","Laparotomi B - Lynch"
"Mitra Keluarga Grand Wisata","OBGYN","SEDANG 1","Laparotomi Diagnostik"
"Mitra Keluarga Grand Wisata","OBGYN","SEDANG 1","Laparotomi Kistektomi Unilateral"
"Mitra Keluarga Grand Wisata","OBGYN","SEDANG 1","Laparotomi Miomektomi Tunggal"
"Mitra Keluarga Grand Wisata","OBGYN","SEDANG 1","Laparotomi Ooforektomi Unilateral"
"Mitra Keluarga Grand Wisata","OBGYN","SEDANG 1","Laparotomi Purandare"
"Mitra Keluarga Grand Wisata","OBGYN","SEDANG 1","Laparotomi Salpingektomi"
"Mitra Keluarga Grand Wisata","OBGYN","SEDANG 1","Laparotomi Translokasi IUD"
"Mitra Keluarga Grand Wisata","OBGYN","BESAR 1","Ligasi Arteri Hipogastrica"
"Mitra Keluarga Grand Wisata","OBGYN","BESAR 1","Ligasi Arteri Uterina"
"Mitra Keluarga Grand Wisata","OBGYN","BESAR 1","Repair Fistula Simple"
"Mitra Keluarga Grand Wisata","OBGYN","BESAR 1","Tubektomi"
"Mitra Keluarga Grand Wisata","OBGYN","BESAR 1","Sectio Caesaria"
"Mitra Keluarga Grand Wisata","OBGYN","BESAR 1","Sectio Caesaria pada Bekas SC"
"Mitra Keluarga Grand Wisata","OBGYN","BESAR 1","Laparoskopi Operatif"
"Mitra Keluarga Grand Wisata","OBGYN","BESAR 1","Minilaparotomi (Polmeroy)"
"Mitra Keluarga Grand Wisata","OBGYN","BESAR 1","Laparoskopi Steril"
"Mitra Keluarga Grand Wisata","OBGYN","BESAR 1","Repair Tuba/ Tuboplasty"
"Mitra Keluarga Grand Wisata","OBGYN","BESAR 1","Vaginal Birth After Caesarean Section (VBAC)"
"Mitra Keluarga Grand Wisata","OBGYN","BESAR 1","Histerostomi"
"Mitra Keluarga Grand Wisata","OBGYN","BESAR 1","Adhesiolisis Perlengkatan Berat"
"Mitra Keluarga Grand Wisata","OBGYN","BESAR 1","Laparotomi Salpingostomi"
"Mitra Keluarga Grand Wisata","OBGYN","BESAR 1","Rehecting + Debridement"
"Mitra Keluarga Grand Wisata","OBGYN","BESAR 1","Laparoskopi Kistektomi Bilateral"
"Mitra Keluarga Grand Wisata","OBGYN","BESAR 1","Histeroskopi Operatif"
"Mitra Keluarga Grand Wisata","OBGYN","BESAR 2","Kolporafi Anterior + Posterior"
"Mitra Keluarga Grand Wisata","OBGYN","BESAR 2","Laparoskopi Kehamilan Ektopik"
"Mitra Keluarga Grand Wisata","OBGYN","BESAR 2","Laparotomi Histerektomi Subtotal/ Histerektomi Supravaginal (HSV)"
"Mitra Keluarga Grand Wisata","OBGYN","BESAR 2","Laparotomi KET"
"Mitra Keluarga Grand Wisata","OBGYN","BESAR 2","Laparotomi Kistektomi Bilateral"
"Mitra Keluarga Grand Wisata","OBGYN","BESAR 2","Laparotomi Miomektomi Multiple"
"Mitra Keluarga Grand Wisata","OBGYN","BESAR 2","Laparotomi Ooforektomi Bilateral"
"Mitra Keluarga Grand Wisata","OBGYN","BESAR 2","Laparotomi Reseksi Adenomiosis"
"Mitra Keluarga Grand Wisata","OBGYN","BESAR 2","Laparotomi Salpingo Ooforektomi Unilateral"
"Mitra Keluarga Grand Wisata","OBGYN","BESAR 2","Bekas Sectio Caesaria (BSC) + B-Lynch"
"Mitra Keluarga Grand Wisata","OBGYN","BESAR 2","Sectio Caesaria dengan Eracs"
"Mitra Keluarga Grand Wisata","OBGYN","BESAR 2","Sectio Caesaria dengan Obesitas Morbid"
"Mitra Keluarga Grand Wisata","OBGYN","BESAR 2","Repair Prolaps Uteri"
"Mitra Keluarga Grand Wisata","OBGYN","BESAR 2","Laparotomi Kistektomi Unilateral dengan Penyulit"
"Mitra Keluarga Grand Wisata","OBGYN","BESAR 2","Ovarektomi dengan Penyulit"
"Mitra Keluarga Grand Wisata","OBGYN","BESAR 2","Laparotomi KET dengan Penyulit"
"Mitra Keluarga Grand Wisata","OBGYN","BESAR 2","Sectio Caesaria dengan Penyulit"
"Mitra Keluarga Grand Wisata","OBGYN","BESAR 2","SCTPP dengan Steril"
"Mitra Keluarga Grand Wisata","OBGYN","BESAR 2","Biopsi Jaringan pada Laparotomi Diagnostik"
"Mitra Keluarga Grand Wisata","OBGYN","BESAR 2","Sectio Caesaria dengan Pendarahan Varises/ Placental Site"
"Mitra Keluarga Grand Wisata","OBGYN","BESAR 2","Laparotomi Histerektomi Subtotal dengan Penyulit"
"Mitra Keluarga Grand Wisata","OBGYN","BESAR 2","Laparotomi Miomektomi Tunggal dengan Penyulit"
"Mitra Keluarga Grand Wisata","OBGYN","BESAR 2","Laparotomi Salpingo Ooforektomi Unilateral dengan Penyulit"
"Mitra Keluarga Grand Wisata","OBGYN","BESAR 2","Repair Fistel Kompleks"
"Mitra Keluarga Grand Wisata","OBGYN","BESAR 2","SC + Reseksi Plasenta Akreta"
"Mitra Keluarga Grand Wisata","OBGYN","BESAR 2","Ekstirpasi Polip Endometrium"
"Mitra Keluarga Grand Wisata","OBGYN","BESAR 2","Laparoskopi Miomektomi Tunggal dengan Penyulit"
"Mitra Keluarga Grand Wisata","OBGYN","BESAR 2","Sectio Caesarea Transperitonealis Profunda (SCTP)"
"Mitra Keluarga Grand Wisata","OBGYN","BESAR 2","Hymenoplasty"
"Mitra Keluarga Grand Wisata","OBGYN","BESAR 2","Laparoskopi Miomektomi Multiple Besar"
"Mitra Keluarga Grand Wisata","OBGYN","BESAR 2","Laparoskopi Reseksi Adenomiosis"
"Mitra Keluarga Grand Wisata","OBGYN","BESAR 2","Laparotomi Histerektomi Total"
"Mitra Keluarga Grand Wisata","OBGYN","BESAR 2","Laparotomi Salpingo Ooforektomi Bilateral"
"Mitra Keluarga Grand Wisata","OBGYN","BESAR 2","Repair Fistula Vesiko Vagina"
"Mitra Keluarga Grand Wisata","OBGYN","BESAR 2","Sectio Caesaria (Gemeli)"
"Mitra Keluarga Grand Wisata","OBGYN","BESAR 2","SCTPP dengan Ooforektomi"
"Mitra Keluarga Grand Wisata","OBGYN","BESAR 2","SCTPP dengan Miomektomi"
"Mitra Keluarga Grand Wisata","OBGYN","BESAR 2","SCTPP dengan Histerektomi"
"Mitra Keluarga Grand Wisata","OBGYN","KHUSUS 1","SCTPP dengan Salpingo Ooforektomi"
"Mitra Keluarga Grand Wisata","OBGYN","KHUSUS 1","Sacro Spinosum Fixation (SSF)"
"Mitra Keluarga Grand Wisata","OBGYN","KHUSUS 1","Colpotomy"
"Mitra Keluarga Grand Wisata","OBGYN","KHUSUS 1","Amputasi Cervix/ Trakelektomi"
"Mitra Keluarga Grand Wisata","OBGYN","KHUSUS 1","Jahit B-Lynch"
"Mitra Keluarga Grand Wisata","OBGYN","KHUSUS 1","Kauterisasi Condyloma Acuminata Luas"
"Mitra Keluarga Grand Wisata","OBGYN","KHUSUS 1","Laparotomi Histerektomi Total + SOU/ SOB"
"Mitra Keluarga Grand Wisata","OBGYN","KHUSUS 1","Laparotomi Kistektomi Bilateral dengan Penyulit"
"Mitra Keluarga Grand Wisata","OBGYN","KHUSUS 1","Laparotomi Miomektomi Multiple dengan Penyulit"
"Mitra Keluarga Grand Wisata","OBGYN","KHUSUS 1","Laparotomi Salpingo Ooforektomi Bilateral dengan Penyulit"
"Mitra Keluarga Grand Wisata","OBGYN","KHUSUS 1","Management HPP"
"Mitra Keluarga Grand Wisata","OBGYN","KHUSUS 1","Laparotomi Histerektomi Total dengan Penyulit"
"Mitra Keluarga Grand Wisata","OBGYN","KHUSUS 1","SC + Reseksi Plasenta Akreta"
"Mitra Keluarga Grand Wisata","OBGYN","KHUSUS 1","Laparoskopi Histerektomi Total"
"Mitra Keluarga Grand Wisata","OBGYN","KHUSUS 1","Vaginal Histerektomi"
"Mitra Keluarga Grand Wisata","OBGYN","KHUSUS 1","Vaginoplasty"
"Mitra Keluarga Grand Wisata","OBGYN","KHUSUS 1","Histerektomi dengan Salpingo Ooforektomi"
"Mitra Keluarga Grand Wisata","OBGYN","KHUSUS 2","Labioplasty"
"Mitra Keluarga Grand Wisata","OBGYN","KHUSUS 2","Hymenorafi"
"Mitra Keluarga Grand Wisata","OBGYN","KHUSUS 2","Total Vaginal Histerektomi (TVH) + SOB"
"Mitra Keluarga Grand Wisata","OBGYN","KHUSUS 2","Loop Electrosurgical Excision Procedure (LEEP)"
"Mitra Keluarga Grand Wisata","OBGYN","KHUSUS 2","Himenektomi"
"Mitra Keluarga Grand Wisata","BEDAH ORTHOPEDI","KECIL","Angkat Jahitan"
"Mitra Keluarga Grand Wisata","BEDAH ORTHOPEDI","KECIL","Amputasi 1 Jari"
"Mitra Keluarga Grand Wisata","BEDAH ORTHOPEDI","KECIL","Disartikulasi 1 Jari"
"Mitra Keluarga Grand Wisata","BEDAH ORTHOPEDI","KECIL","Plasma Rich Protein (PRP) Injection"
"Mitra Keluarga Grand Wisata","BEDAH ORTHOPEDI","KECIL","Ekstraksi Kuku"
"Mitra Keluarga Grand Wisata","BEDAH ORTHOPEDI","KECIL","Pasang Gips"
"Mitra Keluarga Grand Wisata","BEDAH ORTHOPEDI","KECIL","Buka Gips"
"Mitra Keluarga Grand Wisata","BEDAH ORTHOPEDI","KECIL","Insisi Abses Kecil"
"Mitra Keluarga Grand Wisata","BEDAH ORTHOPEDI","KECIL","Repair Nail Bed Laceration 1 Jari"
"Mitra Keluarga Grand Wisata","BEDAH ORTHOPEDI","KECIL","Eksisi Clavus/ Nevus"
"Mitra Keluarga Grand Wisata","BEDAH ORTHOPEDI","KECIL","Tens Single (radius/ Ulna/ Maleolus)"
"Mitra Keluarga Grand Wisata","BEDAH ORTHOPEDI","KECIL","Perawatan Luka"
"Mitra Keluarga Grand Wisata","BEDAH ORTHOPEDI","KECIL","Lavage + Injeksi Sendi dengan Lokal Anestesi"
"Mitra Keluarga Grand Wisata","BEDAH ORTHOPEDI","KECIL","Aff Implant Simple"
"Mitra Keluarga Grand Wisata","BEDAH ORTHOPEDI","KECIL","Aff K Wire 1 Jari"
"Mitra Keluarga Grand Wisata","BEDAH ORTHOPEDI","KECIL","Debridement + Nekrotomi"
"Mitra Keluarga Grand Wisata","BEDAH ORTHOPEDI","KECIL","Eksisi Bone for Graft"
"Mitra Keluarga Grand Wisata","BEDAH ORTHOPEDI","KECIL","Eksisi Bursitis"
"Mitra Keluarga Grand Wisata","BEDAH ORTHOPEDI","KECIL","Eksisi Clavus Multiple"
"Mitra Keluarga Grand Wisata","BEDAH ORTHOPEDI","KECIL","Eksisi Ganglion"
"Mitra Keluarga Grand Wisata","BEDAH ORTHOPEDI","KECIL","Eksisi Polidaktili"
"Mitra Keluarga Grand Wisata","BEDAH ORTHOPEDI","KECIL","Eksisi Radial Head"
"Mitra Keluarga Grand Wisata","BEDAH ORTHOPEDI","KECIL","Eksisi Soft Tissue Tumor Kecil"
"Mitra Keluarga Grand Wisata","BEDAH ORTHOPEDI","KECIL","Eksisi Tophus 1 buah"
"Mitra Keluarga Grand Wisata","BEDAH ORTHOPEDI","KECIL","Ekstraksi Loose Bodies"
"Mitra Keluarga Grand Wisata","BEDAH ORTHOPEDI","KECIL","Fasciotomi"
"Mitra Keluarga Grand Wisata","BEDAH ORTHOPEDI","KECIL","Pasang Gips Body Jacket"
"Mitra Keluarga Grand Wisata","BEDAH ORTHOPEDI","KECIL","Pasang K Wire 1 Jari"
"Mitra Keluarga Grand Wisata","BEDAH ORTHOPEDI","SEDANG 1","Pasang Skeletal Traksi"
"Mitra Keluarga Grand Wisata","BEDAH ORTHOPEDI","SEDANG 1","Pasang Skull Traction"
"Mitra Keluarga Grand Wisata","BEDAH ORTHOPEDI","SEDANG 1","Cross Finger Flap"
"Mitra Keluarga Grand Wisata","BEDAH ORTHOPEDI","SEDANG 1","Hecting Luka Ringan"
"Mitra Keluarga Grand Wisata","BEDAH ORTHOPEDI","SEDANG 1","Insisi Abses Besar"
"Mitra Keluarga Grand Wisata","BEDAH ORTHOPEDI","SEDANG 1","Manipulasi Frozen Shoulder (Narkosis)"
"Mitra Keluarga Grand Wisata","BEDAH ORTHOPEDI","SEDANG 1","Open Achilles Tendon Lengthening"
"Mitra Keluarga Grand Wisata","BEDAH ORTHOPEDI","SEDANG 1","Tendon Lengthening"
"Mitra Keluarga Grand Wisata","BEDAH ORTHOPEDI","SEDANG 1","Tendon Transfer 1 - 2 buah"
"Mitra Keluarga Grand Wisata","BEDAH ORTHOPEDI","SEDANG 1","Tenotomy Simple"
"Mitra Keluarga Grand Wisata","BEDAH ORTHOPEDI","SEDANG 1","Kuretase Tumor Tulang Kecil"
"Mitra Keluarga Grand Wisata","BEDAH ORTHOPEDI","SEDANG 1","Release De Quervain"
"Mitra Keluarga Grand Wisata","BEDAH ORTHOPEDI","SEDANG 1","Release Epicondylitis"
"Mitra Keluarga Grand Wisata","BEDAH ORTHOPEDI","SEDANG 1","Release Kontraktur Sendi Kecil"
"Mitra Keluarga Grand Wisata","BEDAH ORTHOPEDI","SEDANG 1","Release Plantar Fasciitis"
"Mitra Keluarga Grand Wisata","BEDAH ORTHOPEDI","SEDANG 1","Release Torticolis Unipolar"
"Mitra Keluarga Grand Wisata","BEDAH ORTHOPEDI","SEDANG 1","Release Trigger Finger"
"Mitra Keluarga Grand Wisata","BEDAH ORTHOPEDI","SEDANG 1","Release Trigger Thumb"
"Mitra Keluarga Grand Wisata","BEDAH ORTHOPEDI","SEDANG 1","Soft Tissue Release Kontraktur Jari"
"Mitra Keluarga Grand Wisata","BEDAH ORTHOPEDI","SEDANG 1","V-Y Flap for Finger Tip Injury"
"Mitra Keluarga Grand Wisata","BEDAH ORTHOPEDI","SEDANG 1","Repair Tendon Simple atau 1 - 2"
"Mitra Keluarga Grand Wisata","BEDAH ORTHOPEDI","SEDANG 1","Reposisi Tertutup Dislokasi Jari Kaki"
"Mitra Keluarga Grand Wisata","BEDAH ORTHOPEDI","SEDANG 1","Reposisi Tertutup Dislokasi Jari Tangan"
"Mitra Keluarga Grand Wisata","BEDAH ORTHOPEDI","SEDANG 1","Reposisi Tertutup Fraktur"
"Mitra Keluarga Grand Wisata","BEDAH ORTHOPEDI","SEDANG 1","Reposisi Tertutup Sendi besar"
"Mitra Keluarga Grand Wisata","BEDAH ORTHOPEDI","SEDANG 1","Revisi Stump Sendi Jari"
"Mitra Keluarga Grand Wisata","BEDAH ORTHOPEDI","SEDANG 1","Skin Graft Kecil"
"Mitra Keluarga Grand Wisata","BEDAH ORTHOPEDI","SEDANG 1","Aff K Wire tanpa Anestesi"
"Mitra Keluarga Grand Wisata","BEDAH ORTHOPEDI","SEDANG 1","Biopsi"
"Mitra Keluarga Grand Wisata","BEDAH ORTHOPEDI","SEDANG 1","Amputasi Distal dari Metatarsal (1 Jari)"
"Mitra Keluarga Grand Wisata","BEDAH ORTHOPEDI","SEDANG 1","Aplikasi Plaster Ekstremitas dan Vertebra"
"Mitra Keluarga Grand Wisata","BEDAH ORTHOPEDI","SEDANG 1","Major Desloughing, Wound Debridement of Spine"
"Mitra Keluarga Grand Wisata","BEDAH ORTHOPEDI","SEDANG 1","Synovectomy Small Joint"
"Mitra Keluarga Grand Wisata","BEDAH ORTHOPEDI","SEDANG 1","Debridement Fraktur Terbuka"
"Mitra Keluarga Grand Wisata","BEDAH ORTHOPEDI","SEDANG 1","Finger Tip Injury Single Digiti dengan Penyulit"
"Mitra Keluarga Grand Wisata","BEDAH ORTHOPEDI","SEDANG 1","Jaringan Granulasi - Split Thickness Skin Graft (STSG)"
"Mitra Keluarga Grand Wisata","BEDAH ORTHOPEDI","SEDANG 1","Finger Tip Injury 2 Jari"
"Mitra Keluarga Grand Wisata","BEDAH ORTHOPEDI","SEDANG 1","Discography 1 Level"
"Mitra Keluarga Grand Wisata","BEDAH ORTHOPEDI","SEDANG 1","Debridement Digiti"
"Mitra Keluarga Grand Wisata","BEDAH ORTHOPEDI","SEDANG 1","Drainase Infeksi Superficial"
"Mitra Keluarga Grand Wisata","BEDAH ORTHOPEDI","SEDANG 1","Crush Injury Jari"
"Mitra Keluarga Grand Wisata","BEDAH ORTHOPEDI","SEDANG 1","Tendon Sheath (Ekstremitas Atas, Ganglion/ Villo Nodular Synovitis, Excision)"
"Mitra Keluarga Grand Wisata","BEDAH ORTHOPEDI","SEDANG 1","Repair Ligamen"
"Mitra Keluarga Grand Wisata","BEDAH ORTHOPEDI","SEDANG 1","Open Biopsi Tumor Vertebra"
"Mitra Keluarga Grand Wisata","BEDAH ORTHOPEDI","SEDANG 1","Discography > 1 Level"
"Mitra Keluarga Grand Wisata","BEDAH ORTHOPEDI","SEDANG 1","Repair Nail Bed Laceration > 1 Jari"
"Mitra Keluarga Grand Wisata","BEDAH ORTHOPEDI","SEDANG 1","Tendon (Extremitas Atas), Bowstringing/Entrapment, Pulley Rekonstruksi"
"Mitra Keluarga Grand Wisata","BEDAH ORTHOPEDI","SEDANG 1","Tendon Sheath (Ekstremitas Atas, Tenosynovitis (Multiple), Drainase)"
"Mitra Keluarga Grand Wisata","BEDAH ORTHOPEDI","SEDANG 1","Intradiscal Electrothermal Therapy 1 Level (IDET)"
"Mitra Keluarga Grand Wisata","BEDAH ORTHOPEDI","SEDANG 1","Debridement dan Soft Tissue Release padaInfeksi Sendi"
"Mitra Keluarga Grand Wisata","BEDAH ORTHOPEDI","SEDANG 1","Full Thickness Skin Graft (FTSG) SingleDigiti"
"Mitra Keluarga Grand Wisata","BEDAH ORTHOPEDI","SEDANG 1","Bursektomi Mini Open"
"Mitra Keluarga Grand Wisata","BEDAH ORTHOPEDI","SEDANG 1","Decompresion of Nerve Entrapment Sindrome"
"Mitra Keluarga Grand Wisata","BEDAH ORTHOPEDI","SEDANG 1","Multiple Digit Fingertip Injury > 2 jari"
"Mitra Keluarga Grand Wisata","BEDAH ORTHOPEDI","SEDANG 1","ORIF Fracture Base Metatarsal"
"Mitra Keluarga Grand Wisata","BEDAH ORTHOPEDI","SEDANG 1","ORIF Fracture Malleoulus (Single)"
"Mitra Keluarga Grand Wisata","BEDAH ORTHOPEDI","SEDANG 1","ORIF K Wire Supracondylar Humerus Simple"
"Mitra Keluarga Grand Wisata","BEDAH ORTHOPEDI","SEDANG 1","Percutaneous Tendon Tenotomy"
"Mitra Keluarga Grand Wisata","BEDAH ORTHOPEDI","SEDANG 1","Remove Plate Screw"
"Mitra Keluarga Grand Wisata","BEDAH ORTHOPEDI","SEDANG 1","TLIF (Transforaminal Lumbar Interbody Fusion)"
"Mitra Keluarga Grand Wisata","BEDAH ORTHOPEDI","SEDANG 1","ORIF Wire Manus (Phalang, Metacarpal)"
"Mitra Keluarga Grand Wisata","BEDAH ORTHOPEDI","SEDANG 1","Radiofrekuensi Lumbal"
"Mitra Keluarga Grand Wisata","BEDAH ORTHOPEDI","SEDANG 1","Debridement ORIF Wire Digiti Manus"
"Mitra Keluarga Grand Wisata","BEDAH ORTHOPEDI","SEDANG 1","Debridement + VAC"
"Mitra Keluarga Grand Wisata","BEDAH ORTHOPEDI","SEDANG 1","Rekonstruksi Soft Tissue"
"Mitra Keluarga Grand Wisata","BEDAH ORTHOPEDI","SEDANG 1","Injeksi Intralesi"
"Mitra Keluarga Grand Wisata","BEDAH ORTHOPEDI","SEDANG 1","Red Block + Transforaminal Epidural Steroid"
"Mitra Keluarga Grand Wisata","BEDAH ORTHOPEDI","SEDANG 1","Percutaneous Pining/ Wiring"
"Mitra Keluarga Grand Wisata","BEDAH ORTHOPEDI","SEDANG 1","Wound Debridement Crush Injury"
"Mitra Keluarga Grand Wisata","BEDAH ORTHOPEDI","SEDANG 1","Marginal Excisi Bone Tumor"
"Mitra Keluarga Grand Wisata","BEDAH ORTHOPEDI","SEDANG 1","Joint Stiffness Liberation"
"Mitra Keluarga Grand Wisata","BEDAH ORTHOPEDI","SEDANG 1","Wide Excision Tumor"
"Mitra Keluarga Grand Wisata","BEDAH ORTHOPEDI","SEDANG 1","Thenar Flap"
"Mitra Keluarga Grand Wisata","BEDAH ORTHOPEDI","SEDANG 1","Fraktur Amputasi 1 - 2 Jari + Debridement"
"Mitra Keluarga Grand Wisata","BEDAH ORTHOPEDI","SEDANG 1","Tenoraphy 1 Tendon"
"Mitra Keluarga Grand Wisata","BEDAH ORTHOPEDI","SEDANG 1","Terapi Ablasi Radiofrekuensi Sendi"
"Mitra Keluarga Grand Wisata","BEDAH ORTHOPEDI","SEDANG 1","Aff Implant Kompleks"
"Mitra Keluarga Grand Wisata","BEDAH ORTHOPEDI","SEDANG 1","Aff K Wire Multiple"
"Mitra Keluarga Grand Wisata","BEDAH ORTHOPEDI","SEDANG 1","Amputasi Transmedular"
"Mitra Keluarga Grand Wisata","BEDAH ORTHOPEDI","SEDANG 1","Ray Amputasi"
"Mitra Keluarga Grand Wisata","BEDAH ORTHOPEDI","SEDANG 1","Artrodesis Sendi Kecil"
"Mitra Keluarga Grand Wisata","BEDAH ORTHOPEDI","SEDANG 1","Sacro Illiac Joint Injection"
"Mitra Keluarga Grand Wisata","BEDAH ORTHOPEDI","SEDANG 1","Spinal Facet Block"
"Mitra Keluarga Grand Wisata","BEDAH ORTHOPEDI","SEDANG 1","Spinal Epidural Injection"
"Mitra Keluarga Grand Wisata","BEDAH ORTHOPEDI","SEDANG 1","Spinal Nerve Block"
"Mitra Keluarga Grand Wisata","BEDAH ORTHOPEDI","SEDANG 1","Darrach Procedure"
"Mitra Keluarga Grand Wisata","BEDAH ORTHOPEDI","SEDANG 1","Eksisi Kista Poplitea (Kista Baker)"
"Mitra Keluarga Grand Wisata","BEDAH ORTHOPEDI","SEDANG 1","Eksisi Osteochondroma"
"Mitra Keluarga Grand Wisata","BEDAH ORTHOPEDI","SEDANG 1","Eksisi Soft Tissue Tumor Besar"
"Mitra Keluarga Grand Wisata","BEDAH ORTHOPEDI","SEDANG 1","Eksisi Tophus 2 - 3 buah"
"Mitra Keluarga Grand Wisata","BEDAH ORTHOPEDI","SEDANG 1","Eksisi Tophus 4 - 5 buah"
"Mitra Keluarga Grand Wisata","BEDAH ORTHOPEDI","SEDANG 1","Eksplorasi dan Ekstraksi Corpus Alienum"
"Mitra Keluarga Grand Wisata","BEDAH ORTHOPEDI","SEDANG 1","Fiksasi Eksterna"
"Mitra Keluarga Grand Wisata","BEDAH ORTHOPEDI","SEDANG 1","Gastrocnemius Flap"
"Mitra Keluarga Grand Wisata","BEDAH ORTHOPEDI","BESAR 1","Gluteal Flap"
"Mitra Keluarga Grand Wisata","BEDAH ORTHOPEDI","BESAR 1","Inguinal Flap"
"Mitra Keluarga Grand Wisata","BEDAH ORTHOPEDI","BESAR 1","Soleus Flap"
"Mitra Keluarga Grand Wisata","BEDAH ORTHOPEDI","BESAR 1","Open Biopsi Soft Tissue"
"Mitra Keluarga Grand Wisata","BEDAH ORTHOPEDI","BESAR 1","Open Biopsi Bone Tumor"
"Mitra Keluarga Grand Wisata","BEDAH ORTHOPEDI","BESAR 1","Open Epiphysiodesis"
"Mitra Keluarga Grand Wisata","BEDAH ORTHOPEDI","BESAR 1","Muscle Transfer or Transplantation"
"Mitra Keluarga Grand Wisata","BEDAH ORTHOPEDI","BESAR 1","ORIF Fracture Simple"
"Mitra Keluarga Grand Wisata","BEDAH ORTHOPEDI","BESAR 1","Kuretase Tumor Tulang Panjang"
"Mitra Keluarga Grand Wisata","BEDAH ORTHOPEDI","BESAR 1","Patellectomy"
"Mitra Keluarga Grand Wisata","BEDAH ORTHOPEDI","BESAR 1","Rekonstruksi Distal Radio Ulnar Joint"
"Mitra Keluarga Grand Wisata","BEDAH ORTHOPEDI","BESAR 1","Rekonstruksi Polidaktili (Bilhaut Cloquet)"
"Mitra Keluarga Grand Wisata","BEDAH ORTHOPEDI","BESAR 1","Reseksi + Rekonstruksi Tumor Tulang Jari"
"Mitra Keluarga Grand Wisata","BEDAH ORTHOPEDI","BESAR 1","Release Carpal Tunnel"
"Mitra Keluarga Grand Wisata","BEDAH ORTHOPEDI","BESAR 1","Release Constriction Band"
"Mitra Keluarga Grand Wisata","BEDAH ORTHOPEDI","BESAR 1","Release Dupuytren Contracture"
"Mitra Keluarga Grand Wisata","BEDAH ORTHOPEDI","BESAR 1","Release Kontraktur Sendi Besar"
"Mitra Keluarga Grand Wisata","BEDAH ORTHOPEDI","BESAR 1","Release Sindaktili"
"Mitra Keluarga Grand Wisata","BEDAH ORTHOPEDI","BESAR 1","Release Torticolis Bipolar"
"Mitra Keluarga Grand Wisata","BEDAH ORTHOPEDI","BESAR 1","Release/ Decompression Peripheral Nerve"
"Mitra Keluarga Grand Wisata","BEDAH ORTHOPEDI","BESAR 1","Sciatic Nerve Release/ Decompression"
"Mitra Keluarga Grand Wisata","BEDAH ORTHOPEDI","BESAR 1","Soft Tissue Release CTEV"
"Mitra Keluarga Grand Wisata","BEDAH ORTHOPEDI","BESAR 1","Repair Hallux Valgus"
"Mitra Keluarga Grand Wisata","BEDAH ORTHOPEDI","BESAR 1","Repair Hammer Toe"
"Mitra Keluarga Grand Wisata","BEDAH ORTHOPEDI","BESAR 1","Repair Mallet Finger"
"Mitra Keluarga Grand Wisata","BEDAH ORTHOPEDI","BESAR 1","Repair Medial Patello Femoral Ligament (MPFL)"
"Mitra Keluarga Grand Wisata","BEDAH ORTHOPEDI","BESAR 1","Repair Nerve Perifer"
"Mitra Keluarga Grand Wisata","BEDAH ORTHOPEDI","BESAR 1","Repair Peripheral Nerve Grafting"
"Mitra Keluarga Grand Wisata","BEDAH ORTHOPEDI","BESAR 1","Repair Tendon Kompleks atau > 2"
"Mitra Keluarga Grand Wisata","BEDAH ORTHOPEDI","BESAR 1","Repair Vaskuler Perifer"
"Mitra Keluarga Grand Wisata","BEDAH ORTHOPEDI","BESAR 1","Open Reduction Dislokasi Sendi Jari"
"Mitra Keluarga Grand Wisata","BEDAH ORTHOPEDI","BESAR 1","Revisi Stump Sendi Besar"
"Mitra Keluarga Grand Wisata","BEDAH ORTHOPEDI","BESAR 1","Skin Graft Besar/ Luas"
"Mitra Keluarga Grand Wisata","BEDAH ORTHOPEDI","BESAR 1","Synovectomy Major Joint"
"Mitra Keluarga Grand Wisata","BEDAH ORTHOPEDI","BESAR 1","Staged Local Flap Multiple Digit"
"Mitra Keluarga Grand Wisata","BEDAH ORTHOPEDI","BESAR 1","Bursektomi Mini Open dengan Penyulit"
"Mitra Keluarga Grand Wisata","BEDAH ORTHOPEDI","BESAR 1","Amputasi Distal dari Metacarpal > 1 Jari"
"Mitra Keluarga Grand Wisata","BEDAH ORTHOPEDI","BESAR 1","Closed Reduction dengan Penyulit"
"Mitra Keluarga Grand Wisata","BEDAH ORTHOPEDI","BESAR 1","Finger Tip Injury > 2 Jari"
"Mitra Keluarga Grand Wisata","BEDAH ORTHOPEDI","BESAR 1","Repair Vaskuler Besar dengan Graft"
"Mitra Keluarga Grand Wisata","BEDAH ORTHOPEDI","BESAR 1","Syme'S Amputation"
"Mitra Keluarga Grand Wisata","BEDAH ORTHOPEDI","BESAR 1","Mipo Sederhana"
"Mitra Keluarga Grand Wisata","BEDAH ORTHOPEDI","BESAR 1","Tenotomy dengan Kontraktur"
"Mitra Keluarga Grand Wisata","BEDAH ORTHOPEDI","BESAR 1","Debridement dan Soft Tissue Release pada Infeksi Sendi"
"Mitra Keluarga Grand Wisata","BEDAH ORTHOPEDI","BESAR 1","Repair Single Nerve Major"
"Mitra Keluarga Grand Wisata","BEDAH ORTHOPEDI","BESAR 1","Ray Amputasi Jari"
"Mitra Keluarga Grand Wisata","BEDAH ORTHOPEDI","BESAR 1","Repair Arteri Besar dengan Graft"
"Mitra Keluarga Grand Wisata","BEDAH ORTHOPEDI","BESAR 1","Ekstraksi Loose Bodies dengan Penyulit"
"Mitra Keluarga Grand Wisata","BEDAH ORTHOPEDI","BESAR 1","Microsurgery Repair Digital Nerve (Single)"
"Mitra Keluarga Grand Wisata","BEDAH ORTHOPEDI","BESAR 1","Arthroplasty Small Joint dengan Penyulit"
"Mitra Keluarga Grand Wisata","BEDAH ORTHOPEDI","BESAR 1","Bone Graft"
"Mitra Keluarga Grand Wisata","BEDAH ORTHOPEDI","BESAR 1","Closed Reduction Internal Fixation (CRIF) K Wire Colles"
"Mitra Keluarga Grand Wisata","BEDAH ORTHOPEDI","BESAR 1","Debridement, Nekrotomy dan Saucerizationpada Chronic Osteomyelitis"
"Mitra Keluarga Grand Wisata","BEDAH ORTHOPEDI","BESAR 1","ORIF Bimaleolus"
"Mitra Keluarga Grand Wisata","BEDAH ORTHOPEDI","BESAR 1","ORIF K Wire Supracondylar Humerus + Penyulit"
"Mitra Keluarga Grand Wisata","BEDAH ORTHOPEDI","BESAR 1","ORIF Fracture Radius Ulna"
"Mitra Keluarga Grand Wisata","BEDAH ORTHOPEDI","BESAR 1","ORIF Fracture Tibia Fibula"
"Mitra Keluarga Grand Wisata","BEDAH ORTHOPEDI","BESAR 1","Posteromedial Soft Tissue Release CTEV"
"Mitra Keluarga Grand Wisata","BEDAH ORTHOPEDI","BESAR 1","Remove Plate Screw + Penyulit"
"Mitra Keluarga Grand Wisata","BEDAH ORTHOPEDI","BESAR 1","Repair Tendon/ Syaraf/ Vaskular (Single)"
"Mitra Keluarga Grand Wisata","BEDAH ORTHOPEDI","BESAR 1","Reposisi Terbuka dan Fiksasi Interna pada Kasus Salter - Harris III, dan IV"
"Mitra Keluarga Grand Wisata","BEDAH ORTHOPEDI","BESAR 1","ORIF with Wires and Screw"
"Mitra Keluarga Grand Wisata","BEDAH ORTHOPEDI","BESAR 1","ORIF LCP Plate"
"Mitra Keluarga Grand Wisata","BEDAH ORTHOPEDI","BESAR 1","ORIF Supracondylar Femur Single"
"Mitra Keluarga Grand Wisata","BEDAH ORTHOPEDI","BESAR 1","ORIF Tibial Plateau Single Plate"
"Mitra Keluarga Grand Wisata","BEDAH ORTHOPEDI","BESAR 1","ORIF Supracondylar Humerus Double Plate"
"Mitra Keluarga Grand Wisata","BEDAH ORTHOPEDI","BESAR 1","Fiksasi (ORIF) Double Plate"
"Mitra Keluarga Grand Wisata","BEDAH ORTHOPEDI","BESAR 1","ORIF Jari Cominutif"
"Mitra Keluarga Grand Wisata","BEDAH ORTHOPEDI","BESAR 1","Ligament Repair Ankle Joint Patella Shrinkage"
"Mitra Keluarga Grand Wisata","BEDAH ORTHOPEDI","BESAR 1","Selective Nerve Root Block (SNRB)"
"Mitra Keluarga Grand Wisata","BEDAH ORTHOPEDI","BESAR 1","ORIF Wire Clavicula"
"Mitra Keluarga Grand Wisata","BEDAH ORTHOPEDI","BESAR 1","ORIF Plate and Screw Clavicula"
"Mitra Keluarga Grand Wisata","BEDAH ORTHOPEDI","BESAR 1","Amputasi Small Limb/ Joint"
"Mitra Keluarga Grand Wisata","BEDAH ORTHOPEDI","BESAR 1","ORIF Tension Band Wiring Patella"
"Mitra Keluarga Grand Wisata","BEDAH ORTHOPEDI","BESAR 1","ORIF Malleolus (Single) + Penyulit"
"Mitra Keluarga Grand Wisata","BEDAH ORTHOPEDI","BESAR 1","Multiple Flexor Tendon Repair"
"Mitra Keluarga Grand Wisata","BEDAH ORTHOPEDI","BESAR 1","ORIF Tibia Proximal/ Distal"
"Mitra Keluarga Grand Wisata","BEDAH ORTHOPEDI","BESAR 1","ORIF Femur Distal"
"Mitra Keluarga Grand Wisata","BEDAH ORTHOPEDI","BESAR 1","Rekonstruksi Kontraktur"
"Mitra Keluarga Grand Wisata","BEDAH ORTHOPEDI","BESAR 1","Pasang K-Wire 2-3 Jari"
"Mitra Keluarga Grand Wisata","BEDAH ORTHOPEDI","BESAR 1","Fraktur Amputasi ≥ 3 Jari + Debridement"
"Mitra Keluarga Grand Wisata","BEDAH ORTHOPEDI","BESAR 1","Artrodesis Sendi Besar"
"Mitra Keluarga Grand Wisata","BEDAH ORTHOPEDI","BESAR 1","Triple Artrodesis"
"Mitra Keluarga Grand Wisata","BEDAH ORTHOPEDI","BESAR 1","Crush Injury Manus/ Pedis (Fracture > 2Jari + Fracture + Ruptur Tendon)"
"Mitra Keluarga Grand Wisata","BEDAH ORTHOPEDI","BESAR 1","Debridement of Infected Joint Replacement"
"Mitra Keluarga Grand Wisata","BEDAH ORTHOPEDI","BESAR 1","Debridement Osteomielitis"
"Mitra Keluarga Grand Wisata","BEDAH ORTHOPEDI","BESAR 1","Medial Patello Femoral Ligament (MPFL) Reconstruction"
"Mitra Keluarga Grand Wisata","BEDAH ORTHOPEDI","BESAR 1","Patellofemoral Realignment"
"Mitra Keluarga Grand Wisata","BEDAH ORTHOPEDI","BESAR 1","Tendon Transfer > 2 buah"
"Mitra Keluarga Grand Wisata","BEDAH ORTHOPEDI","BESAR 1","ORIF Fracture Kompleks/ K Nail/ Interlocking Nail"
"Mitra Keluarga Grand Wisata","BEDAH ORTHOPEDI","BESAR 1","Femur Osteotomi"
"Mitra Keluarga Grand Wisata","BEDAH ORTHOPEDI","BESAR 1","Korektif Osteotomi"
"Mitra Keluarga Grand Wisata","BEDAH ORTHOPEDI","BESAR 1","Tibia Osteotomi"
"Mitra Keluarga Grand Wisata","BEDAH ORTHOPEDI","BESAR 1","Rekonstruksi Tulang CTEV"
"Mitra Keluarga Grand Wisata","BEDAH ORTHOPEDI","BESAR 1","Rekonstruksi Defect Tulang dengan Bone Graft"
"Mitra Keluarga Grand Wisata","BEDAH ORTHOPEDI","BESAR 1","Repair Tendon Achilles"
"Mitra Keluarga Grand Wisata","BEDAH ORTHOPEDI","BESAR 1","Rekonstruksi Tendon Achilles"
"Mitra Keluarga Grand Wisata","BEDAH ORTHOPEDI","BESAR 2","Repair Tendon Patella"
"Mitra Keluarga Grand Wisata","BEDAH ORTHOPEDI","BESAR 2","Open Reduction Dislokasi Sendi Besar"
"Mitra Keluarga Grand Wisata","BEDAH ORTHOPEDI","BESAR 2","Derotational Arthroplasty"
"Mitra Keluarga Grand Wisata","BEDAH ORTHOPEDI","BESAR 2","Girdlestone Arthroplasty"
"Mitra Keluarga Grand Wisata","BEDAH ORTHOPEDI","BESAR 2","ORIF Fracture Kompleks"
"Mitra Keluarga Grand Wisata","BEDAH ORTHOPEDI","BESAR 2","ORIF dengan K Nail"
"Mitra Keluarga Grand Wisata","BEDAH ORTHOPEDI","BESAR 2","ORIF dengan Interlocking Nail"
"Mitra Keluarga Grand Wisata","BEDAH ORTHOPEDI","BESAR 2","Aff K Wire Close + Reduction"
"Mitra Keluarga Grand Wisata","BEDAH ORTHOPEDI","BESAR 2","Rekonstuksi Manus dengan Penyulit"
"Mitra Keluarga Grand Wisata","BEDAH ORTHOPEDI","BESAR 2","Arthroscopy Wrist Joint"
"Mitra Keluarga Grand Wisata","BEDAH ORTHOPEDI","BESAR 2","Reduksi Fraktur Simple dan Dislokasi dengan Anestesi Umum"
"Mitra Keluarga Grand Wisata","BEDAH ORTHOPEDI","BESAR 2","Cubital Periarthroscopy"
"Mitra Keluarga Grand Wisata","BEDAH ORTHOPEDI","BESAR 2","Repair Tendon Achilles Kompleks"
"Mitra Keluarga Grand Wisata","BEDAH ORTHOPEDI","BESAR 2","Crush Injury Lengan"
"Mitra Keluarga Grand Wisata","BEDAH ORTHOPEDI","BESAR 2","Haglund Osteotomy"
"Mitra Keluarga Grand Wisata","BEDAH ORTHOPEDI","BESAR 2","ORIF Fracture Tulang Panjang pada Anak"
"Mitra Keluarga Grand Wisata","BEDAH ORTHOPEDI","BESAR 2","Repair Ligamen dengan Penyulit"
"Mitra Keluarga Grand Wisata","BEDAH ORTHOPEDI","BESAR 2","Repair Vaskuler Besar dengan Graft dan Penyulit"
"Mitra Keluarga Grand Wisata","BEDAH ORTHOPEDI","BESAR 2","Syme'S Amputation dengan Penyulit"
"Mitra Keluarga Grand Wisata","BEDAH ORTHOPEDI","BESAR 2","Rekonstruksi Patela dengan Penyulit"
"Mitra Keluarga Grand Wisata","BEDAH ORTHOPEDI","BESAR 2","Major Excision of Malignant Tumor dengan Penyulit"
"Mitra Keluarga Grand Wisata","BEDAH ORTHOPEDI","BESAR 2","Major Soft Tissue Muscle dan Tendon Release in Deformities of Cerebral Plasty + Penyulit"
"Mitra Keluarga Grand Wisata","BEDAH ORTHOPEDI","BESAR 2","Mipo Kompleks"
"Mitra Keluarga Grand Wisata","BEDAH ORTHOPEDI","BESAR 2","Microsurgery Repair Digital Nerve (Multiple)"
"Mitra Keluarga Grand Wisata","BEDAH ORTHOPEDI","BESAR 2","Jari, Deformity, Intrinsic Muscle Release/ Tranfer/ Extensor Relocation"
"Mitra Keluarga Grand Wisata","BEDAH ORTHOPEDI","BESAR 2","Jari, Deformities, Major Reconstructive Procedure"
"Mitra Keluarga Grand Wisata","BEDAH ORTHOPEDI","BESAR 2","Sendi (Jari), Various Lesions, Replacement Arthroplasty"
"Mitra Keluarga Grand Wisata","BEDAH ORTHOPEDI","BESAR 2","Multiple Nerve Repair Kompleks"
"Mitra Keluarga Grand Wisata","BEDAH ORTHOPEDI","BESAR 2","Nerve Grafting, Interfascicular Repair and Neuromuscular Transfer"
"Mitra Keluarga Grand Wisata","BEDAH ORTHOPEDI","BESAR 2","Amputation of The Arm, Fore Arm, Below Knee, and Above Knee"
"Mitra Keluarga Grand Wisata","BEDAH ORTHOPEDI","BESAR 2","Bony Bridge Release pada Kasus Tarsal Coalition Discograph (1 Level)"
"Mitra Keluarga Grand Wisata","BEDAH ORTHOPEDI","BESAR 2","Bony Reconstruction pada Ekstremitas Bawah Anak"
"Mitra Keluarga Grand Wisata","BEDAH ORTHOPEDI","BESAR 2","Locking Proximal Humerus Plate (LPHP)"
"Mitra Keluarga Grand Wisata","BEDAH ORTHOPEDI","BESAR 2","Multiple Nerve Repair (Eg. Brachial, Plexus Injury)"
"Mitra Keluarga Grand Wisata","BEDAH ORTHOPEDI","BESAR 2","Negletica Achilles Tendon Repair"
"Mitra Keluarga Grand Wisata","BEDAH ORTHOPEDI","BESAR 2","Operasi Rekonstruksi Ibu Jari Kaki pada Halux Valgus"
"Mitra Keluarga Grand Wisata","BEDAH ORTHOPEDI","BESAR 2","ORIF Fracture Plate Khusus"
"Mitra Keluarga Grand Wisata","BEDAH ORTHOPEDI","BESAR 2","Osteotomy (Bowing, Pseudo Arthrosis)"
"Mitra Keluarga Grand Wisata","BEDAH ORTHOPEDI","BESAR 2","Rekonstruksi Dislokasi Shoulder Mini Open"
"Mitra Keluarga Grand Wisata","BEDAH ORTHOPEDI","BESAR 2","Rekonstruksi Rotator Cuff"
"Mitra Keluarga Grand Wisata","BEDAH ORTHOPEDI","BESAR 2","Removal of Spine Implants"
"Mitra Keluarga Grand Wisata","BEDAH ORTHOPEDI","BESAR 2","Repair Rotator Cuff"
"Mitra Keluarga Grand Wisata","BEDAH ORTHOPEDI","BESAR 2","Revision Hand Surgery"
"Mitra Keluarga Grand Wisata","BEDAH ORTHOPEDI","BESAR 2","Soft Tissue Release dan Enhancement pada Kasus Fraktur Habitual"
"Mitra Keluarga Grand Wisata","BEDAH ORTHOPEDI","BESAR 2","Soft Tissue Release pada Kelainan Cerebral Palsy, Arhtogryposis, Spina Bifida"
"Mitra Keluarga Grand Wisata","BEDAH ORTHOPEDI","BESAR 2","ORIF Jari Miniplate"
"Mitra Keluarga Grand Wisata","BEDAH ORTHOPEDI","BESAR 2","ORIF Fracture Intra Artikuler Sederhana"
"Mitra Keluarga Grand Wisata","BEDAH ORTHOPEDI","BESAR 2","ORIF Fracture Clavicula Comminutive"
"Mitra Keluarga Grand Wisata","BEDAH ORTHOPEDI","BESAR 2","ORIF Tibial Plateau Cominutif"
"Mitra Keluarga Grand Wisata","BEDAH ORTHOPEDI","BESAR 2","Operation on The Clavicle, Acromion, AC Joint"
"Mitra Keluarga Grand Wisata","BEDAH ORTHOPEDI","BESAR 2","Multiple Screwing Simple Collum Femur"
"Mitra Keluarga Grand Wisata","BEDAH ORTHOPEDI","BESAR 2","Skin Flap Multiple"
"Mitra Keluarga Grand Wisata","BEDAH ORTHOPEDI","BESAR 2","Fracture Distal Plateau Komplek"
"Mitra Keluarga Grand Wisata","BEDAH ORTHOPEDI","BESAR 2","Mozaic Plasty Surgery"
"Mitra Keluarga Grand Wisata","BEDAH ORTHOPEDI","BESAR 2","Locking Nailing (Humerus, Femur, Tibia)"
"Mitra Keluarga Grand Wisata","BEDAH ORTHOPEDI","BESAR 2","Acromioplasty Arthroscopy"
"Mitra Keluarga Grand Wisata","BEDAH ORTHOPEDI","BESAR 2","Corrective Surgery for Bone, Joint Deformities"
"Mitra Keluarga Grand Wisata","BEDAH ORTHOPEDI","BESAR 2","Single Flexor Tendon Grafting"
"Mitra Keluarga Grand Wisata","BEDAH ORTHOPEDI","BESAR 2","Other Arthrotomy"
"Mitra Keluarga Grand Wisata","BEDAH ORTHOPEDI","BESAR 2","Rekonstruksi Sendi"
"Mitra Keluarga Grand Wisata","BEDAH ORTHOPEDI","BESAR 2","Amputasi Large Limb/ Joint"
"Mitra Keluarga Grand Wisata","BEDAH ORTHOPEDI","BESAR 2","Elbow Arthroscopy"
"Mitra Keluarga Grand Wisata","BEDAH ORTHOPEDI","BESAR 2","Release Contracture per Arthroscopy"
"Mitra Keluarga Grand Wisata","BEDAH ORTHOPEDI","BESAR 2","ORIF Trimaleolus"
"Mitra Keluarga Grand Wisata","BEDAH ORTHOPEDI","BESAR 2","Arthroscopy Knee"
"Mitra Keluarga Grand Wisata","BEDAH ORTHOPEDI","BESAR 2","OREF"
"Mitra Keluarga Grand Wisata","BEDAH ORTHOPEDI","BESAR 2","ORIF Tibia Proximal/ Distal + Penyulit"
"Mitra Keluarga Grand Wisata","BEDAH ORTHOPEDI","BESAR 2","ORIF Femur Distal + Penyulit"
"Mitra Keluarga Grand Wisata","BEDAH ORTHOPEDI","BESAR 2","Abdominal Flap"
"Mitra Keluarga Grand Wisata","BEDAH ORTHOPEDI","BESAR 2","Pasang K-Wire ≥ 4 Jari"
"Mitra Keluarga Grand Wisata","BEDAH ORTHOPEDI","BESAR 2","Foraminotomy (Posterior Approach Spondylitis)"
"Mitra Keluarga Grand Wisata","BEDAH ORTHOPEDI","BESAR 2","Fiksasi Eksterna Kompleks"
"Mitra Keluarga Grand Wisata","BEDAH ORTHOPEDI","BESAR 2","Amputasi Forequarter"
"Mitra Keluarga Grand Wisata","BEDAH ORTHOPEDI","BESAR 2","Amputasi Hindquarter"
"Mitra Keluarga Grand Wisata","BEDAH ORTHOPEDI","BESAR 2","Eksisi Tophus > 5 buah"
"Mitra Keluarga Grand Wisata","BEDAH ORTHOPEDI","BESAR 2","Pasang C Clamp Pelvis"
"Mitra Keluarga Grand Wisata","BEDAH ORTHOPEDI","BESAR 2","Free Flap Transfer"
"Mitra Keluarga Grand Wisata","BEDAH ORTHOPEDI","BESAR 2","ORIF Fracture Intertrochanter Femur"
"Mitra Keluarga Grand Wisata","BEDAH ORTHOPEDI","BESAR 2","ORIF Fracture Lama/ Malunion/ Nonunion/Neglected"
"Mitra Keluarga Grand Wisata","BEDAH ORTHOPEDI","BESAR 2","Pelvis Osteotomi"
"Mitra Keluarga Grand Wisata","BEDAH ORTHOPEDI","BESAR 2","ReseksI + Rekonstruksi Tumor Tulang Panjang"
"Mitra Keluarga Grand Wisata","BEDAH ORTHOPEDI","BESAR 2","Reseksi Tumor Tulang Panjang + Fiksasi"
"Mitra Keluarga Grand Wisata","BEDAH ORTHOPEDI","BESAR 2","Repair LCL/ MCL"
"Mitra Keluarga Grand Wisata","BEDAH ORTHOPEDI","BESAR 2","Open Reduction Dislokasi Sendi Besar Kasus Lama"
"Mitra Keluarga Grand Wisata","BEDAH ORTHOPEDI","BESAR 2","Bankhart Procedure"
"Mitra Keluarga Grand Wisata","BEDAH ORTHOPEDI","BESAR 2","Bristow Latarjet Procedure"
"Mitra Keluarga Grand Wisata","BEDAH ORTHOPEDI","BESAR 2","Acromioplasty"
"Mitra Keluarga Grand Wisata","BEDAH ORTHOPEDI","BESAR 2","Arthroscopy Diagnostic Shoulder"
"Mitra Keluarga Grand Wisata","BEDAH ORTHOPEDI","BESAR 2","Acromioclavicular (AC) Joint Reconstruction"
"Mitra Keluarga Grand Wisata","BEDAH ORTHOPEDI","BESAR 2","Subacrominal Decompression"
"Mitra Keluarga Grand Wisata","BEDAH ORTHOPEDI","BESAR 2","Arthroscopy Debridement"
"Mitra Keluarga Grand Wisata","BEDAH ORTHOPEDI","BESAR 2","Lateral Plica Release"
"Mitra Keluarga Grand Wisata","BEDAH ORTHOPEDI","KHUSUS 1","Meniscus Repair/ Menisectomy"
"Mitra Keluarga Grand Wisata","BEDAH ORTHOPEDI","KHUSUS 1","Medial Plica Release"
"Mitra Keluarga Grand Wisata","BEDAH ORTHOPEDI","KHUSUS 1","Microfracture Technique"
"Mitra Keluarga Grand Wisata","BEDAH ORTHOPEDI","KHUSUS 1","Arthroscopic Fracture Fixation"
"Mitra Keluarga Grand Wisata","BEDAH ORTHOPEDI","KHUSUS 1","Medial Collateral Ligament (MCL) Reconstruction"
"Mitra Keluarga Grand Wisata","BEDAH ORTHOPEDI","KHUSUS 1","Acetabuloplasty"
"Mitra Keluarga Grand Wisata","BEDAH ORTHOPEDI","KHUSUS 1","Debridement + Hardware Removal of Infected Joint Replacement"
"Mitra Keluarga Grand Wisata","BEDAH ORTHOPEDI","KHUSUS 1","Hemiarthroplasty"
"Mitra Keluarga Grand Wisata","BEDAH ORTHOPEDI","KHUSUS 1","Mosaic Chondroplasty"
"Mitra Keluarga Grand Wisata","BEDAH ORTHOPEDI","KHUSUS 1","ORIF dengan Interlocking Nail dengan Penyulit"
"Mitra Keluarga Grand Wisata","BEDAH ORTHOPEDI","KHUSUS 1","Major Desloughing, Wound Debridement"
"Mitra Keluarga Grand Wisata","BEDAH ORTHOPEDI","KHUSUS 1","Revision Arthroscopic Surgery"
"Mitra Keluarga Grand Wisata","BEDAH ORTHOPEDI","KHUSUS 1","Revision Spine Surgery"
"Mitra Keluarga Grand Wisata","BEDAH ORTHOPEDI","KHUSUS 1","ORIF Pelvis dengan Penyulit"
"Mitra Keluarga Grand Wisata","BEDAH ORTHOPEDI","KHUSUS 1","Operasi Plif dengan Penyulit"
"Mitra Keluarga Grand Wisata","BEDAH ORTHOPEDI","KHUSUS 1","Rekonstruksi Dislokasi Shoulder Mini Open dengan Penyulit"
"Mitra Keluarga Grand Wisata","BEDAH ORTHOPEDI","KHUSUS 1","Hemiarthroplasty Bipolar dengan Penyulit"
"Mitra Keluarga Grand Wisata","BEDAH ORTHOPEDI","KHUSUS 1","Arthroscopy Ankle dengan Penyulit"
"Mitra Keluarga Grand Wisata","BEDAH ORTHOPEDI","KHUSUS 1","Arthroscopy Wrist Joint dengan Penyulit"
"Mitra Keluarga Grand Wisata","BEDAH ORTHOPEDI","KHUSUS 1","Fasciotomi dengan Penyulit"
"Mitra Keluarga Grand Wisata","BEDAH ORTHOPEDI","KHUSUS 1","Facet Block (1 Level)"
"Mitra Keluarga Grand Wisata","BEDAH ORTHOPEDI","KHUSUS 1","Biopsi Vertebra (1 Level)"
"Mitra Keluarga Grand Wisata","BEDAH ORTHOPEDI","KHUSUS 1","Excision Arthroplasty of Small Joint"
"Mitra Keluarga Grand Wisata","BEDAH ORTHOPEDI","KHUSUS 1","Skin Graft (Panjang + Lebar < 20 cm)"
"Mitra Keluarga Grand Wisata","BEDAH ORTHOPEDI","KHUSUS 1","Vertebroplasty"
"Mitra Keluarga Grand Wisata","BEDAH ORTHOPEDI","KHUSUS 1","Carpus, Fracture/ Dislocation, Reduksi Terbuka dan Fixaxi Interna"
"Mitra Keluarga Grand Wisata","BEDAH ORTHOPEDI","KHUSUS 1","Crush Injury Kompleks"
"Mitra Keluarga Grand Wisata","BEDAH ORTHOPEDI","KHUSUS 1","Mozaic Plasty dengan Penyulit"
"Mitra Keluarga Grand Wisata","BEDAH ORTHOPEDI","KHUSUS 1","Repair Tendon Multiple"
"Mitra Keluarga Grand Wisata","BEDAH ORTHOPEDI","KHUSUS 1","ORIF Calcaneus dengan Penyulit"
"Mitra Keluarga Grand Wisata","BEDAH ORTHOPEDI","KHUSUS 1","Chondroplasty dengan Penyulit"
"Mitra Keluarga Grand Wisata","BEDAH ORTHOPEDI","KHUSUS 1","Shrinkage Acl dengan Penyulit"
"Mitra Keluarga Grand Wisata","BEDAH ORTHOPEDI","KHUSUS 1","Locking Proximal Humerus Plate dengan Penyulit"
"Mitra Keluarga Grand Wisata","BEDAH ORTHOPEDI","KHUSUS 1","Reconstructive Procedure of Shoulder + Penyulit"
"Mitra Keluarga Grand Wisata","BEDAH ORTHOPEDI","KHUSUS 1","Reconstructive Surgery of Pattelar Habitual Dislocation + Penyulit"
"Mitra Keluarga Grand Wisata","BEDAH ORTHOPEDI","KHUSUS 1","Triple Artrodesis dengan Penyulit"
"Mitra Keluarga Grand Wisata","BEDAH ORTHOPEDI","KHUSUS 1","Arthroscopy Partial Meniscectomy, Loose Bodies Removal dengan Penyulit"
"Mitra Keluarga Grand Wisata","BEDAH ORTHOPEDI","KHUSUS 1","Repair ACL"
"Mitra Keluarga Grand Wisata","BEDAH ORTHOPEDI","KHUSUS 1","Repair PCL"
"Mitra Keluarga Grand Wisata","BEDAH ORTHOPEDI","KHUSUS 1","Debridement dan Anterior Fusion in TB Spine (without Implant)"
"Mitra Keluarga Grand Wisata","BEDAH ORTHOPEDI","KHUSUS 1","Debridement dan Anterior Fusion in TB Spine + Stabilization"
"Mitra Keluarga Grand Wisata","BEDAH ORTHOPEDI","KHUSUS 1","HIP Disarculation, Shoulder Disarticulation, Hemiarthroplasty"
"Mitra Keluarga Grand Wisata","BEDAH ORTHOPEDI","KHUSUS 1","Less Invasive Stabillitation System (LISS)"
"Mitra Keluarga Grand Wisata","BEDAH ORTHOPEDI","KHUSUS 1","Ligamen Reconstructive Surgery, Arthroscopic Assisted/ Guided"
"Mitra Keluarga Grand Wisata","BEDAH ORTHOPEDI","KHUSUS 1","Limb Leg Inequality - Bone Lengthening Transport"
"Mitra Keluarga Grand Wisata","BEDAH ORTHOPEDI","KHUSUS 1","Limb Lengthening/ Operasi Rekonstruksi pada Anak yang Menggunakan Alat Khusus"
"Mitra Keluarga Grand Wisata","BEDAH ORTHOPEDI","KHUSUS 1","Multiple Tendon Grafting"
"Mitra Keluarga Grand Wisata","BEDAH ORTHOPEDI","KHUSUS 1","Multiple Tendon Transfer"
"Mitra Keluarga Grand Wisata","BEDAH ORTHOPEDI","KHUSUS 1","Open Disectomy (1 Level)"
"Mitra Keluarga Grand Wisata","BEDAH ORTHOPEDI","KHUSUS 1","Open Door Laminoplasty"
"Mitra Keluarga Grand Wisata","BEDAH ORTHOPEDI","KHUSUS 1","Open Reduction Dislokasi Panggul dengan Acetabuloplasty"
"Mitra Keluarga Grand Wisata","BEDAH ORTHOPEDI","KHUSUS 1","Operation Flat Foot"
"Mitra Keluarga Grand Wisata","BEDAH ORTHOPEDI","KHUSUS 1","ORIF Acetabulum dan Pelvis"
"Mitra Keluarga Grand Wisata","BEDAH ORTHOPEDI","KHUSUS 1","ORIF Fracture Intra Artikular Kompleks"
"Mitra Keluarga Grand Wisata","BEDAH ORTHOPEDI","KHUSUS 1","Posterior Lumbar Interbody Fusion (PLIF)"
"Mitra Keluarga Grand Wisata","BEDAH ORTHOPEDI","KHUSUS 1","Posterolateral Fusion/ Alartransverse Fusion"
"Mitra Keluarga Grand Wisata","BEDAH ORTHOPEDI","KHUSUS 1","Rekonstruksi Panggul pada Bladder Eksthropy"
"Mitra Keluarga Grand Wisata","BEDAH ORTHOPEDI","KHUSUS 1","Spinal Osteotomy for Ankylosing Spondylitis"
"Mitra Keluarga Grand Wisata","BEDAH ORTHOPEDI","KHUSUS 1","Total Disc Replacement (1 Level)"
"Mitra Keluarga Grand Wisata","BEDAH ORTHOPEDI","KHUSUS 1","Bankhart Procedure Arthroscopy"
"Mitra Keluarga Grand Wisata","BEDAH ORTHOPEDI","KHUSUS 1","Knee Joint Recontruction"
"Mitra Keluarga Grand Wisata","BEDAH ORTHOPEDI","KHUSUS 1","Fracture Tibial Plateau Condylus"
"Mitra Keluarga Grand Wisata","BEDAH ORTHOPEDI","KHUSUS 1","Dynamic Hip Screw (DHS)"
"Mitra Keluarga Grand Wisata","BEDAH ORTHOPEDI","KHUSUS 1","Hemi Hip Replacement"
"Mitra Keluarga Grand Wisata","BEDAH ORTHOPEDI","KHUSUS 1","Ulnar Collateral Ligament (UCL) Reconstruction"
"Mitra Keluarga Grand Wisata","BEDAH ORTHOPEDI","KHUSUS 1","Radial Collateral Ligament (RCL) Reconstruction"
"Mitra Keluarga Grand Wisata","BEDAH ORTHOPEDI","KHUSUS 1","Arthroscopy + Repair Meniscus"
"Mitra Keluarga Grand Wisata","BEDAH ORTHOPEDI","KHUSUS 1","OREF + Penyulit"
"Mitra Keluarga Grand Wisata","BEDAH ORTHOPEDI","KHUSUS 1","Ankle ATFL Recontruction"
"Mitra Keluarga Grand Wisata","BEDAH ORTHOPEDI","KHUSUS 1","Reseksi + Rekonstruksi Tumor Muskuloskeletal"
"Mitra Keluarga Grand Wisata","BEDAH ORTHOPEDI","KHUSUS 1","ORIF Fracture Acetabulum"
"Mitra Keluarga Grand Wisata","BEDAH ORTHOPEDI","KHUSUS 1","ORIF Fracture Pelvis"
"Mitra Keluarga Grand Wisata","BEDAH ORTHOPEDI","KHUSUS 1","Biceps Tendon Repair"
"Mitra Keluarga Grand Wisata","BEDAH ORTHOPEDI","KHUSUS 1","Labrum Repair"
"Mitra Keluarga Grand Wisata","BEDAH ORTHOPEDI","KHUSUS 1","Rotator Cuff Repair by Arthroscopy"
"Mitra Keluarga Grand Wisata","BEDAH ORTHOPEDI","KHUSUS 1","SLAP (Superior Labrum Anterior and Posterior) Lesion Repair"
"Mitra Keluarga Grand Wisata","BEDAH ORTHOPEDI","KHUSUS 1","Scoliosis Surgery"
"Mitra Keluarga Grand Wisata","BEDAH ORTHOPEDI","KHUSUS 1","Spine Anterior Debridement"
"Mitra Keluarga Grand Wisata","BEDAH ORTHOPEDI","KHUSUS 1","Spine Posterior Debridement"
"Mitra Keluarga Grand Wisata","BEDAH ORTHOPEDI","KHUSUS 1","Spine Discectomy"
"Mitra Keluarga Grand Wisata","BEDAH ORTHOPEDI","KHUSUS 1","Spine Fusion"
"Mitra Keluarga Grand Wisata","BEDAH ORTHOPEDI","KHUSUS 1","Spine Disc Replacement"
"Mitra Keluarga Grand Wisata","BEDAH ORTHOPEDI","KHUSUS 1","Spine Decompression"
"Mitra Keluarga Grand Wisata","BEDAH ORTHOPEDI","KHUSUS 1","Spine Instrumentation"
"Mitra Keluarga Grand Wisata","BEDAH ORTHOPEDI","KHUSUS 1","Hip Arthroscopy"
"Mitra Keluarga Grand Wisata","BEDAH ORTHOPEDI","KHUSUS 1","Anterior Cruciate Ligament (ACL) Reconstruction"
"Mitra Keluarga Grand Wisata","BEDAH ORTHOPEDI","KHUSUS 1","Lateral Collateral Ligament (LCL) Reconstruction"
"Mitra Keluarga Grand Wisata","BEDAH ORTHOPEDI","KHUSUS 1","Arthroscopy Medial Patello Femoral Ligament (MPFL) Reconstruction"
"Mitra Keluarga Grand Wisata","BEDAH ORTHOPEDI","KHUSUS 1","Posterior Cruciate Ligament (PCL) Reconstruction"
"Mitra Keluarga Grand Wisata","BEDAH ORTHOPEDI","KHUSUS 1","Arthroscopy Ekstraksi Loose Bodies"
"Mitra Keluarga Grand Wisata","BEDAH ORTHOPEDI","KHUSUS 1","Reseksi Anterior Impingement"
"Mitra Keluarga Grand Wisata","BEDAH ORTHOPEDI","KHUSUS 1","Reseksi Posterior Impingement"
"Mitra Keluarga Grand Wisata","BEDAH ORTHOPEDI","KHUSUS 2","Elbow Replacement"
"Mitra Keluarga Grand Wisata","BEDAH ORTHOPEDI","KHUSUS 2","Revisi Joint Replacement"
"Mitra Keluarga Grand Wisata","BEDAH ORTHOPEDI","KHUSUS 2","Total Hip Replacement"
"Mitra Keluarga Grand Wisata","BEDAH ORTHOPEDI","KHUSUS 2","Total Knee Replacement"
"Mitra Keluarga Grand Wisata","BEDAH ORTHOPEDI","KHUSUS 2","Total Shoulder Replacement"
"Mitra Keluarga Grand Wisata","BEDAH ORTHOPEDI","KHUSUS 2","Megaprostesis"
"Mitra Keluarga Grand Wisata","BEDAH ORTHOPEDI","KHUSUS 2","Replantasi"
"Mitra Keluarga Grand Wisata","BEDAH ORTHOPEDI","KHUSUS 2","Replantasi Multiple Jari/ Single Tangan/ Lengan"
"Mitra Keluarga Grand Wisata","BEDAH ORTHOPEDI","KHUSUS 2","ORIF Fracture Acetabulum dengan Penyulit"
"Mitra Keluarga Grand Wisata","BEDAH ORTHOPEDI","KHUSUS 2","ORIF Fracture Plate Khusus dengan Penyulit"
"Mitra Keluarga Grand Wisata","BEDAH ORTHOPEDI","KHUSUS 2","Operasi Flat Foot dengan Penyulit"
"Mitra Keluarga Grand Wisata","BEDAH ORTHOPEDI","KHUSUS 2","Operasi Posterolateral Fusion dengan Penyulit"
"Mitra Keluarga Grand Wisata","BEDAH ORTHOPEDI","KHUSUS 2","Re Operasi Hemiartroplasty Amp dengan Penyulit"
"Mitra Keluarga Grand Wisata","BEDAH ORTHOPEDI","KHUSUS 2","Arthroscopy Ankle"
"Mitra Keluarga Grand Wisata","BEDAH ORTHOPEDI","KHUSUS 2","Total Patellectomy + Corrective Osteotomy + Eksisi Tumor Jinak + Bone Graft"
"Mitra Keluarga Grand Wisata","BEDAH ORTHOPEDI","KHUSUS 2","Vertebroplasty dengan Penyulit"
"Mitra Keluarga Grand Wisata","BEDAH ORTHOPEDI","KHUSUS 2","Anterior dan Posterior Surgery in Spinal Deformities with Stabilization + Penyulit"
"Mitra Keluarga Grand Wisata","BEDAH ORTHOPEDI","KHUSUS 2","Meniscektomi dengan Penyulit"
"Mitra Keluarga Grand Wisata","BEDAH ORTHOPEDI","KHUSUS 2","Meniscoplasty dengan Penyulit"
"Mitra Keluarga Grand Wisata","BEDAH ORTHOPEDI","KHUSUS 2","Hemiarthroplasty dengan Penyulit"
"Mitra Keluarga Grand Wisata","BEDAH ORTHOPEDI","KHUSUS 2","Less Invasive Stabilization System dengan Penyulit"
"Mitra Keluarga Grand Wisata","BEDAH ORTHOPEDI","KHUSUS 2","Rekonstruksi Ankle dengan Penyulit"
"Mitra Keluarga Grand Wisata","BEDAH ORTHOPEDI","KHUSUS 2","Release Tennis Elbow"
"Mitra Keluarga Grand Wisata","BEDAH ORTHOPEDI","KHUSUS 2","Anterior and Posterior Surgery in Spinal Disease/ Deformity with Stabilization/ Instrumentation"
"Mitra Keluarga Grand Wisata","BEDAH ORTHOPEDI","KHUSUS 2","Decompresion Laminectomy for HNP, Tumor, Spinal Stenosis"
"Mitra Keluarga Grand Wisata","BEDAH ORTHOPEDI","KHUSUS 2","Open Reduction of Spinal Fracture + Stabilization"
"Mitra Keluarga Grand Wisata","BEDAH ORTHOPEDI","KHUSUS 2","ORIF Fracture Pelvis Kompleks"
"Mitra Keluarga Grand Wisata","BEDAH ORTHOPEDI","KHUSUS 2","Reconstruction Shoulder Arthroscopy"
"Mitra Keluarga Grand Wisata","BEDAH ORTHOPEDI","KHUSUS 2","Revisi TKR/ THR"
"Mitra Keluarga Grand Wisata","BEDAH ORTHOPEDI","KHUSUS 2","Total Disc Replacement (Multilevel)"
"Mitra Keluarga Grand Wisata","BEDAH ORTHOPEDI","KHUSUS 2","ORIF Intertrochanter with Severe Deformity"
"Mitra Keluarga Grand Wisata","BEDAH ORTHOPEDI","KHUSUS 2","Brachial Plexus Injury Surgery"
"Mitra Keluarga Grand Wisata","BEDAH ORTHOPEDI","KHUSUS 2","Dynamic Hip Screw (DHS) dengan Penyulit"
"Mitra Keluarga Grand Wisata","BEDAH ORTHOPEDI","KHUSUS 2","Tens Double (Radius-Ulna, Tibia, Femur)"
"Mitra Keluarga Grand Wisata","BEDAH ORTHOPEDI","KHUSUS 2","Acromioclavicular (AC) Joint Arthroscopy"
"Mitra Keluarga Grand Wisata","BEDAH ORTHOPEDI","KHUSUS 2","Total Ankle Replacement"
"Mitra Keluarga Grand Wisata","BEDAH UROLOGI","KECIL","Cabut DJ Stent (Anestesi Lokal)"
"Mitra Keluarga Grand Wisata","BEDAH UROLOGI","KECIL","Meatotomi"
"Mitra Keluarga Grand Wisata","BEDAH UROLOGI","KECIL","Sirkumsisi"
"Mitra Keluarga Grand Wisata","BEDAH UROLOGI","KECIL","Vasektomi (Anestesi Lokal)"
"Mitra Keluarga Grand Wisata","BEDAH UROLOGI","KECIL","Biopsi Skrotum"
"Mitra Keluarga Grand Wisata","BEDAH UROLOGI","KECIL","Businasi/ Dilatasi/ Kalibrasi Uretra"
"Mitra Keluarga Grand Wisata","BEDAH UROLOGI","KECIL","Masase Prostat"
"Mitra Keluarga Grand Wisata","BEDAH UROLOGI","KECIL","Meatoplasti"
"Mitra Keluarga Grand Wisata","BEDAH UROLOGI","KECIL","Pasang Kateter"
"Mitra Keluarga Grand Wisata","BEDAH UROLOGI","KECIL","Pasang Kateter dengan Mandrain"
"Mitra Keluarga Grand Wisata","BEDAH UROLOGI","KECIL","Sirkumsisi dengan Anestesi Umum"
"Mitra Keluarga Grand Wisata","BEDAH UROLOGI","KECIL","Hecting Sekunder"
"Mitra Keluarga Grand Wisata","BEDAH UROLOGI","KECIL","Insisi Abses Skrotum"
"Mitra Keluarga Grand Wisata","BEDAH UROLOGI","KECIL","Biopsi Buli per Sistoskopi"
"Mitra Keluarga Grand Wisata","BEDAH UROLOGI","KECIL","Biopsi Prostat"
"Mitra Keluarga Grand Wisata","BEDAH UROLOGI","KECIL","Cabut DJ Stent"
"Mitra Keluarga Grand Wisata","BEDAH UROLOGI","KECIL","Funikokelektomi"
"Mitra Keluarga Grand Wisata","BEDAH UROLOGI","KECIL","Insersi DJ Stent"
"Mitra Keluarga Grand Wisata","BEDAH UROLOGI","KECIL","RPG"
"Mitra Keluarga Grand Wisata","BEDAH UROLOGI","KECIL","Varikokelektomi"
"Mitra Keluarga Grand Wisata","BEDAH UROLOGI","KECIL","Ganti Nefrostomi"
"Mitra Keluarga Grand Wisata","BEDAH UROLOGI","SEDANG 1","Divertikulektomi Uretra"
"Mitra Keluarga Grand Wisata","BEDAH UROLOGI","SEDANG 1","Drainase Periureter"
"Mitra Keluarga Grand Wisata","BEDAH UROLOGI","SEDANG 1","Insisi Abses Perineum"
"Mitra Keluarga Grand Wisata","BEDAH UROLOGI","SEDANG 1","Vasektomi (Narkose)"
"Mitra Keluarga Grand Wisata","BEDAH UROLOGI","SEDANG 1","Vasografi"
"Mitra Keluarga Grand Wisata","BEDAH UROLOGI","SEDANG 1","Biopsi Eksisi Tumor"
"Mitra Keluarga Grand Wisata","BEDAH UROLOGI","SEDANG 1","Biopsi Testis"
"Mitra Keluarga Grand Wisata","BEDAH UROLOGI","SEDANG 1","Epididymectomy"
"Mitra Keluarga Grand Wisata","BEDAH UROLOGI","SEDANG 1","Debridement"
"Mitra Keluarga Grand Wisata","BEDAH UROLOGI","SEDANG 1","Sistostomi Perkutan"
"Mitra Keluarga Grand Wisata","BEDAH UROLOGI","SEDANG 1","Biopsi Ginjal Terbuka"
"Mitra Keluarga Grand Wisata","BEDAH UROLOGI","SEDANG 1","Debridement Skroto Perineal Luas"
"Mitra Keluarga Grand Wisata","BEDAH UROLOGI","SEDANG 1","Eksplorasi Trauma Skrotal"
"Mitra Keluarga Grand Wisata","BEDAH UROLOGI","SEDANG 1","Eksplorasi Trauma Uretro - Penile"
"Mitra Keluarga Grand Wisata","BEDAH UROLOGI","SEDANG 1","Hidrokelektomi per Inguinal/ Ligasi Tinggi"
"Mitra Keluarga Grand Wisata","BEDAH UROLOGI","SEDANG 1","Hidrokelektomi per Skrotal"
"Mitra Keluarga Grand Wisata","BEDAH UROLOGI","BESAR 1","Koreksi Priapismus"
"Mitra Keluarga Grand Wisata","BEDAH UROLOGI","BESAR 1","Nefrostomi Terbuka"
"Mitra Keluarga Grand Wisata","BEDAH UROLOGI","BESAR 1","Orkhidektomi"
"Mitra Keluarga Grand Wisata","BEDAH UROLOGI","BESAR 1","Orkhidektomi Extended"
"Mitra Keluarga Grand Wisata","BEDAH UROLOGI","BESAR 1","Orkhidektomi Ligasi Tinggi"
"Mitra Keluarga Grand Wisata","BEDAH UROLOGI","BESAR 1","Orkhidektomi Subkapsuler"
"Mitra Keluarga Grand Wisata","BEDAH UROLOGI","BESAR 1","Orkhidopeksi (Torsio Testis)"
"Mitra Keluarga Grand Wisata","BEDAH UROLOGI","BESAR 1","Sistoskopi"
"Mitra Keluarga Grand Wisata","BEDAH UROLOGI","BESAR 1","Uretrolithotomi"
"Mitra Keluarga Grand Wisata","BEDAH UROLOGI","BESAR 1","Anastomosis End To End Ureter"
"Mitra Keluarga Grand Wisata","BEDAH UROLOGI","BESAR 1","Biopsi Ginjal Perkutan"
"Mitra Keluarga Grand Wisata","BEDAH UROLOGI","BESAR 1","Biopsi Penis"
"Mitra Keluarga Grand Wisata","BEDAH UROLOGI","BESAR 1","Deroofing/ Unroofing Kista"
"Mitra Keluarga Grand Wisata","BEDAH UROLOGI","BESAR 1","Dorsumsisi"
"Mitra Keluarga Grand Wisata","BEDAH UROLOGI","BESAR 1","Eksisi Chordae/ Chordektomi"
"Mitra Keluarga Grand Wisata","BEDAH UROLOGI","BESAR 1","Eksisi Fibroma/ Rekonstruksi Penis"
"Mitra Keluarga Grand Wisata","BEDAH UROLOGI","BESAR 1","Eksisi Plaque (Peyronie Disease)"
"Mitra Keluarga Grand Wisata","BEDAH UROLOGI","BESAR 1","Ekstraksi Batu"
"Mitra Keluarga Grand Wisata","BEDAH UROLOGI","BESAR 1","Evakuasi Bekuan Darah (Clot)"
"Mitra Keluarga Grand Wisata","BEDAH UROLOGI","BESAR 1","Fistulektomi/ Repair Fistel Uretra"
"Mitra Keluarga Grand Wisata","BEDAH UROLOGI","BESAR 1","Johanson II"
"Mitra Keluarga Grand Wisata","BEDAH UROLOGI","BESAR 1","Vulgurasi (Kauterisasi) Buli"
"Mitra Keluarga Grand Wisata","BEDAH UROLOGI","BESAR 1","MMK/ Sling Uretra"
"Mitra Keluarga Grand Wisata","BEDAH UROLOGI","BESAR 1","Operasi Priapismus"
"Mitra Keluarga Grand Wisata","BEDAH UROLOGI","BESAR 1","Operasi Repair Buli Trauma"
"Mitra Keluarga Grand Wisata","BEDAH UROLOGI","BESAR 1","Pasang Kateter Tenckhoff"
"Mitra Keluarga Grand Wisata","BEDAH UROLOGI","BESAR 1","Prostatektomi Retropublik"
"Mitra Keluarga Grand Wisata","BEDAH UROLOGI","BESAR 1","Prostatektomi Terbuka dan Sectio Alta"
"Mitra Keluarga Grand Wisata","BEDAH UROLOGI","BESAR 1","Sistostomi Terbuka"
"Mitra Keluarga Grand Wisata","BEDAH UROLOGI","BESAR 1","Spermatokelektomi"
"Mitra Keluarga Grand Wisata","BEDAH UROLOGI","BESAR 1","Vasoepididimostomi"
"Mitra Keluarga Grand Wisata","BEDAH UROLOGI","BESAR 1","Vasovasostomi"
"Mitra Keluarga Grand Wisata","BEDAH UROLOGI","BESAR 1","Repair Reinsersi Sistostomi - Nefrostomi (Guiding C-Arm)"
"Mitra Keluarga Grand Wisata","BEDAH UROLOGI","BESAR 1","Funikolektomi/ Kista Epididimis"
"Mitra Keluarga Grand Wisata","BEDAH UROLOGI","BESAR 1","Insisi Debridement Intra Skrotal"
"Mitra Keluarga Grand Wisata","BEDAH UROLOGI","BESAR 1","Shunting Glans - Cavernosus"
"Mitra Keluarga Grand Wisata","BEDAH UROLOGI","BESAR 1","Eksplorasi Ginjal"
"Mitra Keluarga Grand Wisata","BEDAH UROLOGI","BESAR 1","Reseksi Partial Vesika"
"Mitra Keluarga Grand Wisata","BEDAH UROLOGI","BESAR 1","Urethrotomi Eksternal"
"Mitra Keluarga Grand Wisata","BEDAH UROLOGI","BESAR 1","Varikokelektomi Bilateral"
"Mitra Keluarga Grand Wisata","BEDAH UROLOGI","BESAR 1","Divertikulektomi Buli"
"Mitra Keluarga Grand Wisata","BEDAH UROLOGI","BESAR 1","Eksisi Webbed Penis"
"Mitra Keluarga Grand Wisata","BEDAH UROLOGI","BESAR 1","Insisi Abses Skrotum + Debridement"
"Mitra Keluarga Grand Wisata","BEDAH UROLOGI","BESAR 1","Laparotomi Eksplorasi"
"Mitra Keluarga Grand Wisata","BEDAH UROLOGI","BESAR 1","Nefrolitotomi"
"Mitra Keluarga Grand Wisata","BEDAH UROLOGI","BESAR 1","Orkidopeksi"
"Mitra Keluarga Grand Wisata","BEDAH UROLOGI","BESAR 1","Peno - Skrotoplasti"
"Mitra Keluarga Grand Wisata","BEDAH UROLOGI","BESAR 2","Prostatektomi Terbuka"
"Mitra Keluarga Grand Wisata","BEDAH UROLOGI","BESAR 2","Psoas Hitch/ Boari Flap"
"Mitra Keluarga Grand Wisata","BEDAH UROLOGI","BESAR 2","Repair Silikonoma Penis"
"Mitra Keluarga Grand Wisata","BEDAH UROLOGI","BESAR 2","Reseksi - Anastomosis Uretra"
"Mitra Keluarga Grand Wisata","BEDAH UROLOGI","BESAR 2","Sectio Alta/ Vesikolithotomi"
"Mitra Keluarga Grand Wisata","BEDAH UROLOGI","BESAR 2","Uretero Renoskopi (URS) Biopsi"
"Mitra Keluarga Grand Wisata","BEDAH UROLOGI","BESAR 2","Uretero Renoskopi (URS) Diagnostik"
"Mitra Keluarga Grand Wisata","BEDAH UROLOGI","BESAR 2","Uretero Renoskopi (URS) Dilatasi"
"Mitra Keluarga Grand Wisata","BEDAH UROLOGI","BESAR 2","Ureterolitotomi"
"Mitra Keluarga Grand Wisata","BEDAH UROLOGI","BESAR 2","Varikokelektomi Mikro"
"Mitra Keluarga Grand Wisata","BEDAH UROLOGI","BESAR 2","Buried Penis"
"Mitra Keluarga Grand Wisata","BEDAH UROLOGI","BESAR 2","Ligasi V.Spermatika Interna (Microsurgery)"
"Mitra Keluarga Grand Wisata","BEDAH UROLOGI","BESAR 2","Nefropeksi/ Renopeksi"
"Mitra Keluarga Grand Wisata","BEDAH UROLOGI","BESAR 2","Nefroureterektomi"
"Mitra Keluarga Grand Wisata","BEDAH UROLOGI","BESAR 2","Johanson I"
"Mitra Keluarga Grand Wisata","BEDAH UROLOGI","BESAR 2","Operasi Sistokel"
"Mitra Keluarga Grand Wisata","BEDAH UROLOGI","BESAR 2","Operasi Trauma Ginjal"
"Mitra Keluarga Grand Wisata","BEDAH UROLOGI","BESAR 2","Operasi Urakhus/ Reseksi Urakhus"
"Mitra Keluarga Grand Wisata","BEDAH UROLOGI","BESAR 2","Penektomi Parsial"
"Mitra Keluarga Grand Wisata","BEDAH UROLOGI","BESAR 2","Railroading Ruptur Uretra"
"Mitra Keluarga Grand Wisata","BEDAH UROLOGI","BESAR 2","Repair Fistel Vesikokutan"
"Mitra Keluarga Grand Wisata","BEDAH UROLOGI","BESAR 2","Reparasi Penis"
"Mitra Keluarga Grand Wisata","BEDAH UROLOGI","BESAR 2","Sistektomi Parsial/ Sistoplasti Reduksi"
"Mitra Keluarga Grand Wisata","BEDAH UROLOGI","BESAR 2","Skrotoplasti"
"Mitra Keluarga Grand Wisata","BEDAH UROLOGI","BESAR 2","Tindakan Pembedahan Testis untuk Pengambilan Spermatozoa (Tesa/Tese/Pesa/Mesa)"
"Mitra Keluarga Grand Wisata","BEDAH UROLOGI","BESAR 2","TVP/ TMP"
"Mitra Keluarga Grand Wisata","BEDAH UROLOGI","BESAR 2","Ureterolisis"
"Mitra Keluarga Grand Wisata","BEDAH UROLOGI","BESAR 2","Ureterolithotomi Distal"
"Mitra Keluarga Grand Wisata","BEDAH UROLOGI","BESAR 2","Uretroskopi"
"Mitra Keluarga Grand Wisata","BEDAH UROLOGI","BESAR 2","Limpadenektomi Regional"
"Mitra Keluarga Grand Wisata","BEDAH UROLOGI","BESAR 2","Orkiektomi Radikal"
"Mitra Keluarga Grand Wisata","BEDAH UROLOGI","BESAR 2","Prostatektomi Terbuka Kompleks"
"Mitra Keluarga Grand Wisata","BEDAH UROLOGI","BESAR 2","Deroofing/ Unroofing Kista Kompleks"
"Mitra Keluarga Grand Wisata","BEDAH UROLOGI","BESAR 2","Eksplorasi Retroperitoneal"
"Mitra Keluarga Grand Wisata","BEDAH UROLOGI","BESAR 2","Divertikulektomi Buli Kompleks"
"Mitra Keluarga Grand Wisata","BEDAH UROLOGI","BESAR 2","Uretrolithotomi Kompleks"
"Mitra Keluarga Grand Wisata","BEDAH UROLOGI","BESAR 2","Eksisi Bladder Neck"
"Mitra Keluarga Grand Wisata","BEDAH UROLOGI","BESAR 2","Deroofing/ Unroofing Ureterocele"
"Mitra Keluarga Grand Wisata","BEDAH UROLOGI","BESAR 2","Skrotal Flap"
"Mitra Keluarga Grand Wisata","BEDAH UROLOGI","BESAR 2","Eksisi Tumor Skrotum + Debridement"
"Mitra Keluarga Grand Wisata","BEDAH UROLOGI","BESAR 2","Anatropic Nephrolithotomy (Bivalve)"
"Mitra Keluarga Grand Wisata","BEDAH UROLOGI","BESAR 2","Ileal Conduit Urinary Diversion (Bricker)"
"Mitra Keluarga Grand Wisata","BEDAH UROLOGI","BESAR 2","Nefrektomi Komplit"
"Mitra Keluarga Grand Wisata","BEDAH UROLOGI","BESAR 2","Nefrektomi per Laparoskopi"
"Mitra Keluarga Grand Wisata","BEDAH UROLOGI","BESAR 2","Nefrektomi Radikal"
"Mitra Keluarga Grand Wisata","BEDAH UROLOGI","BESAR 2","Nefrostomi Perkutan"
"Mitra Keluarga Grand Wisata","BEDAH UROLOGI","BESAR 2","Penektomi Total"
"Mitra Keluarga Grand Wisata","BEDAH UROLOGI","BESAR 2","Perineostomi Diversi/ Perineal Uretrotomi"
"Mitra Keluarga Grand Wisata","BEDAH UROLOGI","KHUSUS 1","Pielolitotomi"
"Mitra Keluarga Grand Wisata","BEDAH UROLOGI","KHUSUS 1","Pieloplasti"
"Mitra Keluarga Grand Wisata","BEDAH UROLOGI","KHUSUS 1","Pungsi dan Sklerosing Kista Ginjal"
"Mitra Keluarga Grand Wisata","BEDAH UROLOGI","KHUSUS 1","Repair Fistel Vesikovagina"
"Mitra Keluarga Grand Wisata","BEDAH UROLOGI","KHUSUS 1","Repair Peyronie'S Disease"
"Mitra Keluarga Grand Wisata","BEDAH UROLOGI","KHUSUS 1","Sistektomi Radikal"
"Mitra Keluarga Grand Wisata","BEDAH UROLOGI","KHUSUS 1","Sisto Lithotripsi"
"Mitra Keluarga Grand Wisata","BEDAH UROLOGI","KHUSUS 1","Trans Uretral Bladder Neck Insision"
"Mitra Keluarga Grand Wisata","BEDAH UROLOGI","KHUSUS 1","Trans Uretral Insisi (TUI) Prostat"
"Mitra Keluarga Grand Wisata","BEDAH UROLOGI","KHUSUS 1","Trans Uretral Resection (TUR) Tumor Buli"
"Mitra Keluarga Grand Wisata","BEDAH UROLOGI","KHUSUS 1","Trans Uretral Resection (TUR) Prostat"
"Mitra Keluarga Grand Wisata","BEDAH UROLOGI","KHUSUS 1","Uretero - Ureterostomi"
"Mitra Keluarga Grand Wisata","BEDAH UROLOGI","KHUSUS 1","Uretroplasti Hipospadia"
"Mitra Keluarga Grand Wisata","BEDAH UROLOGI","KHUSUS 1","Uretroskopi Sachse"
"Mitra Keluarga Grand Wisata","BEDAH UROLOGI","KHUSUS 1","URS Lithotripsi/ Lithoclast dengan atau tanpa Pasang DJ Stent"
"Mitra Keluarga Grand Wisata","BEDAH UROLOGI","KHUSUS 1","Adrenalektomi"
"Mitra Keluarga Grand Wisata","BEDAH UROLOGI","KHUSUS 1","Adrenalektomi (Abdominotorakal)"
"Mitra Keluarga Grand Wisata","BEDAH UROLOGI","KHUSUS 1","Diseksi Kelenjar Getah Bening Inguinal"
"Mitra Keluarga Grand Wisata","BEDAH UROLOGI","KHUSUS 1","Diseksi Kelenjar Getah Bening Pelvis"
"Mitra Keluarga Grand Wisata","BEDAH UROLOGI","KHUSUS 1","Eksplorasi Testis (Microsurgery)"
"Mitra Keluarga Grand Wisata","BEDAH UROLOGI","KHUSUS 1","Ekstended Pielolitotomi"
"Mitra Keluarga Grand Wisata","BEDAH UROLOGI","KHUSUS 1","Hipospadia Subkoronal"
"Mitra Keluarga Grand Wisata","BEDAH UROLOGI","KHUSUS 1","Insisi Posterior Urethral Valve"
"Mitra Keluarga Grand Wisata","BEDAH UROLOGI","KHUSUS 1","Limfadenektomi Ilioinguinal"
"Mitra Keluarga Grand Wisata","BEDAH UROLOGI","KHUSUS 1","Litholapaksi"
"Mitra Keluarga Grand Wisata","BEDAH UROLOGI","KHUSUS 1","Lithotripsi"
"Mitra Keluarga Grand Wisata","BEDAH UROLOGI","KHUSUS 1","Nefrektomi (Donor Transplant)"
"Mitra Keluarga Grand Wisata","BEDAH UROLOGI","KHUSUS 1","Nefrektomi Parsial"
"Mitra Keluarga Grand Wisata","BEDAH UROLOGI","KHUSUS 1","Orkhidopeksi per Laparoskopi"
"Mitra Keluarga Grand Wisata","BEDAH UROLOGI","KHUSUS 1","PER (Primary Endoscopic Realignment)"
"Mitra Keluarga Grand Wisata","BEDAH UROLOGI","KHUSUS 1","Pielokalikotomi"
"Mitra Keluarga Grand Wisata","BEDAH UROLOGI","KHUSUS 1","Reimplantasi Ureter Unilateral/ Ureteroneosistostomi"
"Mitra Keluarga Grand Wisata","BEDAH UROLOGI","KHUSUS 1","Repair Fistel Enterovesika"
"Mitra Keluarga Grand Wisata","BEDAH UROLOGI","KHUSUS 1","Repair Fistel Vesikorektal"
"Mitra Keluarga Grand Wisata","BEDAH UROLOGI","KHUSUS 1","Talloring Ureter"
"Mitra Keluarga Grand Wisata","BEDAH UROLOGI","KHUSUS 1","Transuretero - Ureterostomi"
"Mitra Keluarga Grand Wisata","BEDAH UROLOGI","KHUSUS 1","Ureterokutaneostomi"
"Mitra Keluarga Grand Wisata","BEDAH UROLOGI","KHUSUS 1","Ureterosigmoidostomi (Coffey)"
"Mitra Keluarga Grand Wisata","BEDAH UROLOGI","KHUSUS 1","Divertikulektomi Buli Simple"
"Mitra Keluarga Grand Wisata","BEDAH UROLOGI","KHUSUS 1","Penectomy Total/ Amputasi Penis"
"Mitra Keluarga Grand Wisata","BEDAH UROLOGI","KHUSUS 1","Ureterolitotomi Kompleks"
"Mitra Keluarga Grand Wisata","BEDAH UROLOGI","KHUSUS 1","Uretroplasti Anastomosis"
"Mitra Keluarga Grand Wisata","BEDAH UROLOGI","KHUSUS 1","Nefrektomi Kompleks"
"Mitra Keluarga Grand Wisata","BEDAH UROLOGI","KHUSUS 1","Robotic Biopsi Prostat"
"Mitra Keluarga Grand Wisata","BEDAH UROLOGI","KHUSUS 1","Collins Knife"
"Mitra Keluarga Grand Wisata","BEDAH UROLOGI","KHUSUS 1","Substitution Urethroplasty with BMG"
"Mitra Keluarga Grand Wisata","BEDAH UROLOGI","KHUSUS 1","Deroofing Kista Ginjal per Laparoskopi"
"Mitra Keluarga Grand Wisata","BEDAH UROLOGI","KHUSUS 1","Koreksi Horseshoe Kidney"
"Mitra Keluarga Grand Wisata","BEDAH UROLOGI","KHUSUS 1","Limfadenektomi Retroperitoneal/ Rplnd"
"Mitra Keluarga Grand Wisata","BEDAH UROLOGI","KHUSUS 1","Percutaneous Nephrolitotomi/ Nephrolitotripsi (PCNL)"
"Mitra Keluarga Grand Wisata","BEDAH UROLOGI","KHUSUS 1","Prostatektomi Radikal"
"Mitra Keluarga Grand Wisata","BEDAH UROLOGI","KHUSUS 2","Repair Fistel Vesikovagina per Laparoskopi"
"Mitra Keluarga Grand Wisata","BEDAH UROLOGI","KHUSUS 2","Ureterolitotomi Proksimal per Laparoskopi"
"Mitra Keluarga Grand Wisata","BEDAH UROLOGI","KHUSUS 2","Augmentasi Buli"
"Mitra Keluarga Grand Wisata","BEDAH UROLOGI","KHUSUS 2","Diseksi Kelenjar Getah Bening Pelvis per Laparoskopi"
"Mitra Keluarga Grand Wisata","BEDAH UROLOGI","KHUSUS 2","Laparoskopi Adrenalektomi"
"Mitra Keluarga Grand Wisata","BEDAH UROLOGI","KHUSUS 2","Neobladder"
"Mitra Keluarga Grand Wisata","BEDAH UROLOGI","KHUSUS 2","Operasi Epispadia"
"Mitra Keluarga Grand Wisata","BEDAH UROLOGI","KHUSUS 2","Pleloplasti per Laparoskopi"
"Mitra Keluarga Grand Wisata","BEDAH UROLOGI","KHUSUS 2","Rekonstruksi Bladder Neck"
"Mitra Keluarga Grand Wisata","BEDAH UROLOGI","KHUSUS 2","Rekonstruksi Ekstrofia Buli"
"Mitra Keluarga Grand Wisata","BEDAH UROLOGI","KHUSUS 2","Rekonstruksi Renovaskuler"
"Mitra Keluarga Grand Wisata","BEDAH UROLOGI","KHUSUS 2","Repair Fistel Vesikovagina Kompleks"
"Mitra Keluarga Grand Wisata","BEDAH UROLOGI","KHUSUS 2","Replantasi/ Reimplantasi Ureter Bilateral"
"Mitra Keluarga Grand Wisata","BEDAH UROLOGI","KHUSUS 2","Sistektomi per Laparoskopi"
"Mitra Keluarga Grand Wisata","BEDAH UROLOGI","KHUSUS 2","Transplantasi Resipien"
"Mitra Keluarga Grand Wisata","BEDAH UROLOGI","KHUSUS 2","Laparoskopi Kista Ginjal"
"Mitra Keluarga Grand Wisata","BEDAH UROLOGI","KHUSUS 2","Laparoskopi Uretero - Pielolitiasis"
"Mitra Keluarga Grand Wisata","BEDAH UROLOGI","KHUSUS 2","Retrograde Intra Renal Surgery (RIRS)"
"Mitra Keluarga Grand Wisata","BEDAH UROLOGI","KHUSUS 2","Uretero Renoskopi (URS) Laser"
"Mitra Keluarga Grand Wisata","BEDAH UMUM","KECIL","Drainase Abses Kecil"
"Mitra Keluarga Grand Wisata","BEDAH UMUM","KECIL","Eksisi Tumor Jinak Kecil"
"Mitra Keluarga Grand Wisata","BEDAH UMUM","KECIL","Eksisi Tumor Jinak Rongga Mulut"
"Mitra Keluarga Grand Wisata","BEDAH UMUM","KECIL","Eksisi Veruca"
"Mitra Keluarga Grand Wisata","BEDAH UMUM","KECIL","Ekstraksi Kuku"
"Mitra Keluarga Grand Wisata","BEDAH UMUM","KECIL","Pasang Thoraks Drain/ WSD 1 Sisi"
"Mitra Keluarga Grand Wisata","BEDAH UMUM","KECIL","Roser Plasty"
"Mitra Keluarga Grand Wisata","BEDAH UMUM","KECIL","Sirkumsisi/ Dorsumsisi"
"Mitra Keluarga Grand Wisata","BEDAH UMUM","KECIL","Cytostomi"
"Mitra Keluarga Grand Wisata","BEDAH UMUM","KECIL","Repair Luka"
"Mitra Keluarga Grand Wisata","BEDAH UMUM","KECIL","Hecting Luka Ringan"
"Mitra Keluarga Grand Wisata","BEDAH UMUM","KECIL","Ekstirpasi Kista Ateroma Tunggal"
"Mitra Keluarga Grand Wisata","BEDAH UMUM","KECIL","Lobuloplasti"
"Mitra Keluarga Grand Wisata","BEDAH UMUM","KECIL","Repair Vl Simple pada Mukosa Bibir"
"Mitra Keluarga Grand Wisata","BEDAH UMUM","KECIL","Anuskopi"
"Mitra Keluarga Grand Wisata","BEDAH UMUM","KECIL","Eksisi Clavus Kecil/ Tunggal"
"Mitra Keluarga Grand Wisata","BEDAH UMUM","KECIL","Insisi Abses dengan Anestesi Lokal"
"Mitra Keluarga Grand Wisata","BEDAH UMUM","KECIL","Injeksi Keloid"
"Mitra Keluarga Grand Wisata","BEDAH UMUM","KECIL","Anal Fistulektomi"
"Mitra Keluarga Grand Wisata","BEDAH UMUM","KECIL","Appendektomi"
"Mitra Keluarga Grand Wisata","BEDAH UMUM","KECIL","Eksisi Biopsi"
"Mitra Keluarga Grand Wisata","BEDAH UMUM","KECIL","Biopsi KGB"
"Mitra Keluarga Grand Wisata","BEDAH UMUM","KECIL","Debridement Besar"
"Mitra Keluarga Grand Wisata","BEDAH UMUM","KECIL","Drainase Abses Besar"
"Mitra Keluarga Grand Wisata","BEDAH UMUM","KECIL","Eksisi Fam Single"
"Mitra Keluarga Grand Wisata","BEDAH UMUM","KECIL","Eksisi Ganglion"
"Mitra Keluarga Grand Wisata","BEDAH UMUM","KECIL","Eksisi Ginekomasti 1 Sisi"
"Mitra Keluarga Grand Wisata","BEDAH UMUM","KECIL","Eksisi Hemangioma"
"Mitra Keluarga Grand Wisata","BEDAH UMUM","KECIL","Eksisi Mammae Aberans 1 Sisi"
"Mitra Keluarga Grand Wisata","BEDAH UMUM","KECIL","Eksisi Tumor Jinak Sedang"
"Mitra Keluarga Grand Wisata","BEDAH UMUM","KECIL","Eksisi Tumor Jinak Multiple Kecil"
"Mitra Keluarga Grand Wisata","BEDAH UMUM","SEDANG 1","Eksplorasi dan Ekstraksi Corpus Alienum"
"Mitra Keluarga Grand Wisata","BEDAH UMUM","SEDANG 1","Eksplorasi Luka"
"Mitra Keluarga Grand Wisata","BEDAH UMUM","SEDANG 1","Hidrokelektomi"
"Mitra Keluarga Grand Wisata","BEDAH UMUM","SEDANG 1","Pasang CAPD"
"Mitra Keluarga Grand Wisata","BEDAH UMUM","SEDANG 1","Pasang Thoraks Drain/ WSD 2 Sisi"
"Mitra Keluarga Grand Wisata","BEDAH UMUM","SEDANG 1","Pungsi Pleura - Torakosentesis"
"Mitra Keluarga Grand Wisata","BEDAH UMUM","SEDANG 1","Skin Graft Kecil"
"Mitra Keluarga Grand Wisata","BEDAH UMUM","SEDANG 1","Trakeostomi"
"Mitra Keluarga Grand Wisata","BEDAH UMUM","SEDANG 1","Vena Seksi"
"Mitra Keluarga Grand Wisata","BEDAH UMUM","SEDANG 1","Eksisi Burcitis"
"Mitra Keluarga Grand Wisata","BEDAH UMUM","SEDANG 1","Cytoscopi"
"Mitra Keluarga Grand Wisata","BEDAH UMUM","SEDANG 1","Polydactily"
"Mitra Keluarga Grand Wisata","BEDAH UMUM","SEDANG 1","Eksisi Keloid"
"Mitra Keluarga Grand Wisata","BEDAH UMUM","SEDANG 1","Reposisi Dislokasi Akut TMJ"
"Mitra Keluarga Grand Wisata","BEDAH UMUM","SEDANG 1","Rekonstruksi dengan Flap"
"Mitra Keluarga Grand Wisata","BEDAH UMUM","SEDANG 1","Ekstirpasi Tumor Kulit"
"Mitra Keluarga Grand Wisata","BEDAH UMUM","SEDANG 1","Rektosigmoidoskopi"
"Mitra Keluarga Grand Wisata","BEDAH UMUM","SEDANG 1","Close Reduction"
"Mitra Keluarga Grand Wisata","BEDAH UMUM","SEDANG 1","Eksartikulasi Jari"
"Mitra Keluarga Grand Wisata","BEDAH UMUM","SEDANG 1","Ekstirpasi Tumor Jinak Kecil"
"Mitra Keluarga Grand Wisata","BEDAH UMUM","SEDANG 1","Uretroskopi"
"Mitra Keluarga Grand Wisata","BEDAH UMUM","SEDANG 1","Debridemen Fraktur"
"Mitra Keluarga Grand Wisata","BEDAH UMUM","SEDANG 1","Debridement Kecil"
"Mitra Keluarga Grand Wisata","BEDAH UMUM","SEDANG 1","Vasektomi"
"Mitra Keluarga Grand Wisata","BEDAH UMUM","SEDANG 1","Amputasi Jari/ Repair Stump Finger Tip Injury"
"Mitra Keluarga Grand Wisata","BEDAH UMUM","SEDANG 1","Aksess Vaskuler Central Bayi"
"Mitra Keluarga Grand Wisata","BEDAH UMUM","SEDANG 1","Biopsi Insisional"
"Mitra Keluarga Grand Wisata","BEDAH UMUM","SEDANG 1","Amputasi Minor"
"Mitra Keluarga Grand Wisata","BEDAH UMUM","SEDANG 1","Release Kontraktur"
"Mitra Keluarga Grand Wisata","BEDAH UMUM","SEDANG 1","Orkhidektomi 1 Sisi"
"Mitra Keluarga Grand Wisata","BEDAH UMUM","SEDANG 1","Evakuasi Feces"
"Mitra Keluarga Grand Wisata","BEDAH UMUM","SEDANG 1","Diagnostic Peritoneal Lavage"
"Mitra Keluarga Grand Wisata","BEDAH UMUM","SEDANG 1","Eksisi Lipoma"
"Mitra Keluarga Grand Wisata","BEDAH UMUM","SEDANG 1","Pemasangan Drain Ekstremitas"
"Mitra Keluarga Grand Wisata","BEDAH UMUM","SEDANG 1","Debridement Luka Bakar < 30%"
"Mitra Keluarga Grand Wisata","BEDAH UMUM","SEDANG 1","Elektrocauter Lesi Kulit"
"Mitra Keluarga Grand Wisata","BEDAH UMUM","SEDANG 1","Eksisi Corpal Superfisial/ Simple"
"Mitra Keluarga Grand Wisata","BEDAH UMUM","SEDANG 1","Eksisi Granuloma"
"Mitra Keluarga Grand Wisata","BEDAH UMUM","SEDANG 1","Frenektomi pada Tongue Tie"
"Mitra Keluarga Grand Wisata","BEDAH UMUM","SEDANG 1","PICC (Peripherally Inserted Central Catheter)"
"Mitra Keluarga Grand Wisata","BEDAH UMUM","SEDANG 1","Injeksi Sklerosan Tumor Jinak Vaskuler"
"Mitra Keluarga Grand Wisata","BEDAH UMUM","SEDANG 1","Anal Fistulektomi Multiple"
"Mitra Keluarga Grand Wisata","BEDAH UMUM","SEDANG 1","Debridement + Nekrotomi"
"Mitra Keluarga Grand Wisata","BEDAH UMUM","SEDANG 1","Drainase Abses Perianal"
"Mitra Keluarga Grand Wisata","BEDAH UMUM","SEDANG 1","Eksisi Fam Multiple"
"Mitra Keluarga Grand Wisata","BEDAH UMUM","SEDANG 1","Eksisi Kista Duktus Tiroglossus"
"Mitra Keluarga Grand Wisata","BEDAH UMUM","SEDANG 1","Eksisi Limfangioma"
"Mitra Keluarga Grand Wisata","BEDAH UMUM","SEDANG 1","Eksisi Tumor Jinak Multiple Sedang"
"Mitra Keluarga Grand Wisata","BEDAH UMUM","SEDANG 1","Hemoroidektomi"
"Mitra Keluarga Grand Wisata","BEDAH UMUM","SEDANG 1","Isthmo - Lobektomi Tiroid"
"Mitra Keluarga Grand Wisata","BEDAH UMUM","SEDANG 1","Labioplasty"
"Mitra Keluarga Grand Wisata","BEDAH UMUM","BESAR 1","Laparoskopi Appendektomi"
"Mitra Keluarga Grand Wisata","BEDAH UMUM","BESAR 1","Laparoskopi Diagnostik"
"Mitra Keluarga Grand Wisata","BEDAH UMUM","BESAR 1","Laparotomi Eksplorasi"
"Mitra Keluarga Grand Wisata","BEDAH UMUM","BESAR 1","Left Lateral Anal Sphincterotomy"
"Mitra Keluarga Grand Wisata","BEDAH UMUM","BESAR 1","Ligasi Tinggi"
"Mitra Keluarga Grand Wisata","BEDAH UMUM","BESAR 1","Mastektomi Simple Bilateral"
"Mitra Keluarga Grand Wisata","BEDAH UMUM","BESAR 1","Pasang CAPD Per Laparoskopi"
"Mitra Keluarga Grand Wisata","BEDAH UMUM","BESAR 1","Quadrantektomi"
"Mitra Keluarga Grand Wisata","BEDAH UMUM","BESAR 1","Repair Hernia Inguinal 1 Sisi"
"Mitra Keluarga Grand Wisata","BEDAH UMUM","BESAR 1","Repair Hernia Umbilikalis"
"Mitra Keluarga Grand Wisata","BEDAH UMUM","BESAR 1","Skin Graft Luas"
"Mitra Keluarga Grand Wisata","BEDAH UMUM","BESAR 1","Tiroidektomi Subtotal"
"Mitra Keluarga Grand Wisata","BEDAH UMUM","BESAR 1","Wide Eksisi Soft Tissue Tumor"
"Mitra Keluarga Grand Wisata","BEDAH UMUM","BESAR 1","Sectio Alta"
"Mitra Keluarga Grand Wisata","BEDAH UMUM","BESAR 1","Orchidopexy"
"Mitra Keluarga Grand Wisata","BEDAH UMUM","BESAR 1","Eksisi Varises"
"Mitra Keluarga Grand Wisata","BEDAH UMUM","BESAR 1","Pemasangan CDL"
"Mitra Keluarga Grand Wisata","BEDAH UMUM","BESAR 1","Stripping Varises"
"Mitra Keluarga Grand Wisata","BEDAH UMUM","BESAR 1","Repair Fraktur Nasal"
"Mitra Keluarga Grand Wisata","BEDAH UMUM","BESAR 1","Amputasi Digiti pada Gangrene DM Pedis"
"Mitra Keluarga Grand Wisata","BEDAH UMUM","BESAR 1","Eksisi Tumor Phylloides"
"Mitra Keluarga Grand Wisata","BEDAH UMUM","BESAR 1","Eksisi FAM Besar > 5 cm"
"Mitra Keluarga Grand Wisata","BEDAH UMUM","BESAR 1","Eksisi FAM Multiple/ Bilateral > 3 Buah"
"Mitra Keluarga Grand Wisata","BEDAH UMUM","BESAR 1","Amputasi Below Knee pada Gangrene DM Pedis"
"Mitra Keluarga Grand Wisata","BEDAH UMUM","BESAR 1","Appendektomi dengan Komplikasi"
"Mitra Keluarga Grand Wisata","BEDAH UMUM","BESAR 1","Aff Plate dan Screw"
"Mitra Keluarga Grand Wisata","BEDAH UMUM","BESAR 1","Embolektomi"
"Mitra Keluarga Grand Wisata","BEDAH UMUM","BESAR 1","Sphinterectomi Ani"
"Mitra Keluarga Grand Wisata","BEDAH UMUM","BESAR 1","Syndactily"
"Mitra Keluarga Grand Wisata","BEDAH UMUM","BESAR 1","Sinevektomi"
"Mitra Keluarga Grand Wisata","BEDAH UMUM","BESAR 1","Bone Graft"
"Mitra Keluarga Grand Wisata","BEDAH UMUM","BESAR 1","Gastrostomi Witzel"
"Mitra Keluarga Grand Wisata","BEDAH UMUM","BESAR 1","Herniotomi"
"Mitra Keluarga Grand Wisata","BEDAH UMUM","BESAR 1","Prostatektomi"
"Mitra Keluarga Grand Wisata","BEDAH UMUM","BESAR 1","Nefrektomi"
"Mitra Keluarga Grand Wisata","BEDAH UMUM","BESAR 1","Herniotomi + Mesh"
"Mitra Keluarga Grand Wisata","BEDAH UMUM","BESAR 1","Ekstirpasi Kista Ateroma Multiple"
"Mitra Keluarga Grand Wisata","BEDAH UMUM","BESAR 1","Hecting Luka Kompleks"
"Mitra Keluarga Grand Wisata","BEDAH UMUM","BESAR 1","Tutup Defek Luas"
"Mitra Keluarga Grand Wisata","BEDAH UMUM","BESAR 1","Mediastinostomi"
"Mitra Keluarga Grand Wisata","BEDAH UMUM","BESAR 1","Polipektomi"
"Mitra Keluarga Grand Wisata","BEDAH UMUM","BESAR 1","Anastomosis/ Rekontruksi/ Repair Pembuluh Darah"
"Mitra Keluarga Grand Wisata","BEDAH UMUM","BESAR 1","Debridement Abses Submandibula/ Flegmon"
"Mitra Keluarga Grand Wisata","BEDAH UMUM","BESAR 1","Pasang Ipc (Indwelling Pleural Catheter)"
"Mitra Keluarga Grand Wisata","BEDAH UMUM","BESAR 1","Av Shunt Radiocephalica"
"Mitra Keluarga Grand Wisata","BEDAH UMUM","BESAR 1","Repair Dawir"
"Mitra Keluarga Grand Wisata","BEDAH UMUM","BESAR 1","Open Repair Hernia Inguinalis Bilateral"
"Mitra Keluarga Grand Wisata","BEDAH UMUM","BESAR 1","Hecting + Eksplorasi Luka Sedang"
"Mitra Keluarga Grand Wisata","BEDAH UMUM","BESAR 1","Herniotomi Anak Unilateral"
"Mitra Keluarga Grand Wisata","BEDAH UMUM","BESAR 1","Repair Omfalokel"
"Mitra Keluarga Grand Wisata","BEDAH UMUM","BESAR 1","Revision of Intestinal Stoma Not Otherwise"
"Mitra Keluarga Grand Wisata","BEDAH UMUM","BESAR 1","Evakuasi Feces/ Skibala dengan Penyulit"
"Mitra Keluarga Grand Wisata","BEDAH UMUM","BESAR 1","Eksplorasi Corpus Alienum dengan Penyulit"
"Mitra Keluarga Grand Wisata","BEDAH UMUM","BESAR 1","Hernioraphy"
"Mitra Keluarga Grand Wisata","BEDAH UMUM","BESAR 1","Eksisi Kista Bronchiogenic"
"Mitra Keluarga Grand Wisata","BEDAH UMUM","BESAR 1","Bullectomy Combustio"
"Mitra Keluarga Grand Wisata","BEDAH UMUM","BESAR 1","Debridement Luka Bakar > 30%"
"Mitra Keluarga Grand Wisata","BEDAH UMUM","BESAR 1","Fisurektomi"
"Mitra Keluarga Grand Wisata","BEDAH UMUM","BESAR 1","Eksisi Tumor Kulit"
"Mitra Keluarga Grand Wisata","BEDAH UMUM","BESAR 1","T - Tube Cholangiography"
"Mitra Keluarga Grand Wisata","BEDAH UMUM","BESAR 1","Pemasangan Drain Vacum"
"Mitra Keluarga Grand Wisata","BEDAH UMUM","BESAR 1","Amputasi Transmetatarsal/ Through Foot"
"Mitra Keluarga Grand Wisata","BEDAH UMUM","BESAR 1","PILA (Paran Injection Ligation for Ambeien)"
"Mitra Keluarga Grand Wisata","BEDAH UMUM","BESAR 1","Abdominal Drainase"
"Mitra Keluarga Grand Wisata","BEDAH UMUM","BESAR 1","Repair Fistel"
"Mitra Keluarga Grand Wisata","BEDAH UMUM","BESAR 1","Breast Conserving Surgery"
"Mitra Keluarga Grand Wisata","BEDAH UMUM","BESAR 1","Compartement Eksision"
"Mitra Keluarga Grand Wisata","BEDAH UMUM","BESAR 1","Eksisi Tumor Jinak Multiple Besar"
"Mitra Keluarga Grand Wisata","BEDAH UMUM","BESAR 1","Kolesistostomi"
"Mitra Keluarga Grand Wisata","BEDAH UMUM","BESAR 1","Laparoskopi Inguinal Hernia Repair 1 Sisi"
"Mitra Keluarga Grand Wisata","BEDAH UMUM","BESAR 1","Laparoskopi Ventral Hernia Repair"
"Mitra Keluarga Grand Wisata","BEDAH UMUM","BESAR 1","Laparotomi Appendektomi"
"Mitra Keluarga Grand Wisata","BEDAH UMUM","BESAR 1","Laparotomi Eksplorasi + Adhesiolisis"
"Mitra Keluarga Grand Wisata","BEDAH UMUM","BESAR 1","Laparotomi Eksplorasi + Ileostomi"
"Mitra Keluarga Grand Wisata","BEDAH UMUM","BESAR 1","Laparotomi Eksplorasi + Kolostomi"
"Mitra Keluarga Grand Wisata","BEDAH UMUM","BESAR 1","Laparotomi Eksplorasi + Repair Perforasi Usus"
"Mitra Keluarga Grand Wisata","BEDAH UMUM","BESAR 1","Laparotomi Eksplorasi + Repair Ruptur Hepar"
"Mitra Keluarga Grand Wisata","BEDAH UMUM","BESAR 1","Laparotomi Eksplorasi + Reduksi Invaginasi tanpa Reseksi"
"Mitra Keluarga Grand Wisata","BEDAH UMUM","BESAR 1","Laparotomi Eksplorasi + Splenektomi"
"Mitra Keluarga Grand Wisata","BEDAH UMUM","BESAR 1","Laparotomi Eksplorasi + Splenoraphy"
"Mitra Keluarga Grand Wisata","BEDAH UMUM","BESAR 1","Laparotomi Kolesistektomi"
"Mitra Keluarga Grand Wisata","BEDAH UMUM","BESAR 1","Lumpektomi"
"Mitra Keluarga Grand Wisata","BEDAH UMUM","BESAR 1","Mastektomi Radikal Unilateral"
"Mitra Keluarga Grand Wisata","BEDAH UMUM","BESAR 1","Mastektomi Simple Unilateral"
"Mitra Keluarga Grand Wisata","BEDAH UMUM","BESAR 1","Mastektomi Subkutaneus"
"Mitra Keluarga Grand Wisata","BEDAH UMUM","BESAR 2","Parotidektomi Superfisial"
"Mitra Keluarga Grand Wisata","BEDAH UMUM","BESAR 2","Reduksi Invaginasi"
"Mitra Keluarga Grand Wisata","BEDAH UMUM","BESAR 2","Repair Hernia + Re - Anastomosis Usus"
"Mitra Keluarga Grand Wisata","BEDAH UMUM","BESAR 2","Repair Hernia + Reseksi Omentum"
"Mitra Keluarga Grand Wisata","BEDAH UMUM","BESAR 2","Repair Hernia Inguinal 1 Sisi + Ligasi Tinggi"
"Mitra Keluarga Grand Wisata","BEDAH UMUM","BESAR 2","Stapled Hemoroidopexy"
"Mitra Keluarga Grand Wisata","BEDAH UMUM","BESAR 2","Trombektomi"
"Mitra Keluarga Grand Wisata","BEDAH UMUM","BESAR 2","Wide Eksisi Soft Tissue Tumor + STSG"
"Mitra Keluarga Grand Wisata","BEDAH UMUM","BESAR 2","Ligasi Komunikan Varises"
"Mitra Keluarga Grand Wisata","BEDAH UMUM","BESAR 2","Repair Vl Kompleks Mukosa Bibir/ Rongga Mulut"
"Mitra Keluarga Grand Wisata","BEDAH UMUM","BESAR 2","Embolektomi Perifer"
"Mitra Keluarga Grand Wisata","BEDAH UMUM","BESAR 2","Hemiglossektomi"
"Mitra Keluarga Grand Wisata","BEDAH UMUM","BESAR 2","Rekonstruksi Vaskuler Perifer"
"Mitra Keluarga Grand Wisata","BEDAH UMUM","BESAR 2","Eksisi Luas + Rekonstruksi dengan Flap"
"Mitra Keluarga Grand Wisata","BEDAH UMUM","BESAR 2","Reseksi Usus dan Anastomosis"
"Mitra Keluarga Grand Wisata","BEDAH UMUM","BESAR 2","Splenektomi"
"Mitra Keluarga Grand Wisata","BEDAH UMUM","BESAR 2","Cholesistektomi"
"Mitra Keluarga Grand Wisata","BEDAH UMUM","BESAR 2","Haemoroid Stappler"
"Mitra Keluarga Grand Wisata","BEDAH UMUM","BESAR 2","Skleroterapi Hemoroid"
"Mitra Keluarga Grand Wisata","BEDAH UMUM","BESAR 2","Drainase Abses Hepar"
"Mitra Keluarga Grand Wisata","BEDAH UMUM","BESAR 2","Fistulektomi Metode Filac (Laser)"
"Mitra Keluarga Grand Wisata","BEDAH UMUM","BESAR 2","Laparotomi Eksplorasi + Repair Perforasi Gaster/ Duodenum"
"Mitra Keluarga Grand Wisata","BEDAH UMUM","BESAR 2","Laparoskopi Appendektomi dengan Penyulit (Perlengketan/ Infiltrat)"
"Mitra Keluarga Grand Wisata","BEDAH UMUM","BESAR 2","Laparotomi Kolesistektomi dengan Penyulit (Perlengketan/ Empyema Gb)"
"Mitra Keluarga Grand Wisata","BEDAH UMUM","BESAR 2","Repair Keloid dengan Flap"
"Mitra Keluarga Grand Wisata","BEDAH UMUM","BESAR 2","Repair Vl Wajah Kompleks"
"Mitra Keluarga Grand Wisata","BEDAH UMUM","BESAR 2","Laser Haemorhoidoplasty"
"Mitra Keluarga Grand Wisata","BEDAH UMUM","BESAR 2","Reseksi Kolektomi"
"Mitra Keluarga Grand Wisata","BEDAH UMUM","BESAR 2","Adhesiolisis Simple"
"Mitra Keluarga Grand Wisata","BEDAH UMUM","BESAR 2","Eksisi Gynecomastia Bilateral/ 2 Sisi"
"Mitra Keluarga Grand Wisata","BEDAH UMUM","BESAR 2","Hecting + Explorasi Luka Besar"
"Mitra Keluarga Grand Wisata","BEDAH UMUM","BESAR 2","Hemoroidektomi dengan Penyulit (Interna dan Eksterna, Trombus Sirkuler)"
"Mitra Keluarga Grand Wisata","BEDAH UMUM","BESAR 2","Herniotomi Dewasa Bilateral"
"Mitra Keluarga Grand Wisata","BEDAH UMUM","BESAR 2","Repair Omfalokel Besar"
"Mitra Keluarga Grand Wisata","BEDAH UMUM","BESAR 2","Tutup Kolostomi/ Ileostomi"
"Mitra Keluarga Grand Wisata","BEDAH UMUM","BESAR 2","Ileostomi"
"Mitra Keluarga Grand Wisata","BEDAH UMUM","BESAR 2","Kolostomi"
"Mitra Keluarga Grand Wisata","BEDAH UMUM","BESAR 2","Trakeostomi dengan Penyulit (Obese, Oedema)"
"Mitra Keluarga Grand Wisata","BEDAH UMUM","BESAR 2","Biopsi Eksisi dengan Penyulit"
"Mitra Keluarga Grand Wisata","BEDAH UMUM","BESAR 2","Evakuasi Fecaloma"
"Mitra Keluarga Grand Wisata","BEDAH UMUM","BESAR 2","Fasciotomy"
"Mitra Keluarga Grand Wisata","BEDAH UMUM","BESAR 2","Eksisi Hygroma"
"Mitra Keluarga Grand Wisata","BEDAH UMUM","BESAR 2","FILAC (Fistula Laser Closure) Kompleks/ Multiple"
"Mitra Keluarga Grand Wisata","BEDAH UMUM","BESAR 2","Lobectomy"
"Mitra Keluarga Grand Wisata","BEDAH UMUM","BESAR 2","Diseksi KGB Axilla"
"Mitra Keluarga Grand Wisata","BEDAH UMUM","BESAR 2","Diseksi KGB Inguinal"
"Mitra Keluarga Grand Wisata","BEDAH UMUM","BESAR 2","Duhamel Pull - Through"
"Mitra Keluarga Grand Wisata","BEDAH UMUM","BESAR 2","Duodenoduodenostomi"
"Mitra Keluarga Grand Wisata","BEDAH UMUM","BESAR 2","Duodenojejunostomi"
"Mitra Keluarga Grand Wisata","BEDAH UMUM","BESAR 2","Fundoplication"
"Mitra Keluarga Grand Wisata","BEDAH UMUM","BESAR 2","Gastrektomi Parsial (Billroth I)"
"Mitra Keluarga Grand Wisata","BEDAH UMUM","BESAR 2","Gastrektomi Parsial (Billroth II)"
"Mitra Keluarga Grand Wisata","BEDAH UMUM","BESAR 2","Hartman Procedure"
"Mitra Keluarga Grand Wisata","BEDAH UMUM","BESAR 2","Hepatik Portoenterostomi (Kasai)"
"Mitra Keluarga Grand Wisata","BEDAH UMUM","BESAR 2","Laparoskopi Eksplorasi + Adhesiolisis"
"Mitra Keluarga Grand Wisata","BEDAH UMUM","BESAR 2","Laparoskopi Eksplorasi + Drainase"
"Mitra Keluarga Grand Wisata","BEDAH UMUM","KHUSUS 1","Laparoskopi Inguinal Hernia Repair 2 Sisi"
"Mitra Keluarga Grand Wisata","BEDAH UMUM","KHUSUS 1","Laparoskopi Kolesistektomi"
"Mitra Keluarga Grand Wisata","BEDAH UMUM","KHUSUS 1","Laparotomi Eksplorasi + Adhesiolisis + Ileostomi"
"Mitra Keluarga Grand Wisata","BEDAH UMUM","KHUSUS 1","Laparotomi Eksplorasi + Adhesiolisis + Kolostomi"
"Mitra Keluarga Grand Wisata","BEDAH UMUM","KHUSUS 1","Laparotomi Eksplorasi + Hemikolektomi Dextra"
"Mitra Keluarga Grand Wisata","BEDAH UMUM","KHUSUS 1","Laparotomi Eksplorasi + Hemikolektomi Sinistra"
"Mitra Keluarga Grand Wisata","BEDAH UMUM","KHUSUS 1","Laparotomi Eksplorasi + Reseksi Anastomosis Sigmoid"
"Mitra Keluarga Grand Wisata","BEDAH UMUM","KHUSUS 1","Laparotomi Kolesistektomi + Eksplorasi CBD + T Tube"
"Mitra Keluarga Grand Wisata","BEDAH UMUM","KHUSUS 1","Low Anterior Resection"
"Mitra Keluarga Grand Wisata","BEDAH UMUM","KHUSUS 1","Miles Procedure"
"Mitra Keluarga Grand Wisata","BEDAH UMUM","KHUSUS 1","Modifikasi RND/ Functional Neck Dissection"
"Mitra Keluarga Grand Wisata","BEDAH UMUM","KHUSUS 1","Pankreatektomi Parsial"
"Mitra Keluarga Grand Wisata","BEDAH UMUM","KHUSUS 1","Parotidektomi Total"
"Mitra Keluarga Grand Wisata","BEDAH UMUM","KHUSUS 1","Pintasan Biliodigestif"
"Mitra Keluarga Grand Wisata","BEDAH UMUM","KHUSUS 1","Reseksi Hepar"
"Mitra Keluarga Grand Wisata","BEDAH UMUM","KHUSUS 1","Tiroidektomi Total"
"Mitra Keluarga Grand Wisata","BEDAH UMUM","KHUSUS 1","Tiroidektomi Total dengan Berry Picking"
"Mitra Keluarga Grand Wisata","BEDAH UMUM","KHUSUS 1","Transeksi/ Reseksi Esofagus"
"Mitra Keluarga Grand Wisata","BEDAH UMUM","KHUSUS 1","Whipple Procedure (Pankreatiko - Doudenektomi)"
"Mitra Keluarga Grand Wisata","BEDAH UMUM","KHUSUS 1","Laparotomi + Repair Hernia Diafragmatika"
"Mitra Keluarga Grand Wisata","BEDAH UMUM","KHUSUS 1","Torakotomi Darurat"
"Mitra Keluarga Grand Wisata","BEDAH UMUM","KHUSUS 1","Mastektomi Radikal Unilateral + Diseksi Axilla"
"Mitra Keluarga Grand Wisata","BEDAH UMUM","KHUSUS 1","Laparotomi Eksplorasi + Reseksi Anastomosis Usus"
"Mitra Keluarga Grand Wisata","BEDAH UMUM","KHUSUS 1","Reseksi Gaster (Billroth 1-2)"
"Mitra Keluarga Grand Wisata","BEDAH UMUM","KHUSUS 1","Hernia Diafragmatika"
"Mitra Keluarga Grand Wisata","BEDAH UMUM","KHUSUS 1","Laparoskopi Release Perlengketan"
"Mitra Keluarga Grand Wisata","BEDAH UMUM","KHUSUS 1","Adhesiolisis Kompleks"
"Mitra Keluarga Grand Wisata","BEDAH UMUM","KHUSUS 1","Laparotomi Eksplorasi Cbd"
"Mitra Keluarga Grand Wisata","BEDAH UMUM","KHUSUS 1","Eksisi Tumor Jinak Multiple (14 - 24 Buah)"
"Mitra Keluarga Grand Wisata","BEDAH UMUM","KHUSUS 1","Laparoskopi Ventral Hernia Repair Defek Besar dengan Penyulit"
"Mitra Keluarga Grand Wisata","BEDAH UMUM","KHUSUS 1","Gastrojejunostomi"
"Mitra Keluarga Grand Wisata","BEDAH UMUM","KHUSUS 1","Laparoskopi Hernia Repair dengan Penyulit"
"Mitra Keluarga Grand Wisata","BEDAH UMUM","KHUSUS 1","Laparatomy Eksisi Tumor Retro Peritoneal"
"Mitra Keluarga Grand Wisata","BEDAH UMUM","KHUSUS 1","Mastektomi Radikal Modifikasi"
"Mitra Keluarga Grand Wisata","BEDAH UMUM","KHUSUS 1","Reseksi Bula Paru"
"Mitra Keluarga Grand Wisata","BEDAH UMUM","KHUSUS 1","Kolektomi Total + Anastomosis Ileoanal"
"Mitra Keluarga Grand Wisata","BEDAH UMUM","KHUSUS 1","Laparoskopi Kolesistektomi + Eksplorasi CBD"
"Mitra Keluarga Grand Wisata","BEDAH UMUM","KHUSUS 1","Laparoskopi Kolorektal"
"Mitra Keluarga Grand Wisata","BEDAH UMUM","KHUSUS 1","Mastektomi Radikal Bilateral"
"Mitra Keluarga Grand Wisata","BEDAH UMUM","KHUSUS 1","Reduksi Invaginasi + Reseksi Segmen Usus"
"Mitra Keluarga Grand Wisata","BEDAH UMUM","KHUSUS 1","Laparotomi Eksplorasi + Debulking/ Bypass"
"Mitra Keluarga Grand Wisata","BEDAH UMUM","KHUSUS 1","Eksisi Tumor Jinak Multiple (> 25 Buah)"
"Mitra Keluarga Grand Wisata","BEDAH UMUM","KHUSUS 2","Laparotomi Hemikolektomi/ Sigmoidektomi dengan Penyulit"
"Mitra Keluarga Grand Wisata","BEDAH UMUM","KHUSUS 2","Bariatric of Surgery"
"Mitra Keluarga Grand Wisata","BEDAH UMUM","KHUSUS 2","Laparoskopi Kolesistektomi dengan Penyulit"
"Mitra Keluarga Grand Wisata","BEDAH UMUM","KHUSUS 2","Laparotomi Eksplorasi + Adhesiolisis + Appendiktomi"
"Mitra Keluarga Grand Wisata","BEDAH UMUM","KHUSUS 2","Laparaskopi Hemikolektomi/ Sigmoidektomi"
"Mitra Keluarga Grand Wisata","BEDAH UMUM","KHUSUS 2","Laparotomi Eksplorasi + Adhesiolisis + Repair Gaster"
"Mitra Keluarga Grand Wisata","BEDAH UMUM","KHUSUS 2","Laparotomi Eksplorasi + Reduksi Invaginasi + Reseksi Anastomosis"
"Mitra Keluarga Grand Wisata","MATA","KECIL","Angkat Jahitan Anak dengan Narkose"
"Mitra Keluarga Grand Wisata","MATA","KECIL","Ekstraksi Corpus Alineum Cornea"
"Mitra Keluarga Grand Wisata","MATA","KECIL","Insisi Chalazion"
"Mitra Keluarga Grand Wisata","MATA","KECIL","Insisi Hordeolum"
"Mitra Keluarga Grand Wisata","MATA","KECIL","Anel Sondase"
"Mitra Keluarga Grand Wisata","MATA","KECIL","Injeksi Intravitreal"
"Mitra Keluarga Grand Wisata","MATA","KECIL","Probing Duktus Nasolakrimalis"
"Mitra Keluarga Grand Wisata","MATA","KECIL","Ekstraksi Corpus Alineum Konjungtiva"
"Mitra Keluarga Grand Wisata","MATA","KECIL","Ekstraksi Corpus Alineum Palpebra"
"Mitra Keluarga Grand Wisata","MATA","KECIL","Ekstirpasi Lithiasis"
"Mitra Keluarga Grand Wisata","MATA","KECIL","Eksisi Pterigium + Konjungtivaplasti"
"Mitra Keluarga Grand Wisata","MATA","KECIL","Ekstirpasi Granuloma Multiple"
"Mitra Keluarga Grand Wisata","MATA","KECIL","Insisi Abses Palpebra"
"Mitra Keluarga Grand Wisata","MATA","KECIL","Insisi Abses Palpebra pada Anak"
"Mitra Keluarga Grand Wisata","MATA","KECIL","Aspirasi/ Irigasi/ Reformasi COA"
"Mitra Keluarga Grand Wisata","MATA","KECIL","Eksisi Pterigium"
"Mitra Keluarga Grand Wisata","MATA","KECIL","Eksisi Pterigium + CLG"
"Mitra Keluarga Grand Wisata","MATA","KECIL","Ekstirpasi Xantelasma"
"Mitra Keluarga Grand Wisata","MATA","KECIL","Repair Ruptur Konjungtiva < 1 cm"
"Mitra Keluarga Grand Wisata","MATA","KECIL","Repair Ruptur Palpebra"
"Mitra Keluarga Grand Wisata","MATA","KECIL","Reposisi IOL"
"Mitra Keluarga Grand Wisata","MATA","KECIL","Sekunder IOL"
"Mitra Keluarga Grand Wisata","MATA","SEDANG","Iridektomi"
"Mitra Keluarga Grand Wisata","MATA","SEDANG","Ekstirpasi Kista Konjungtiva"
"Mitra Keluarga Grand Wisata","MATA","SEDANG","ECCE/ SICS + Trabekulektomi + IOL"
"Mitra Keluarga Grand Wisata","MATA","SEDANG","Insisi Hordeolum/ Chalazion Anak dengan Narkose"
"Mitra Keluarga Grand Wisata","MATA","SEDANG","Aspirasi Sisa Korteks"
"Mitra Keluarga Grand Wisata","MATA","SEDANG","Autograf Konjungtiva"
"Mitra Keluarga Grand Wisata","MATA","SEDANG","Ekstraksi Corpus Alineum dengan Komplikasi"
"Mitra Keluarga Grand Wisata","MATA","SEDANG","Ekstirpasi Tumor Kecil Palpebra"
"Mitra Keluarga Grand Wisata","MATA","SEDANG","ECCE/ ICCE/ SICS"
"Mitra Keluarga Grand Wisata","MATA","SEDANG","Repair Ruptur Palpebra (dengan Rupture Canalis Lacrimalis)"
"Mitra Keluarga Grand Wisata","MATA","SEDANG","Phacoemulsifikasi I"
"Mitra Keluarga Grand Wisata","MATA","SEDANG","Repair Entropion"
"Mitra Keluarga Grand Wisata","MATA","SEDANG","Repair Ektropion"
"Mitra Keluarga Grand Wisata","MATA","BESAR 1","Repair Strabismus"
"Mitra Keluarga Grand Wisata","MATA","BESAR 1","Trabekulektomi"
"Mitra Keluarga Grand Wisata","MATA","BESAR 1","Repair Entropion dan Ektropion"
"Mitra Keluarga Grand Wisata","MATA","BESAR 1","Repair Ruptur Palpebra Luas"
"Mitra Keluarga Grand Wisata","MATA","BESAR 1","Ektirpasi Granuloma"
"Mitra Keluarga Grand Wisata","MATA","BESAR 1","Eviserasi + DFG"
"Mitra Keluarga Grand Wisata","MATA","BESAR 2","Repair of Laceration, Cornea and/ or Sclera, Perforating"
"Mitra Keluarga Grand Wisata","MATA","BESAR 2","Repair of Laceration, Cornea, non Perforating"
"Mitra Keluarga Grand Wisata","MATA","BESAR 2","Blepharoplasti 1 Mata"
"Mitra Keluarga Grand Wisata","MATA","BESAR 2","Eviserasi Bulbi"
"Mitra Keluarga Grand Wisata","MATA","BESAR 2","Enukleasi Bulbi"
"Mitra Keluarga Grand Wisata","MATA","BESAR 2","Enukleasi + DFG"
"Mitra Keluarga Grand Wisata","MATA","BESAR 2","Repair Ruptur Palpebra Luas + Skin Graft"
"Mitra Keluarga Grand Wisata","MATA","BESAR 2","ICCE + Trabekulektomi (Double Procedure)"
"Mitra Keluarga Grand Wisata","MATA","BESAR 2","Rekonstruksi Ptosis"
"Mitra Keluarga Grand Wisata","MATA","BESAR 2","Dakriosistorinostomi"
"Mitra Keluarga Grand Wisata","MATA","BESAR 2","Extended Eksenterasi"
"Mitra Keluarga Grand Wisata","MATA","BESAR 2","Keratoplasti"
"Mitra Keluarga Grand Wisata","MATA","BESAR 2","Orbital Dekompresi"
"Mitra Keluarga Grand Wisata","MATA","BESAR 2","Vitrektomi"
"Mitra Keluarga Grand Wisata","MATA","KHUSUS 1","Orbitotomi"
"Mitra Keluarga Grand Wisata","MATA","KHUSUS 1","Phacoemulsifikasi + Trabekulektomi + IOL"
"Mitra Keluarga Grand Wisata","MATA","KHUSUS 1","Ablatio Retina"
"Mitra Keluarga Grand Wisata","MATA","KHUSUS 1","Vitrektomi + Ekstraksi Corpus Alineum Intra Ocular"
"Mitra Keluarga Grand Wisata","MATA","KHUSUS 1","Pneumopexy/ Silikon + Scleral Buckle"
"Mitra Keluarga Grand Wisata","GIGI","KECIL","Windowing"
"Mitra Keluarga Grand Wisata","GIGI","KECIL","Frenektomi Labialis"
"Mitra Keluarga Grand Wisata","GIGI","KECIL","Perawatan 1 - 7 Gigi Sulung (Penambalan GIC/ Komposit/ Ekstraksi Gigi/ PSA 1 Visit/ Scalling)"
"Mitra Keluarga Grand Wisata","GIGI","SEDANG","Perawatan 1 - 7 Gigi Tetap (Penambalan GIC/ Komposit/ Ekstraksi Gigi/ PSA 1 Visit Gigi Anterior/ Scalling)"
"Mitra Keluarga Grand Wisata","GIGI","SEDANG","Perawatan 8 - 14 Gigi Sulung (Penambalan GIC/ Komposit/ Ekstraksi Gigi/ PSA 1 Visit/ Scalling)"
"Mitra Keluarga Grand Wisata","GIGI","BESAR 1","Perawatan 8 - 14 Gigi Tetap (Penambalan GIC/ Komposit/ Ekstraksi Gigi/ PSA 1 Visit Gigi Posterior/ Scalling)"
"Mitra Keluarga Grand Wisata","GIGI","BESAR 1","Full Mouth Preparation (Tindakan pada Seluruh Gigi Sulung/ Tetap atau Lebih dari 14 Gigi)"
"Mitra Keluarga Grand Wisata","GIGI","BESAR 2","Frenektomi Lingualis"
"Mitra Keluarga Grand Wisata","GIGI","KHUSUS 1","Full Mouth Preparation (Tindakan pada Seluruh Gigi Disertai Pembedahan Jaringan Lunak Lain Seperti Flenektomi/ Gaingivektomi/ Eksisi Epulis)"
"Mitra Keluarga Grand Wisata","BEDAH MULUT","KECIL","Alveolektomi 1 Segmen"
"Mitra Keluarga Grand Wisata","BEDAH MULUT","KECIL","Ekstirpasi Mucocel"
"Mitra Keluarga Grand Wisata","BEDAH MULUT","KECIL","Ekstraksi 1 - 2 gigi"
"Mitra Keluarga Grand Wisata","BEDAH MULUT","KECIL","Insisi Abses Intra Oral"
"Mitra Keluarga Grand Wisata","BEDAH MULUT","KECIL","Operkulektomi"
"Mitra Keluarga Grand Wisata","BEDAH MULUT","KECIL","Eksisi Biopsi Tumor Jinak"
"Mitra Keluarga Grand Wisata","BEDAH MULUT","KECIL","Hecting 1 - 2"
"Mitra Keluarga Grand Wisata","BEDAH MULUT","KECIL","Alveolektomi 2 Segmen"
"Mitra Keluarga Grand Wisata","BEDAH MULUT","KECIL","Apex Resection 1 Akar"
"Mitra Keluarga Grand Wisata","BEDAH MULUT","KECIL","Biopsi Insisi"
"Mitra Keluarga Grand Wisata","BEDAH MULUT","KECIL","Debridement"
"Mitra Keluarga Grand Wisata","BEDAH MULUT","KECIL","Eksisi Tumor Kecil"
"Mitra Keluarga Grand Wisata","BEDAH MULUT","KECIL","Ekstraksi 3 - 5 Gigi"
"Mitra Keluarga Grand Wisata","BEDAH MULUT","KECIL","Insisi Abses Ekstra Oral"
"Mitra Keluarga Grand Wisata","BEDAH MULUT","KECIL","Kuretase 1 segmen"
"Mitra Keluarga Grand Wisata","BEDAH MULUT","KECIL","Aff Archbar"
"Mitra Keluarga Grand Wisata","BEDAH MULUT","SEDANG","Debridement Fraktur Dentoalveolar 1 Rahang"
"Mitra Keluarga Grand Wisata","BEDAH MULUT","SEDANG","Eksisi Biopsi Tumor Jinak + Multiple Ekstraksi Gigi"
"Mitra Keluarga Grand Wisata","BEDAH MULUT","SEDANG","Hecting > = 2"
"Mitra Keluarga Grand Wisata","BEDAH MULUT","SEDANG","Aff Implant"
"Mitra Keluarga Grand Wisata","BEDAH MULUT","SEDANG","Repair Soft Tissue"
"Mitra Keluarga Grand Wisata","BEDAH MULUT","SEDANG","Reposisi Temporomandibular Joint"
"Mitra Keluarga Grand Wisata","BEDAH MULUT","SEDANG","Oroantral Fistula Buccal Flap Closure"
"Mitra Keluarga Grand Wisata","BEDAH MULUT","SEDANG","Aff Fiksasi Maksila + Mandibula"
"Mitra Keluarga Grand Wisata","BEDAH MULUT","SEDANG","Biopsi Intra Bon/ Tumor Jinak"
"Mitra Keluarga Grand Wisata","BEDAH MULUT","SEDANG","Alveolektomi > 2 Segmen"
"Mitra Keluarga Grand Wisata","BEDAH MULUT","SEDANG","Apex Resection 2 Akar"
"Mitra Keluarga Grand Wisata","BEDAH MULUT","SEDANG","Apex Resection > 2 Akar"
"Mitra Keluarga Grand Wisata","BEDAH MULUT","SEDANG","Blok Reseksi"
"Mitra Keluarga Grand Wisata","BEDAH MULUT","SEDANG","Eksisi Tumor Besar"
"Mitra Keluarga Grand Wisata","BEDAH MULUT","SEDANG","Ekstraksi 6 - 10 Gigi"
"Mitra Keluarga Grand Wisata","BEDAH MULUT","SEDANG","Enukleasi Kista Sederhana"
"Mitra Keluarga Grand Wisata","BEDAH MULUT","SEDANG","Frenektomi"
"Mitra Keluarga Grand Wisata","BEDAH MULUT","BESAR 1","Gingivektomi"
"Mitra Keluarga Grand Wisata","BEDAH MULUT","BESAR 1","Insisi Abses dan Drainase dengan Penyulit"
"Mitra Keluarga Grand Wisata","BEDAH MULUT","BESAR 1","Odontektomi 1 Gigi"
"Mitra Keluarga Grand Wisata","BEDAH MULUT","BESAR 1","Reposisi Fiksasi dengan Arch Bar"
"Mitra Keluarga Grand Wisata","BEDAH MULUT","BESAR 1","Debridement Fraktur Dentoalveolar 2 Rahang"
"Mitra Keluarga Grand Wisata","BEDAH MULUT","BESAR 1","Fraktur Reduksi Tertutup"
"Mitra Keluarga Grand Wisata","BEDAH MULUT","BESAR 1","Palatal Flap"
"Mitra Keluarga Grand Wisata","BEDAH MULUT","BESAR 1","Bone graft"
"Mitra Keluarga Grand Wisata","BEDAH MULUT","BESAR 2","Ekstraksi > 10 Gigi"
"Mitra Keluarga Grand Wisata","BEDAH MULUT","BESAR 2","Enukleasi Tumor Tulang"
"Mitra Keluarga Grand Wisata","BEDAH MULUT","BESAR 2","OAF (Oro-Antral Fistula) Closure"
"Mitra Keluarga Grand Wisata","BEDAH MULUT","BESAR 2","Odontektomi 2 gigi"
"Mitra Keluarga Grand Wisata","BEDAH MULUT","BESAR 2","Operasi Caldwell Luc"
"Mitra Keluarga Grand Wisata","BEDAH MULUT","BESAR 2","Replantasi Gigi"
"Mitra Keluarga Grand Wisata","BEDAH MULUT","BESAR 2","Sinus Lift Surgery"
"Mitra Keluarga Grand Wisata","BEDAH MULUT","BESAR 2","Ekstraksi Batu Kelenjar Liur"
"Mitra Keluarga Grand Wisata","BEDAH MULUT","BESAR 2","Enukleasi Kista Kompleks"
"Mitra Keluarga Grand Wisata","BEDAH MULUT","BESAR 2","Blok Reseksi Tumor Jinak"
"Mitra Keluarga Grand Wisata","BEDAH MULUT","BESAR 2","Kuretase Radikal Tumor Jinak"
"Mitra Keluarga Grand Wisata","BEDAH MULUT","BESAR 2","Enukleasi Kista Sedang"
"Mitra Keluarga Grand Wisata","BEDAH MULUT","BESAR 2","Reposisi Fiksasi dengan Mini Plate"
"Mitra Keluarga Grand Wisata","BEDAH MULUT","BESAR 2","Dental Implant"
"Mitra Keluarga Grand Wisata","BEDAH MULUT","BESAR 2","Malunion dan Non Union Fraktur"
"Mitra Keluarga Grand Wisata","BEDAH MULUT","BESAR 2","Odontektomi 3 gigi"
"Mitra Keluarga Grand Wisata","BEDAH MULUT","KHUSUS 1","Reseksi Mandibula"
"Mitra Keluarga Grand Wisata","BEDAH MULUT","KHUSUS 1","Fraktur Reduksi Terbuka"
"Mitra Keluarga Grand Wisata","BEDAH MULUT","KHUSUS 1","Odontektomi 3 - 4 atau Lebih Kasus Sulit"
"Mitra Keluarga Grand Wisata","BEDAH MULUT","KHUSUS 1","Insersi Implant > 2 Gigi/ Multiple Implant"
